account_id,queue,status,changed_datetime
26686,PAYING,PAY PROP,2024-11-26T06:57:35.000000
48388,OTHER,ARCHIVED,2024-11-26T09:28:43.000000
81634,COLLECTIONS,CANCEL2,2024-11-26T12:58:14.000000
39776,INSOLVENCY,INS4,2024-11-26T17:07:59.000000
70437,LEGAL,LEG VERIF 2,2024-11-26T19:00:23.000000
25635,INSOLVENCY,INSP,2024-11-26T19:32:46.000000
72278,INSOLVENCY,INS1,2024-11-26T22:13:34.000000
43314,INSOLVENCY,INSP,2024-11-27T06:41:53.000000
77262,LEGAL,LEG VERIF 2,2024-11-27T07:41:52.000000
68484,OTHER,ARCHIVED,2024-11-27T11:53:56.000000
54341,LEGAL,HOLD FO,2024-11-27T19:35:04.000000
25733,PAYING,PAY CURR,2024-11-28T04:59:29.000000
83776,PAYING,PAY PROP,2024-11-28T05:33:24.000000
10506,OTHER,ARCHIVED,2024-11-28T08:48:22.000000
54275,COLLECTIONS,CANCEL4,2024-11-28T09:07:14.000000
78353,OTHER,ARCHIVED,2024-11-28T11:22:51.000000
91558,SETTLED,SETTLED,2024-11-28T13:43:13.000000
85922,OTHER,ARCHIVED,2024-11-28T13:44:20.000000
44476,TRACE,GONEAWAY,2024-11-28T14:22:21.000000
15757,SETTLED,SETTLED,2024-11-28T18:54:01.000000
55044,LEGAL,HOLD FO,2024-11-28T21:48:08.000000
26918,INSOLVENCY,INS4,2024-11-29T01:47:00.000000
11916,COLLECTIONS,TELSOLUTIONS1,2024-11-29T02:09:58.000000
91710,PAYING,PAY PROP,2024-11-29T05:26:17.000000
15004,INSOLVENCY,INS4,2024-11-29T05:49:49.000000
40659,OTHER,ARCHIVED,2024-11-29T09:20:04.000000
98254,SETTLED,SETTLED,2024-11-29T13:34:57.000000
43882,INSOLVENCY,INS4,2024-11-29T16:10:13.000000
54718,SETTLED,SETTLED,2024-11-29T23:12:43.000000
61582,OTHER,ARCHIVED,2024-11-30T04:26:35.000000
60011,COLLECTIONS,PAY OVER,2024-11-30T05:51:55.000000
94400,INSOLVENCY,INS1,2024-11-30T07:00:32.000000
92221,INSOLVENCY,INSP,2024-11-30T13:17:39.000000
46992,SETTLED,SETTLED,2024-11-30T16:28:16.000000
91142,COLLECTIONS,TELSOLUTIONS1,2024-11-30T20:25:26.000000
46155,PAYING,PAY PROP,2024-12-01T09:29:46.000000
88654,SETTLED,SETTLED,2024-12-01T10:46:13.000000
19372,COLLECTIONS,PAY OVER,2024-12-01T12:24:11.000000
58984,TRACE,GONEAWAY,2024-12-02T02:15:04.000000
49823,INSOLVENCY,INS3,2024-12-02T07:36:50.000000
54296,OTHER,ARCHIVED,2024-12-02T18:01:12.000000
44286,INSOLVENCY,INS4,2024-12-03T01:32:11.000000
11449,LEGAL,LEG_TIT,2024-12-03T02:47:12.000000
33347,TRACE,GONEAWAY,2024-12-03T03:01:11.000000
19523,TRACE,GONEAWAY,2024-12-03T03:44:51.000000
78353,PAYING,PAY PROP,2024-12-03T04:45:24.000000
77262,PAYING,PAY CURR,2024-12-03T04:48:07.000000
44502,INSOLVENCY,INS2,2024-12-03T05:18:48.000000
89313,SETTLED,SETTLED,2024-12-03T05:33:39.000000
19675,COLLECTIONS,TELSOLUTIONS4,2024-12-03T05:56:58.000000
83943,TRACE,GONEAWAY,2024-12-03T07:53:00.000000
68861,COLLECTIONS,PRIME,2024-12-03T10:56:05.000000
53017,OTHER,ARCHIVED,2024-12-03T10:57:38.000000
55992,TRACE,GONEAWAY,2024-12-03T11:53:00.000000
53016,INSOLVENCY,INS4,2024-12-03T13:23:34.000000
81634,SETTLED,SETTLED,2024-12-03T18:01:26.000000
10474,PAYING,PAY PROP,2024-12-03T21:58:38.000000
95274,PAYING,PAY PROP,2024-12-04T01:17:25.000000
47933,COLLECTIONS,CANCEL2,2024-12-04T02:05:39.000000
19099,LEGAL,LEG VERIF 1,2024-12-04T02:48:06.000000
39629,TRACE,GONEAWAY,2024-12-04T04:38:16.000000
39776,OTHER,ARCHIVED,2024-12-04T04:51:45.000000
25635,SETTLED,SETTLED,2024-12-04T06:04:23.000000
28442,SETTLED,SETTLED,2024-12-04T06:46:58.000000
95324,SETTLED,SETTLED,2024-12-04T07:28:52.000000
98172,OTHER,ARCHIVED,2024-12-04T09:47:48.000000
27789,INSOLVENCY,INS2,2024-12-04T11:51:01.000000
59344,COLLECTIONS,PRIME_D,2024-12-04T13:08:43.000000
31233,TRACE,GONEAWAY,2024-12-04T16:46:12.000000
42494,PAYING,PAY CURR,2024-12-04T21:20:29.000000
93257,OTHER,ARCHIVED,2024-12-04T21:28:28.000000
28382,OTHER,ARCHIVED,2024-12-04T21:30:11.000000
91658,OTHER,ARCHIVED,2024-12-04T22:52:25.000000
69791,PAYING,PAY CURR,2024-12-05T08:24:37.000000
41546,TRACE,GONEAWAY,2024-12-05T12:18:39.000000
65559,PAYING,PAY CURR,2024-12-05T15:56:46.000000
13787,COLLECTIONS,PRIME_D,2024-12-05T21:42:38.000000
83652,INSOLVENCY,INS1,2024-12-05T23:26:50.000000
71125,COLLECTIONS,TELSOLUTIONS4,2024-12-06T02:19:06.000000
35227,INSOLVENCY,INS3,2024-12-06T06:41:49.000000
17413,INSOLVENCY,INSP,2024-12-06T09:42:02.000000
38921,TRACE,GONEAWAY,2024-12-06T09:47:25.000000
95230,OTHER,ARCHIVED,2024-12-06T10:01:28.000000
13861,LEGAL,LEG_TIT,2024-12-06T13:46:16.000000
21707,PAYING,PAY PROP,2024-12-06T17:21:08.000000
13206,OTHER,ARCHIVED,2024-12-07T05:39:57.000000
42494,PAYING,PAY CURR,2024-12-07T06:46:49.000000
15248,PAYING,PAY PROP,2024-12-07T07:20:00.000000
95291,SETTLED,SETTLED,2024-12-07T09:39:41.000000
84640,SETTLED,SETTLED,2024-12-07T13:53:47.000000
95157,TRACE,GONEAWAY,2024-12-07T16:21:44.000000
79792,PAYING,PAY PROP,2024-12-07T17:55:30.000000
98794,OTHER,ARCHIVED,2024-12-07T20:06:25.000000
90869,COLLECTIONS,PRIME_D,2024-12-09T03:38:16.000000
88654,COLLECTIONS,PRIME,2024-12-09T03:44:28.000000
39313,COLLECTIONS,CASSIST2,2024-12-09T04:43:32.000000
21453,PAYING,PAY PROP,2024-12-09T05:34:38.000000
60001,LEGAL,LEG_NOT,2024-12-09T05:46:20.000000
77917,COLLECTIONS,CASSIST2,2024-12-09T06:27:15.000000
10474,LEGAL,LEG_TIT,2024-12-09T06:30:53.000000
95230,COLLECTIONS,CANCEL2,2024-12-09T07:57:15.000000
63848,OTHER,ARCHIVED,2024-12-09T08:03:15.000000
55047,COLLECTIONS,PRIME_D,2024-12-09T11:11:47.000000
58434,TRACE,GONEAWAY,2024-12-09T13:30:20.000000
54718,LEGAL,LEG VERIF 2,2024-12-09T13:31:07.000000
41546,SETTLED,SETTLED,2024-12-09T17:06:17.000000
99694,SETTLED,SETTLED,2024-12-09T17:13:05.000000
77521,COLLECTIONS,PRIME_D,2024-12-09T18:26:32.000000
42247,OTHER,ARCHIVED,2024-12-09T19:50:30.000000
50973,COLLECTIONS,CANCEL2,2024-12-09T20:07:28.000000
91099,OTHER,ARCHIVED,2024-12-09T23:10:08.000000
61934,TRACE,GONEAWAY,2024-12-09T23:17:09.000000
16077,LEGAL,HOLD FO,2024-12-09T23:29:31.000000
46986,PAYING,PAY CURR,2024-12-10T00:36:00.000000
57074,PAYING,PAY CURR,2024-12-10T03:25:00.000000
66138,INSOLVENCY,INSP,2024-12-10T03:51:00.000000
13883,INSOLVENCY,INS1,2024-12-10T04:15:00.000000
62345,LEGAL,LEG_NOT,2024-12-10T04:35:00.000000
72278,LEGAL,HOLD FO,2024-12-10T10:10:00.000000
94956,INSOLVENCY,INS2,2024-12-10T14:03:00.000000
55047,INSOLVENCY,INS4,2024-12-10T14:54:00.000000
29836,PAYING,PAY PROP,2024-12-10T15:34:00.000000
13057,INSOLVENCY,INS2,2024-12-10T15:47:00.000000
18486,PAYING,PAY PROP,2024-12-10T19:39:00.000000
13664,PAYING,PAY PROP,2024-12-10T20:55:00.000000
99999,LEGAL,LEG_NOT,2024-12-10T21:55:00.000000
63538,INSOLVENCY,INS4,2024-12-11T02:13:04.000000
34223,TRACE,GONEAWAY,2024-12-11T04:51:19.000000
39966,PAYING,PAY CURR,2024-12-11T07:39:02.000000
57074,OTHER,ARCHIVED,2024-12-11T12:23:25.000000
46662,PAYING,PAY PROP,2024-12-11T20:00:05.000000
14671,SETTLED,SETTLED,2024-12-11T22:02:39.000000
32998,LEGAL,LEG_TIT,2024-12-12T00:54:40.000000
98254,PAYING,PAY PROP,2024-12-12T06:33:41.000000
91678,PAYING,PAY PROP,2024-12-12T08:32:27.000000
94751,SETTLED,SETTLED,2024-12-12T14:25:38.000000
39643,INSOLVENCY,INS4,2024-12-12T14:45:45.000000
97918,PAYING,PAY PROP,2024-12-12T15:05:37.000000
27789,INSOLVENCY,INS3,2024-12-12T17:01:55.000000
33057,PAYING,PAY CURR,2024-12-12T20:18:32.000000
14567,LEGAL,LEG_NOT,2024-12-12T20:32:38.000000
25726,INSOLVENCY,INS3,2024-12-12T20:34:17.000000
74670,SETTLED,SETTLED,2024-12-12T20:58:15.000000
11254,SETTLED,SETTLED,2024-12-12T21:42:49.000000
18838,LEGAL,LEG VERIF 1,2024-12-12T23:02:22.000000
16077,SETTLED,SETTLED,2024-12-12T23:49:31.000000
93774,INSOLVENCY,INS1,2024-12-12T23:56:58.000000
64136,OTHER,ARCHIVED,2024-12-13T00:21:57.000000
70219,OTHER,ARCHIVED,2024-12-13T05:17:29.000000
45153,INSOLVENCY,INSP,2024-12-13T06:16:25.000000
39966,COLLECTIONS,CANCEL4,2024-12-13T14:25:32.000000
85441,TRACE,GONEAWAY,2024-12-13T19:42:37.000000
21489,TRACE,GONEAWAY,2024-12-13T19:45:45.000000
94714,INSOLVENCY,INS3,2024-12-13T23:35:01.000000
18486,OTHER,ARCHIVED,2024-12-13T23:53:10.000000
13787,LEGAL,LEG VERIF 1,2024-12-14T02:23:10.000000
54718,TRACE,GONEAWAY,2024-12-14T07:26:50.000000
53017,OTHER,ARCHIVED,2024-12-14T10:03:43.000000
95324,OTHER,ARCHIVED,2024-12-14T10:53:54.000000
72340,INSOLVENCY,INSP,2024-12-14T14:36:56.000000
59940,OTHER,ARCHIVED,2024-12-14T23:17:55.000000
66216,PAYING,PAY PROP,2024-12-15T00:15:44.000000
43314,SETTLED,SETTLED,2024-12-15T01:49:34.000000
60840,SETTLED,SETTLED,2024-12-15T02:35:33.000000
75723,OTHER,ARCHIVED,2024-12-15T02:43:13.000000
40540,COLLECTIONS,PRIME_D,2024-12-15T03:08:10.000000
52087,COLLECTIONS,PRIME_D,2024-12-15T03:16:54.000000
19523,SETTLED,SETTLED,2024-12-15T04:05:18.000000
73732,TRACE,GONEAWAY,2024-12-15T06:00:59.000000
47543,OTHER,ARCHIVED,2024-12-15T06:26:28.000000
25635,COLLECTIONS,TELSOLUTIONS4,2024-12-15T08:34:22.000000
13989,SETTLED,SETTLED,2024-12-15T09:32:24.000000
61934,COLLECTIONS,CANCEL4,2024-12-15T11:08:45.000000
86013,LEGAL,LEG_TIT,2024-12-15T12:58:30.000000
21698,SETTLED,SETTLED,2024-12-15T13:46:12.000000
57417,SETTLED,SETTLED,2024-12-15T14:37:47.000000
23382,LEGAL,HOLD FO,2024-12-15T15:14:48.000000
46494,TRACE,GONEAWAY,2024-12-15T18:36:57.000000
17413,OTHER,ARCHIVED,2024-12-15T23:15:29.000000
55044,TRACE,GONEAWAY,2024-12-15T23:56:20.000000
70629,OTHER,ARCHIVED,2024-12-16T01:46:21.000000
93496,COLLECTIONS,CANCEL2,2024-12-16T01:48:19.000000
86086,OTHER,ARCHIVED,2024-12-16T02:12:18.000000
17821,OTHER,ARCHIVED,2024-12-16T04:19:26.000000
27543,PAYING,PAY PROP,2024-12-16T04:56:15.000000
62345,TRACE,GONEAWAY,2024-12-16T05:05:32.000000
78353,LEGAL,LEG_TIT,2024-12-16T05:22:51.000000
89176,OTHER,ARCHIVED,2024-12-16T08:33:58.000000
13124,PAYING,PAY CURR,2024-12-16T09:30:22.000000
22367,SETTLED,SETTLED,2024-12-16T09:40:29.000000
74428,LEGAL,LEG_TIT,2024-12-16T11:26:37.000000
65559,INSOLVENCY,INSP,2024-12-16T14:24:39.000000
39629,TRACE,GONEAWAY,2024-12-16T15:57:37.000000
60001,COLLECTIONS,PRIME_D,2024-12-16T18:41:00.000000
47450,SETTLED,SETTLED,2024-12-16T20:40:31.000000
60011,LEGAL,LEG VERIF 2,2024-12-16T21:11:38.000000
68126,SETTLED,SETTLED,2024-12-16T21:43:01.000000
37988,SETTLED,SETTLED,2024-12-16T21:55:50.000000
63848,PAYING,PAY PROP,2024-12-16T23:50:35.000000
97661,OTHER,ARCHIVED,2024-12-17T01:04:19.000000
87813,PAYING,PAY PROP,2024-12-17T02:14:04.000000
78078,TRACE,GONEAWAY,2024-12-17T02:49:07.000000
47103,PAYING,PAY PROP,2024-12-17T04:32:03.000000
47103,OTHER,ARCHIVED,2024-12-17T05:59:56.000000
58984,COLLECTIONS,PRIME,2024-12-17T06:38:42.000000
37628,INSOLVENCY,INS1,2024-12-17T12:05:11.000000
31658,LEGAL,HOLD FO,2024-12-17T15:37:23.000000
88060,OTHER,ARCHIVED,2024-12-17T16:18:39.000000
54296,TRACE,GONEAWAY,2024-12-17T21:02:59.000000
25000,COLLECTIONS,CANCEL2,2024-12-17T21:53:49.000000
31172,PAYING,PAY CURR,2024-12-18T00:48:26.000000
64246,OTHER,ARCHIVED,2024-12-18T01:50:06.000000
21453,SETTLED,SETTLED,2024-12-18T03:16:25.000000
91435,TRACE,GONEAWAY,2024-12-18T03:56:28.000000
21415,TRACE,GONEAWAY,2024-12-18T04:42:53.000000
52697,SETTLED,SETTLED,2024-12-18T06:34:38.000000
39966,INSOLVENCY,INS3,2024-12-18T06:38:10.000000
75042,INSOLVENCY,INS2,2024-12-18T07:56:41.000000
75042,OTHER,ARCHIVED,2024-12-18T09:48:36.000000
18838,TRACE,GONEAWAY,2024-12-18T11:11:18.000000
84256,LEGAL,LEG_NOT,2024-12-18T12:44:05.000000
20507,INSOLVENCY,INSP,2024-12-18T13:50:23.000000
34108,COLLECTIONS,CANCEL2,2024-12-18T14:02:14.000000
11254,LEGAL,HOLD FO,2024-12-18T15:58:54.000000
91678,COLLECTIONS,CANCEL2,2024-12-18T16:09:48.000000
58434,SETTLED,SETTLED,2024-12-18T18:23:51.000000
45495,INSOLVENCY,INS3,2024-12-18T22:09:40.000000
22047,INSOLVENCY,INS2,2024-12-18T23:02:40.000000
91712,INSOLVENCY,INS3,2024-12-19T05:51:49.000000
77145,LEGAL,LEG_NOT,2024-12-19T06:10:15.000000
13664,LEGAL,LEG_TIT,2024-12-19T06:17:25.000000
57663,INSOLVENCY,INS1,2024-12-19T12:43:42.000000
26686,LEGAL,LEG_NOT,2024-12-19T13:17:05.000000
55047,INSOLVENCY,INS4,2024-12-19T13:33:01.000000
64246,COLLECTIONS,PRIME_D,2024-12-19T16:15:54.000000
33057,PAYING,PAY PROP,2024-12-19T16:50:52.000000
30496,LEGAL,LEG_TIT,2024-12-19T16:51:02.000000
94751,OTHER,ARCHIVED,2024-12-19T16:54:27.000000
99755,SETTLED,SETTLED,2024-12-19T18:01:15.000000
67443,COLLECTIONS,PAY OVER,2024-12-19T18:29:47.000000
39175,COLLECTIONS,CANCEL4,2024-12-20T03:22:57.000000
52219,COLLECTIONS,CANCEL4,2024-12-20T04:59:56.000000
77395,INSOLVENCY,INS4,2024-12-20T05:10:21.000000
91001,COLLECTIONS,CASSIST2,2024-12-20T05:16:06.000000
47857,LEGAL,HOLD FO,2024-12-20T07:26:50.000000
82789,PAYING,PAY CURR,2024-12-20T08:02:19.000000
67303,COLLECTIONS,TELSOLUTIONS1,2024-12-20T10:40:54.000000
59344,LEGAL,LEG VERIF 1,2024-12-20T11:18:22.000000
31527,PAYING,PAY PROP,2024-12-20T11:33:17.000000
67701,COLLECTIONS,TELSOLUTIONS4,2024-12-20T13:32:53.000000
27800,OTHER,ARCHIVED,2024-12-20T14:13:52.000000
71914,INSOLVENCY,INSP,2024-12-20T16:18:00.000000
39776,LEGAL,LEG VERIF 2,2024-12-20T17:33:52.000000
31658,TRACE,GONEAWAY,2024-12-20T19:51:20.000000
95157,LEGAL,LEG_NOT,2024-12-20T19:54:54.000000
28382,LEGAL,LEG VERIF 1,2024-12-20T21:45:17.000000
93809,INSOLVENCY,INSP,2024-12-21T06:44:12.000000
55200,INSOLVENCY,INS3,2024-12-21T08:58:33.000000
27620,LEGAL,HOLD FO,2024-12-21T09:14:40.000000
43108,OTHER,ARCHIVED,2024-12-22T01:00:21.000000
65559,PAYING,PAY CURR,2024-12-22T04:59:20.000000
79521,INSOLVENCY,INS2,2024-12-22T08:27:27.000000
31233,LEGAL,HOLD FO,2024-12-22T10:44:51.000000
99755,PAYING,PAY PROP,2024-12-22T10:52:11.000000
59505,COLLECTIONS,CANCEL4,2024-12-22T12:08:07.000000
32832,SETTLED,SETTLED,2024-12-22T12:30:09.000000
45539,INSOLVENCY,INS3,2024-12-22T17:47:41.000000
55047,INSOLVENCY,INS1,2024-12-22T17:52:11.000000
64713,SETTLED,SETTLED,2024-12-22T22:45:14.000000
35504,PAYING,PAY PROP,2024-12-23T03:29:15.000000
24815,INSOLVENCY,INS4,2024-12-23T11:14:36.000000
63848,PAYING,PAY CURR,2024-12-23T14:06:00.000000
19986,INSOLVENCY,INS2,2024-12-23T15:07:26.000000
83943,SETTLED,SETTLED,2024-12-23T15:45:13.000000
55200,COLLECTIONS,CASSIST2,2024-12-23T20:20:04.000000
85173,INSOLVENCY,INSP,2024-12-23T20:21:31.000000
64246,PAYING,PAY PROP,2024-12-24T00:12:26.000000
66463,PAYING,PAY CURR,2024-12-24T00:32:10.000000
92889,INSOLVENCY,INS3,2024-12-24T05:18:03.000000
97280,SETTLED,SETTLED,2024-12-24T06:26:49.000000
40198,LEGAL,LEG_NOT,2024-12-24T09:39:26.000000
55047,TRACE,GONEAWAY,2024-12-24T18:10:32.000000
44502,TRACE,GONEAWAY,2024-12-24T19:45:29.000000
71048,SETTLED,SETTLED,2024-12-24T20:03:02.000000
97918,COLLECTIONS,CANCEL2,2024-12-24T22:54:14.000000
44286,LEGAL,LEG VERIF 2,2024-12-24T23:40:38.000000
96772,OTHER,ARCHIVED,2024-12-24T23:50:45.000000
87813,PAYING,PAY PROP,2024-12-25T00:18:23.000000
62106,TRACE,GONEAWAY,2024-12-25T02:15:32.000000
38899,SETTLED,SETTLED,2024-12-25T02:20:50.000000
56961,TRACE,GONEAWAY,2024-12-25T03:47:02.000000
54275,TRACE,GONEAWAY,2024-12-25T04:47:58.000000
89612,INSOLVENCY,INS1,2024-12-25T05:12:19.000000
52087,INSOLVENCY,INS2,2024-12-25T05:40:24.000000
52609,COLLECTIONS,PRIME_D,2024-12-25T06:15:17.000000
78528,PAYING,PAY CURR,2024-12-25T06:32:00.000000
11254,SETTLED,SETTLED,2024-12-25T09:23:57.000000
35227,OTHER,ARCHIVED,2024-12-25T12:48:19.000000
88706,SETTLED,SETTLED,2024-12-25T15:19:07.000000
93809,PAYING,PAY PROP,2024-12-25T15:48:24.000000
28504,OTHER,ARCHIVED,2024-12-25T16:41:25.000000
11356,OTHER,ARCHIVED,2024-12-25T17:49:56.000000
29836,OTHER,ARCHIVED,2024-12-25T20:57:24.000000
47808,TRACE,GONEAWAY,2024-12-25T21:50:30.000000
14961,TRACE,GONEAWAY,2024-12-25T23:37:27.000000
76500,TRACE,GONEAWAY,2024-12-26T01:18:33.000000
27800,TRACE,GONEAWAY,2024-12-26T01:48:34.000000
66106,COLLECTIONS,CASSIST2,2024-12-26T02:25:12.000000
92889,TRACE,GONEAWAY,2024-12-26T04:02:08.000000
31527,COLLECTIONS,PAY OVER,2024-12-26T05:12:29.000000
64070,COLLECTIONS,CANCEL4,2024-12-26T07:31:11.000000
24213,COLLECTIONS,CANCEL4,2024-12-26T07:41:25.000000
36291,PAYING,PAY CURR,2024-12-26T08:34:21.000000
34629,OTHER,ARCHIVED,2024-12-26T08:48:47.000000
41740,INSOLVENCY,INS3,2024-12-26T09:58:24.000000
79792,PAYING,PAY CURR,2024-12-26T10:28:40.000000
84211,SETTLED,SETTLED,2024-12-26T12:17:23.000000
60011,PAYING,PAY PROP,2024-12-26T12:38:31.000000
41740,TRACE,GONEAWAY,2024-12-26T13:01:08.000000
61279,INSOLVENCY,INS2,2024-12-26T14:11:53.000000
56961,OTHER,ARCHIVED,2024-12-26T18:44:57.000000
82526,LEGAL,LEG_TIT,2024-12-26T20:14:27.000000
93257,LEGAL,LEG_NOT,2024-12-26T21:42:52.000000
81029,SETTLED,SETTLED,2024-12-26T22:30:46.000000
16402,PAYING,PAY PROP,2024-12-28T02:15:43.000000
17880,COLLECTIONS,CASSIST2,2024-12-28T08:42:59.000000
95230,OTHER,ARCHIVED,2024-12-28T13:32:19.000000
87432,COLLECTIONS,TELSOLUTIONS1,2024-12-28T17:07:45.000000
55886,COLLECTIONS,CASSIST2,2024-12-28T19:09:44.000000
91678,SETTLED,SETTLED,2024-12-28T20:15:23.000000
61550,COLLECTIONS,CASSIST2,2024-12-28T22:06:00.000000
62692,INSOLVENCY,INSP,2024-12-29T02:49:06.000000
41546,OTHER,ARCHIVED,2024-12-29T03:39:36.000000
19523,INSOLVENCY,INS3,2024-12-29T03:51:53.000000
51596,OTHER,ARCHIVED,2024-12-29T07:29:27.000000
89176,TRACE,GONEAWAY,2024-12-29T10:47:36.000000
94714,INSOLVENCY,INS2,2024-12-29T17:28:01.000000
94706,TRACE,GONEAWAY,2024-12-29T19:00:40.000000
58892,LEGAL,LEG VERIF 2,2024-12-29T20:25:33.000000
74428,SETTLED,SETTLED,2024-12-29T23:32:30.000000
42494,PAYING,PAY PROP,2024-12-30T00:18:52.000000
45393,OTHER,ARCHIVED,2024-12-30T01:12:39.000000
27543,LEGAL,LEG_NOT,2024-12-30T01:52:02.000000
57417,PAYING,PAY CURR,2024-12-30T03:42:29.000000
74699,COLLECTIONS,CANCEL2,2024-12-30T03:48:09.000000
65864,INSOLVENCY,INS1,2024-12-30T04:57:21.000000
84640,COLLECTIONS,TELSOLUTIONS1,2024-12-30T06:46:26.000000
64713,COLLECTIONS,CANCEL4,2024-12-30T10:19:05.000000
74894,TRACE,GONEAWAY,2024-12-30T11:36:41.000000
90467,PAYING,PAY PROP,2024-12-30T16:10:32.000000
22367,PAYING,PAY CURR,2024-12-30T17:01:14.000000
81634,OTHER,ARCHIVED,2024-12-30T19:56:55.000000
15757,PAYING,PAY PROP,2024-12-30T20:52:43.000000
11254,SETTLED,SETTLED,2024-12-30T20:55:49.000000
58434,LEGAL,HOLD FO,2024-12-30T21:50:45.000000
94400,TRACE,GONEAWAY,2024-12-30T23:16:35.000000
66106,TRACE,GONEAWAY,2024-12-30T23:56:21.000000
86693,LEGAL,HOLD FO,2024-12-30T23:58:34.000000
73732,PAYING,PAY CURR,2024-12-31T03:50:02.000000
67504,SETTLED,SETTLED,2024-12-31T06:18:51.000000
42247,TRACE,GONEAWAY,2024-12-31T06:21:40.000000
32252,OTHER,ARCHIVED,2024-12-31T06:27:39.000000
65559,INSOLVENCY,INS4,2024-12-31T07:20:54.000000
28442,LEGAL,LEG VERIF 2,2024-12-31T08:29:07.000000
41546,SETTLED,SETTLED,2024-12-31T09:40:43.000000
16628,OTHER,ARCHIVED,2024-12-31T10:11:35.000000
31903,INSOLVENCY,INSP,2024-12-31T11:22:25.000000
36291,TRACE,GONEAWAY,2024-12-31T13:44:11.000000
85173,LEGAL,HOLD FO,2024-12-31T22:43:46.000000
20233,SETTLED,SETTLED,2024-12-31T23:31:04.000000
27223,COLLECTIONS,PAY OVER,2024-12-31T23:52:17.000000
49999,INSOLVENCY,INS4,2025-01-01T00:27:27.000000
19372,LEGAL,LEG_NOT,2025-01-01T00:40:17.000000
52137,TRACE,GONEAWAY,2025-01-01T01:31:02.000000
83620,TRACE,GONEAWAY,2025-01-01T02:28:39.000000
49171,OTHER,ARCHIVED,2025-01-01T03:48:21.000000
10474,COLLECTIONS,TELSOLUTIONS1,2025-01-01T08:37:12.000000
60663,SETTLED,SETTLED,2025-01-01T12:06:27.000000
46545,INSOLVENCY,INS2,2025-01-01T12:16:26.000000
95324,PAYING,PAY CURR,2025-01-01T14:17:41.000000
48786,COLLECTIONS,TELSOLUTIONS1,2025-01-01T14:38:07.000000
94638,TRACE,GONEAWAY,2025-01-01T16:10:01.000000
43314,INSOLVENCY,INS1,2025-01-01T17:34:47.000000
31658,COLLECTIONS,CANCEL2,2025-01-01T17:54:45.000000
98298,PAYING,PAY PROP,2025-01-01T18:21:02.000000
86556,LEGAL,LEG_TIT,2025-01-01T19:14:56.000000
15248,OTHER,ARCHIVED,2025-01-01T20:42:30.000000
90725,TRACE,GONEAWAY,2025-01-01T21:41:14.000000
14117,COLLECTIONS,PRIME,2025-01-02T00:58:26.000000
47808,PAYING,PAY PROP,2025-01-02T03:25:41.000000
50973,OTHER,ARCHIVED,2025-01-02T03:59:10.000000
10506,OTHER,ARCHIVED,2025-01-02T06:19:14.000000
83652,COLLECTIONS,PRIME,2025-01-02T12:40:52.000000
31903,TRACE,GONEAWAY,2025-01-02T18:09:01.000000
63099,INSOLVENCY,INSP,2025-01-03T09:47:05.000000
28442,COLLECTIONS,CASSIST2,2025-01-03T12:07:00.000000
21707,INSOLVENCY,INS4,2025-01-04T01:26:02.000000
82095,OTHER,ARCHIVED,2025-01-04T22:50:27.000000
38899,COLLECTIONS,PRIME,2025-01-05T19:51:25.000000
74894,OTHER,ARCHIVED,2025-01-05T21:12:23.000000
53016,TRACE,GONEAWAY,2025-01-06T02:20:58.000000
91099,COLLECTIONS,CANCEL4,2025-01-06T06:54:42.000000
84455,COLLECTIONS,TELSOLUTIONS1,2025-01-06T08:41:19.000000
16628,SETTLED,SETTLED,2025-01-06T13:31:50.000000
73556,COLLECTIONS,TELSOLUTIONS1,2025-01-06T15:24:18.000000
53131,TRACE,GONEAWAY,2025-01-06T15:39:57.000000
23982,LEGAL,HOLD FO,2025-01-06T15:56:04.000000
48880,TRACE,GONEAWAY,2025-01-06T16:46:03.000000
82007,LEGAL,LEG VERIF 1,2025-01-06T17:13:30.000000
53017,TRACE,GONEAWAY,2025-01-06T17:28:45.000000
19986,OTHER,ARCHIVED,2025-01-06T17:50:55.000000
88706,TRACE,GONEAWAY,2025-01-06T20:26:35.000000
35504,PAYING,PAY CURR,2025-01-06T22:21:04.000000
76500,COLLECTIONS,CASSIST2,2025-01-07T19:15:44.000000
68484,TRACE,GONEAWAY,2025-01-08T02:33:20.000000
45539,LEGAL,LEG VERIF 2,2025-01-08T04:56:40.000000
14006,OTHER,ARCHIVED,2025-01-08T05:55:47.000000
19099,LEGAL,LEG VERIF 1,2025-01-08T06:36:06.000000
26168,LEGAL,HOLD FO,2025-01-08T07:41:19.000000
33783,LEGAL,LEG_TIT,2025-01-08T10:23:35.000000
25733,COLLECTIONS,PAY OVER,2025-01-08T13:26:21.000000
25726,INSOLVENCY,INS2,2025-01-08T17:27:11.000000
31172,LEGAL,LEG VERIF 2,2025-01-09T00:47:09.000000
35401,TRACE,GONEAWAY,2025-01-09T01:12:36.000000
26696,OTHER,ARCHIVED,2025-01-09T04:55:08.000000
20307,SETTLED,SETTLED,2025-01-09T05:43:51.000000
94706,TRACE,GONEAWAY,2025-01-09T08:59:21.000000
28382,LEGAL,LEG_NOT,2025-01-09T15:22:38.000000
91710,PAYING,PAY PROP,2025-01-10T01:26:55.968000
80451,COLLECTIONS,CANCEL2,2025-01-10T03:40:52.032000
85241,SETTLED,SETTLED,2025-01-10T06:17:15.072000
95997,INSOLVENCY,INS4,2025-01-10T10:23:01.824000
57417,SETTLED,SETTLED,2025-01-10T11:04:47.424000
94928,OTHER,ARCHIVED,2025-01-10T12:51:13.248000
29210,PAYING,PAY PROP,2025-01-10T13:37:09.408000
58244,SETTLED,SETTLED,2025-01-10T13:52:31.296000
96772,OTHER,ARCHIVED,2025-01-10T18:11:37.248000
39629,SETTLED,SETTLED,2025-01-10T18:12:36.863999
70180,TRACE,GONEAWAY,2025-01-10T20:09:55.872000
15248,LEGAL,LEG_NOT,2025-01-10T20:16:29.856000
27800,OTHER,ARCHIVED,2025-01-10T20:42:20.735999
78633,COLLECTIONS,PRIME_D,2025-01-10T20:56:59.424000
86015,INSOLVENCY,INS2,2025-01-11T01:38:56.000000
91402,COLLECTIONS,CANCEL2,2025-01-11T07:31:25.000000
52137,SETTLED,SETTLED,2025-01-11T08:56:14.000000
63099,LEGAL,LEG_NOT,2025-01-11T15:59:23.000000
46155,LEGAL,HOLD FO,2025-01-11T22:39:42.000000
39776,COLLECTIONS,CASSIST2,2025-01-12T00:13:32.000000
59399,PAYING,PAY PROP,2025-01-12T01:10:11.000000
55200,OTHER,ARCHIVED,2025-01-12T04:19:04.000000
31933,COLLECTIONS,PRIME,2025-01-12T06:10:57.000000
27620,COLLECTIONS,CANCEL4,2025-01-12T06:37:06.000000
45548,INSOLVENCY,INS4,2025-01-12T07:59:06.000000
48786,SETTLED,SETTLED,2025-01-12T08:52:54.000000
27497,INSOLVENCY,INS4,2025-01-12T09:00:45.000000
86646,COLLECTIONS,CANCEL4,2025-01-12T13:59:18.000000
22047,OTHER,ARCHIVED,2025-01-12T14:42:56.000000
21399,SETTLED,SETTLED,2025-01-12T16:37:01.000000
95599,OTHER,ARCHIVED,2025-01-12T16:37:30.000000
68126,INSOLVENCY,INS1,2025-01-12T18:54:48.000000
37781,COLLECTIONS,PAY OVER,2025-01-12T21:03:55.000000
97918,COLLECTIONS,TELSOLUTIONS4,2025-01-13T01:25:17.000000
74670,COLLECTIONS,PAY OVER,2025-01-13T01:47:02.000000
14961,LEGAL,LEG VERIF 2,2025-01-13T02:33:09.000000
26514,TRACE,GONEAWAY,2025-01-13T02:47:14.000000
11352,OTHER,ARCHIVED,2025-01-13T07:05:11.000000
15248,LEGAL,LEG VERIF 1,2025-01-13T09:14:18.000000
59505,INSOLVENCY,INS1,2025-01-13T09:36:43.000000
23382,LEGAL,LEG VERIF 1,2025-01-13T10:35:55.000000
55992,OTHER,ARCHIVED,2025-01-13T12:14:16.000000
44060,OTHER,ARCHIVED,2025-01-13T12:27:58.000000
63848,INSOLVENCY,INSP,2025-01-13T12:40:56.000000
43314,LEGAL,LEG_TIT,2025-01-13T12:55:42.000000
29623,COLLECTIONS,PAY OVER,2025-01-13T13:42:04.000000
19413,COLLECTIONS,CASSIST2,2025-01-13T15:42:55.000000
26168,LEGAL,LEG_NOT,2025-01-13T17:31:34.000000
62345,COLLECTIONS,CASSIST2,2025-01-13T17:54:09.000000
85441,OTHER,ARCHIVED,2025-01-13T20:12:54.000000
95232,OTHER,ARCHIVED,2025-01-13T21:51:47.000000
38621,COLLECTIONS,TELSOLUTIONS1,2025-01-13T22:39:23.000000
59940,COLLECTIONS,PRIME,2025-01-13T23:48:15.000000
46545,OTHER,ARCHIVED,2025-01-14T05:26:37.000000
88706,COLLECTIONS,PRIME,2025-01-14T05:34:54.000000
92669,LEGAL,LEG VERIF 1,2025-01-14T14:47:07.000000
13416,LEGAL,LEG_NOT,2025-01-14T15:13:13.000000
26686,INSOLVENCY,INS3,2025-01-14T16:27:06.000000
91658,COLLECTIONS,TELSOLUTIONS4,2025-01-14T22:23:01.000000
31658,LEGAL,HOLD FO,2025-01-15T04:03:57.000000
32283,TRACE,GONEAWAY,2025-01-15T04:07:26.000000
88716,TRACE,GONEAWAY,2025-01-15T09:27:05.000000
77145,PAYING,PAY PROP,2025-01-15T21:30:25.000000
84845,PAYING,PAY CURR,2025-01-15T23:05:03.000000
47984,PAYING,PAY PROP,2025-01-15T23:35:21.000000
57417,OTHER,ARCHIVED,2025-01-16T05:24:34.000000
82269,INSOLVENCY,INS4,2025-01-16T12:01:27.000000
15757,INSOLVENCY,INSP,2025-01-16T16:26:27.000000
60048,COLLECTIONS,TELSOLUTIONS4,2025-01-17T00:11:35.000000
86556,SETTLED,SETTLED,2025-01-17T06:37:51.000000
78078,SETTLED,SETTLED,2025-01-17T08:39:49.000000
11916,LEGAL,LEG_TIT,2025-01-17T09:33:42.000000
18486,PAYING,PAY CURR,2025-01-17T11:55:53.000000
77521,PAYING,PAY CURR,2025-01-17T13:52:10.000000
88654,OTHER,ARCHIVED,2025-01-17T14:20:54.000000
91099,LEGAL,HOLD FO,2025-01-17T15:13:09.000000
41740,OTHER,ARCHIVED,2025-01-17T18:19:28.000000
50973,OTHER,ARCHIVED,2025-01-17T18:55:52.000000
65773,INSOLVENCY,INSP,2025-01-17T19:21:02.000000
93809,INSOLVENCY,INS2,2025-01-17T19:28:23.000000
20233,COLLECTIONS,CANCEL2,2025-01-17T20:53:04.000000
64713,OTHER,ARCHIVED,2025-01-19T14:53:17.000000
47933,SETTLED,SETTLED,2025-01-20T03:49:35.000000
29600,SETTLED,SETTLED,2025-01-21T01:48:34.000000
77395,TRACE,GONEAWAY,2025-01-21T06:35:45.000000
15757,COLLECTIONS,PRIME_D,2025-01-21T14:25:31.000000
80893,PAYING,PAY PROP,2025-01-22T02:10:46.000000
31933,LEGAL,LEG_TIT,2025-01-22T04:19:50.000000
61934,COLLECTIONS,CANCEL2,2025-01-22T10:20:59.000000
11254,OTHER,ARCHIVED,2025-01-22T12:01:38.000000
21415,OTHER,ARCHIVED,2025-01-22T18:22:50.000000
17880,TRACE,GONEAWAY,2025-01-22T20:22:01.000000
11916,PAYING,PAY CURR,2025-01-22T22:15:53.000000
61550,SETTLED,SETTLED,2025-01-22T23:18:28.000000
78353,LEGAL,LEG VERIF 1,2025-01-22T23:35:05.000000
35227,INSOLVENCY,INS1,2025-01-23T00:02:11.000000
98298,PAYING,PAY PROP,2025-01-23T00:34:43.000000
34083,TRACE,GONEAWAY,2025-01-23T01:02:55.000000
51089,PAYING,PAY CURR,2025-01-23T06:17:55.000000
74104,TRACE,GONEAWAY,2025-01-23T08:17:58.000000
35861,TRACE,GONEAWAY,2025-01-23T10:11:21.000000
69313,COLLECTIONS,CANCEL4,2025-01-23T10:32:42.000000
13883,INSOLVENCY,INSP,2025-01-23T15:31:54.000000
72758,COLLECTIONS,PAY OVER,2025-01-23T17:40:12.000000
53016,OTHER,ARCHIVED,2025-01-23T22:55:34.000000
70219,OTHER,ARCHIVED,2025-01-23T23:18:01.000000
52137,OTHER,ARCHIVED,2025-01-23T23:50:43.000000
78987,INSOLVENCY,INS3,2025-01-24T11:31:46.000000
98254,TRACE,GONEAWAY,2025-01-24T12:12:14.000000
53131,PAYING,PAY PROP,2025-01-24T17:00:33.000000
95948,LEGAL,LEG_TIT,2025-01-24T19:16:51.000000
45393,OTHER,ARCHIVED,2025-01-24T20:18:31.000000
41546,TRACE,GONEAWAY,2025-01-25T01:02:17.000000
87432,PAYING,PAY PROP,2025-01-25T02:22:10.000000
55047,OTHER,ARCHIVED,2025-01-25T04:52:15.000000
58984,INSOLVENCY,INS1,2025-01-25T05:13:09.000000
98254,PAYING,PAY CURR,2025-01-25T05:23:43.000000
97132,LEGAL,LEG_TIT,2025-01-25T05:40:19.000000
35504,SETTLED,SETTLED,2025-01-25T11:26:29.000000
82735,INSOLVENCY,INS4,2025-01-25T17:07:10.000000
91712,COLLECTIONS,PAY OVER,2025-01-25T18:00:16.000000
87394,TRACE,GONEAWAY,2025-01-25T18:40:53.000000
86015,PAYING,PAY CURR,2025-01-25T20:37:31.000000
62377,SETTLED,SETTLED,2025-01-25T21:14:26.000000
64136,TRACE,GONEAWAY,2025-01-26T02:21:39.000000
66755,TRACE,GONEAWAY,2025-01-26T06:30:02.000000
14567,PAYING,PAY CURR,2025-01-26T18:10:50.000000
68436,LEGAL,LEG_NOT,2025-01-26T22:34:25.000000
60001,LEGAL,HOLD FO,2025-01-27T01:17:44.000000
87813,LEGAL,LEG_TIT,2025-01-27T04:38:59.000000
95291,OTHER,ARCHIVED,2025-01-27T09:32:37.000000
11352,LEGAL,LEG VERIF 1,2025-01-27T11:44:08.000000
45571,OTHER,ARCHIVED,2025-01-27T12:45:34.000000
91331,TRACE,GONEAWAY,2025-01-28T14:04:22.000000
66106,PAYING,PAY CURR,2025-01-28T19:25:10.000000
75042,OTHER,ARCHIVED,2025-01-29T01:20:31.000000
85557,TRACE,GONEAWAY,2025-01-30T00:09:29.000000
46992,COLLECTIONS,CANCEL4,2025-01-30T00:32:16.000000
70219,SETTLED,SETTLED,2025-01-30T01:03:33.000000
87813,PAYING,PAY CURR,2025-01-30T02:11:36.000000
87432,TRACE,GONEAWAY,2025-01-30T03:06:22.000000
39776,INSOLVENCY,INS3,2025-01-30T06:04:29.000000
12247,INSOLVENCY,INS1,2025-01-30T08:11:01.000000
29593,OTHER,ARCHIVED,2025-01-30T09:22:03.000000
55047,COLLECTIONS,TELSOLUTIONS1,2025-01-30T10:36:52.000000
48354,TRACE,GONEAWAY,2025-01-30T12:48:15.000000
34083,INSOLVENCY,INS1,2025-01-30T12:50:57.000000
67303,TRACE,GONEAWAY,2025-01-30T13:18:37.000000
25635,SETTLED,SETTLED,2025-01-30T14:35:10.000000
30531,TRACE,GONEAWAY,2025-01-30T14:40:59.000000
92889,TRACE,GONEAWAY,2025-01-30T16:03:59.000000
78633,COLLECTIONS,CANCEL2,2025-01-30T20:33:35.000000
40659,SETTLED,SETTLED,2025-01-30T21:02:19.000000
58984,OTHER,ARCHIVED,2025-01-31T02:00:08.000000
58120,PAYING,PAY CURR,2025-01-31T02:04:58.000000
93809,COLLECTIONS,CANCEL4,2025-01-31T04:39:26.000000
14117,LEGAL,HOLD FO,2025-01-31T04:54:07.000000
19372,TRACE,GONEAWAY,2025-01-31T06:26:48.000000
73556,COLLECTIONS,CANCEL4,2025-01-31T09:04:18.000000
54275,SETTLED,SETTLED,2025-01-31T11:51:26.000000
67687,COLLECTIONS,PAY OVER,2025-01-31T11:54:56.000000
95997,PAYING,PAY PROP,2025-01-31T12:07:21.000000
44502,COLLECTIONS,PRIME_D,2025-01-31T12:12:03.000000
22367,LEGAL,LEG_NOT,2025-01-31T13:17:08.000000
98909,TRACE,GONEAWAY,2025-01-31T17:52:37.000000
20457,PAYING,PAY PROP,2025-01-31T19:31:38.000000
34083,SETTLED,SETTLED,2025-02-01T02:36:21.000000
39313,COLLECTIONS,PAY OVER,2025-02-01T06:00:07.000000
86013,PAYING,PAY CURR,2025-02-04T05:06:11.000000
13664,TRACE,GONEAWAY,2025-02-04T06:50:33.000000
98298,TRACE,GONEAWAY,2025-02-04T08:12:00.000000
43314,SETTLED,SETTLED,2025-02-04T10:11:49.000000
46986,OTHER,ARCHIVED,2025-02-04T10:20:45.000000
83620,SETTLED,SETTLED,2025-02-04T14:50:11.000000
65156,COLLECTIONS,CASSIST2,2025-02-04T14:57:01.000000
58473,TRACE,GONEAWAY,2025-02-04T17:06:27.000000
84256,PAYING,PAY PROP,2025-02-04T18:37:10.000000
82735,OTHER,ARCHIVED,2025-02-04T20:25:39.000000
35919,COLLECTIONS,PRIME,2025-02-04T22:31:01.000000
77395,LEGAL,LEG VERIF 2,2025-02-05T01:11:27.000000
81029,COLLECTIONS,CASSIST2,2025-02-05T02:45:11.000000
87394,LEGAL,LEG VERIF 1,2025-02-05T03:24:07.000000
91712,OTHER,ARCHIVED,2025-02-05T03:30:28.000000
42494,PAYING,PAY CURR,2025-02-05T03:44:56.000000
85922,TRACE,GONEAWAY,2025-02-05T05:24:13.000000
48388,TRACE,GONEAWAY,2025-02-05T07:10:53.000000
19086,SETTLED,SETTLED,2025-02-05T10:11:18.000000
51216,SETTLED,SETTLED,2025-02-05T15:33:48.000000
75723,COLLECTIONS,PAY OVER,2025-02-05T15:52:53.000000
20457,TRACE,GONEAWAY,2025-02-05T16:02:07.000000
17320,TRACE,GONEAWAY,2025-02-05T17:37:07.000000
94606,INSOLVENCY,INS4,2025-02-05T18:31:15.000000
13883,LEGAL,HOLD FO,2025-02-05T19:41:02.000000
63538,TRACE,GONEAWAY,2025-02-05T20:23:05.000000
11254,INSOLVENCY,INS4,2025-02-05T21:50:07.000000
87459,COLLECTIONS,CANCEL2,2025-02-05T22:34:24.000000
88654,OTHER,ARCHIVED,2025-02-06T02:41:52.000000
78987,SETTLED,SETTLED,2025-02-06T04:36:44.000000
31933,INSOLVENCY,INS3,2025-02-06T07:24:54.000000
95291,OTHER,ARCHIVED,2025-02-06T08:07:15.000000
77395,PAYING,PAY CURR,2025-02-06T08:49:52.000000
70629,TRACE,GONEAWAY,2025-02-06T09:13:37.000000
39966,COLLECTIONS,CANCEL2,2025-02-06T11:13:46.000000
28382,SETTLED,SETTLED,2025-02-06T12:14:42.000000
17880,PAYING,PAY CURR,2025-02-06T16:14:41.000000
84455,LEGAL,HOLD FO,2025-02-06T23:30:15.000000
80451,INSOLVENCY,INS2,2025-02-06T23:55:47.000000
31933,COLLECTIONS,PRIME,2025-02-08T05:24:32.000000
59399,OTHER,ARCHIVED,2025-02-08T05:38:17.000000
26514,COLLECTIONS,TELSOLUTIONS1,2025-02-08T13:09:22.000000
97661,TRACE,GONEAWAY,2025-02-08T15:03:11.000000
93257,COLLECTIONS,TELSOLUTIONS4,2025-02-08T18:54:05.000000
84845,COLLECTIONS,PRIME,2025-02-08T22:49:26.000000
27497,TRACE,GONEAWAY,2025-02-09T00:06:34.000000
52017,PAYING,PAY PROP,2025-02-09T01:34:46.000000
16913,INSOLVENCY,INS4,2025-02-09T05:01:33.000000
86646,TRACE,GONEAWAY,2025-02-09T09:51:29.000000
59344,LEGAL,LEG_TIT,2025-02-09T17:57:19.000000
96425,LEGAL,HOLD FO,2025-02-09T20:57:01.000000
95157,OTHER,ARCHIVED,2025-02-10T04:15:49.000000
39453,COLLECTIONS,PAY OVER,2025-02-10T05:04:26.000000
27223,TRACE,GONEAWAY,2025-02-10T10:10:47.000000
66755,INSOLVENCY,INS3,2025-02-10T12:23:55.000000
85922,INSOLVENCY,INS3,2025-02-10T13:16:48.000000
44502,TRACE,GONEAWAY,2025-02-10T21:13:38.000000
62495,PAYING,PAY PROP,2025-02-11T01:03:47.000000
78416,LEGAL,LEG VERIF 1,2025-02-11T03:00:24.000000
96772,INSOLVENCY,INS3,2025-02-11T05:02:29.000000
21418,LEGAL,HOLD FO,2025-02-11T05:12:44.000000
50515,LEGAL,LEG_NOT,2025-02-11T07:47:59.000000
60947,SETTLED,SETTLED,2025-02-11T10:37:36.000000
80893,PAYING,PAY CURR,2025-02-11T12:13:42.000000
60001,TRACE,GONEAWAY,2025-02-11T14:03:39.000000
36810,TRACE,GONEAWAY,2025-02-11T15:12:17.000000
21453,PAYING,PAY CURR,2025-02-11T17:15:44.000000
61708,SETTLED,SETTLED,2025-02-11T18:59:15.000000
65428,TRACE,GONEAWAY,2025-02-11T19:44:46.000000
25073,INSOLVENCY,INS1,2025-02-11T20:20:01.000000
97918,OTHER,ARCHIVED,2025-02-11T20:43:14.000000
15757,INSOLVENCY,INS1,2025-02-11T20:44:55.000000
63285,PAYING,PAY CURR,2025-02-11T21:24:15.000000
95997,SETTLED,SETTLED,2025-02-12T01:24:35.000000
35401,SETTLED,SETTLED,2025-02-12T01:56:30.000000
68484,COLLECTIONS,TELSOLUTIONS4,2025-02-12T04:04:54.000000
47933,COLLECTIONS,CANCEL2,2025-02-12T04:09:31.000000
27620,TRACE,GONEAWAY,2025-02-12T04:29:10.000000
94751,INSOLVENCY,INS4,2025-02-12T04:48:30.000000
40856,TRACE,GONEAWAY,2025-02-12T05:17:02.000000
58984,PAYING,PAY PROP,2025-02-12T06:29:37.000000
25733,LEGAL,LEG_NOT,2025-02-12T07:00:12.000000
13356,INSOLVENCY,INS1,2025-02-12T07:55:31.000000
86543,OTHER,ARCHIVED,2025-02-12T09:23:37.000000
59344,OTHER,ARCHIVED,2025-02-12T09:43:53.000000
63848,COLLECTIONS,TELSOLUTIONS1,2025-02-12T10:52:24.000000
93257,OTHER,ARCHIVED,2025-02-12T13:50:56.000000
45495,SETTLED,SETTLED,2025-02-12T14:51:08.000000
62495,SETTLED,SETTLED,2025-02-12T18:36:33.000000
95324,COLLECTIONS,CASSIST2,2025-02-12T18:37:54.000000
48880,OTHER,ARCHIVED,2025-02-12T19:46:53.000000
96425,OTHER,ARCHIVED,2025-02-12T22:00:38.000000
95232,LEGAL,LEG VERIF 2,2025-02-13T00:30:21.000000
45548,INSOLVENCY,INS4,2025-02-13T01:41:33.000000
86556,INSOLVENCY,INSP,2025-02-13T07:15:09.000000
21399,PAYING,PAY CURR,2025-02-13T11:59:50.000000
38921,SETTLED,SETTLED,2025-02-13T13:28:00.000000
58244,TRACE,GONEAWAY,2025-02-13T15:16:26.000000
44476,OTHER,ARCHIVED,2025-02-13T17:36:47.000000
16402,COLLECTIONS,CANCEL4,2025-02-13T20:42:32.000000
96035,LEGAL,LEG_TIT,2025-02-14T00:15:12.000000
94400,COLLECTIONS,CANCEL2,2025-02-14T03:42:42.000000
35861,OTHER,ARCHIVED,2025-02-14T05:00:23.000000
89176,SETTLED,SETTLED,2025-02-14T05:58:42.000000
99694,SETTLED,SETTLED,2025-02-14T07:25:28.000000
32687,COLLECTIONS,CANCEL4,2025-02-14T08:13:29.000000
57074,INSOLVENCY,INS1,2025-02-14T08:25:48.000000
62836,OTHER,ARCHIVED,2025-02-14T11:20:57.000000
71048,TRACE,GONEAWAY,2025-02-14T11:23:00.000000
70219,SETTLED,SETTLED,2025-02-14T12:09:09.000000
45571,INSOLVENCY,INS3,2025-02-14T13:05:56.000000
94400,SETTLED,SETTLED,2025-02-14T13:28:03.000000
43403,OTHER,ARCHIVED,2025-02-14T14:48:50.000000
82324,SETTLED,SETTLED,2025-02-14T16:16:55.000000
23780,COLLECTIONS,PRIME_D,2025-02-14T17:38:33.000000
88060,OTHER,ARCHIVED,2025-02-14T18:20:43.000000
29623,TRACE,GONEAWAY,2025-02-14T18:29:16.000000
83051,OTHER,ARCHIVED,2025-02-14T18:35:32.000000
21399,COLLECTIONS,PAY OVER,2025-02-14T19:11:20.000000
13883,LEGAL,HOLD FO,2025-02-15T00:48:21.000000
84211,TRACE,GONEAWAY,2025-02-15T00:56:11.000000
17821,SETTLED,SETTLED,2025-02-15T01:20:58.000000
92829,INSOLVENCY,INS1,2025-02-15T02:08:25.000000
95948,COLLECTIONS,TELSOLUTIONS4,2025-02-15T02:23:55.000000
62495,LEGAL,LEG VERIF 2,2025-02-15T02:41:24.000000
81634,COLLECTIONS,CASSIST2,2025-02-15T04:51:45.000000
47450,OTHER,ARCHIVED,2025-02-15T07:50:16.000000
79521,SETTLED,SETTLED,2025-02-15T10:11:28.000000
33347,TRACE,GONEAWAY,2025-02-15T12:03:18.000000
73732,OTHER,ARCHIVED,2025-02-15T12:39:46.000000
86543,LEGAL,LEG VERIF 1,2025-02-15T12:41:24.000000
85466,SETTLED,SETTLED,2025-02-15T12:50:19.000000
46992,OTHER,ARCHIVED,2025-02-15T13:05:26.000000
21399,LEGAL,LEG VERIF 2,2025-02-15T14:41:19.000000
95324,COLLECTIONS,TELSOLUTIONS4,2025-02-15T14:46:38.000000
30531,PAYING,PAY PROP,2025-02-15T18:40:25.000000
32832,OTHER,ARCHIVED,2025-02-16T04:07:30.000000
96035,LEGAL,LEG VERIF 2,2025-02-16T04:45:36.000000
66158,TRACE,GONEAWAY,2025-02-16T06:50:33.000000
39313,INSOLVENCY,INSP,2025-02-16T08:20:21.000000
17880,TRACE,GONEAWAY,2025-02-16T10:19:45.000000
13356,OTHER,ARCHIVED,2025-02-16T15:17:11.000000
62495,INSOLVENCY,INS1,2025-02-16T16:08:20.000000
37781,SETTLED,SETTLED,2025-02-17T01:40:18.000000
30943,OTHER,ARCHIVED,2025-02-17T02:26:17.000000
52055,INSOLVENCY,INS3,2025-02-17T04:46:34.000000
11336,TRACE,GONEAWAY,2025-02-17T07:28:07.000000
66787,LEGAL,LEG VERIF 2,2025-02-17T11:21:08.000000
70219,INSOLVENCY,INS4,2025-02-17T13:37:00.000000
91099,PAYING,PAY PROP,2025-02-17T16:09:42.000000
51216,INSOLVENCY,INS3,2025-02-17T16:38:52.000000
92255,TRACE,GONEAWAY,2025-02-17T17:27:29.000000
55200,SETTLED,SETTLED,2025-02-17T17:36:27.000000
61708,OTHER,ARCHIVED,2025-02-17T23:42:17.000000
77513,LEGAL,LEG_NOT,2025-02-18T00:39:19.000000
69791,PAYING,PAY CURR,2025-02-18T01:15:22.000000
49999,TRACE,GONEAWAY,2025-02-18T02:56:02.000000
42371,INSOLVENCY,INS1,2025-02-18T04:53:03.000000
33347,PAYING,PAY PROP,2025-02-18T05:51:18.000000
10180,COLLECTIONS,TELSOLUTIONS1,2025-02-18T07:51:39.000000
20307,PAYING,PAY CURR,2025-02-18T11:34:46.000000
86556,LEGAL,HOLD FO,2025-02-18T11:49:52.000000
69313,COLLECTIONS,TELSOLUTIONS1,2025-02-18T12:21:01.000000
84211,INSOLVENCY,INS2,2025-02-18T13:18:27.000000
34083,COLLECTIONS,PRIME,2025-02-18T21:22:02.000000
77521,COLLECTIONS,CANCEL2,2025-02-18T23:09:10.000000
91142,PAYING,PAY PROP,2025-02-19T00:42:21.000000
64070,LEGAL,HOLD FO,2025-02-19T09:07:49.000000
21418,PAYING,PAY PROP,2025-02-19T10:34:54.000000
57663,PAYING,PAY CURR,2025-02-19T12:07:02.000000
40198,PAYING,PAY CURR,2025-02-19T16:42:17.000000
94193,SETTLED,SETTLED,2025-02-19T16:55:04.000000
65559,COLLECTIONS,PRIME,2025-02-19T17:43:16.000000
92255,OTHER,ARCHIVED,2025-02-19T19:07:43.000000
33376,OTHER,ARCHIVED,2025-02-19T21:51:04.000000
79521,TRACE,GONEAWAY,2025-02-19T22:45:18.000000
92255,TRACE,GONEAWAY,2025-02-21T02:45:18.000000
39966,LEGAL,HOLD FO,2025-02-21T03:47:21.000000
38921,PAYING,PAY PROP,2025-02-21T05:37:03.000000
91001,INSOLVENCY,INS4,2025-02-21T06:19:11.000000
31933,COLLECTIONS,PAY OVER,2025-02-21T06:20:41.000000
48786,PAYING,PAY CURR,2025-02-21T11:09:15.000000
56961,COLLECTIONS,CANCEL2,2025-02-21T13:00:44.000000
98909,COLLECTIONS,CANCEL4,2025-02-21T13:26:50.000000
36291,COLLECTIONS,PAY OVER,2025-02-21T13:46:04.000000
52087,TRACE,GONEAWAY,2025-02-21T14:36:25.000000
78987,TRACE,GONEAWAY,2025-02-21T17:14:22.000000
83620,INSOLVENCY,INSP,2025-02-22T04:12:30.000000
58473,TRACE,GONEAWAY,2025-02-22T05:04:41.000000
36459,INSOLVENCY,INS2,2025-02-22T05:09:56.000000
57819,SETTLED,SETTLED,2025-02-22T08:11:12.000000
55047,TRACE,GONEAWAY,2025-02-22T11:44:51.000000
35227,LEGAL,HOLD FO,2025-02-22T13:47:04.000000
86086,LEGAL,HOLD FO,2025-02-22T14:53:30.000000
92829,COLLECTIONS,CANCEL2,2025-02-22T15:04:35.000000
13124,INSOLVENCY,INS3,2025-02-22T16:07:52.000000
13356,LEGAL,LEG VERIF 1,2025-02-22T16:28:07.000000
52137,OTHER,ARCHIVED,2025-02-22T16:33:08.000000
40987,INSOLVENCY,INS1,2025-02-22T17:02:14.000000
57819,LEGAL,HOLD FO,2025-02-22T17:54:26.000000
83652,INSOLVENCY,INS4,2025-02-22T18:16:13.000000
13664,INSOLVENCY,INS3,2025-02-22T19:47:27.000000
45153,TRACE,GONEAWAY,2025-02-22T20:08:01.000000
25000,TRACE,GONEAWAY,2025-02-22T21:17:28.000000
34083,LEGAL,LEG_NOT,2025-02-22T21:54:54.000000
26066,SETTLED,SETTLED,2025-02-22T22:06:24.000000
45153,SETTLED,SETTLED,2025-02-22T22:39:47.000000
97280,COLLECTIONS,PRIME,2025-02-23T00:09:59.000000
29593,LEGAL,LEG_TIT,2025-02-23T04:20:56.000000
68861,PAYING,PAY PROP,2025-02-24T00:09:25.000000
82095,SETTLED,SETTLED,2025-02-24T00:35:30.000000
21698,COLLECTIONS,TELSOLUTIONS1,2025-02-24T01:37:01.000000
63368,OTHER,ARCHIVED,2025-02-24T01:41:10.000000
98298,OTHER,ARCHIVED,2025-02-24T02:23:31.000000
59940,PAYING,PAY PROP,2025-02-24T06:08:48.000000
48786,PAYING,PAY PROP,2025-02-24T07:23:57.000000
97280,COLLECTIONS,TELSOLUTIONS4,2025-02-24T08:03:23.000000
59940,TRACE,GONEAWAY,2025-02-24T12:02:09.000000
31463,COLLECTIONS,CASSIST2,2025-02-24T14:16:44.000000
85922,COLLECTIONS,PAY OVER,2025-02-24T14:24:35.000000
21489,TRACE,GONEAWAY,2025-02-24T14:40:54.000000
47808,INSOLVENCY,INS4,2025-02-24T18:57:41.000000
85557,OTHER,ARCHIVED,2025-02-24T19:03:52.000000
11356,LEGAL,HOLD FO,2025-02-24T20:48:38.000000
67701,TRACE,GONEAWAY,2025-02-24T23:19:08.000000
39453,PAYING,PAY CURR,2025-02-25T02:32:14.000000
21415,OTHER,ARCHIVED,2025-02-25T03:58:42.000000
68126,TRACE,GONEAWAY,2025-02-25T04:06:16.000000
69833,INSOLVENCY,INS2,2025-02-25T04:47:50.000000
62595,INSOLVENCY,INS2,2025-02-25T05:54:09.000000
74894,INSOLVENCY,INSP,2025-02-25T07:03:22.000000
91537,INSOLVENCY,INS3,2025-02-25T10:40:40.000000
73634,COLLECTIONS,CANCEL2,2025-02-25T13:02:48.000000
58434,LEGAL,HOLD FO,2025-02-25T21:05:41.000000
63368,OTHER,ARCHIVED,2025-02-26T00:23:51.000000
82487,OTHER,ARCHIVED,2025-02-26T00:47:55.000000
34002,SETTLED,SETTLED,2025-02-26T03:58:37.000000
82789,COLLECTIONS,PAY OVER,2025-02-26T14:05:44.000000
36459,LEGAL,LEG VERIF 2,2025-02-26T15:00:40.000000
19986,LEGAL,HOLD FO,2025-02-26T15:23:13.000000
47808,SETTLED,SETTLED,2025-02-26T17:52:14.000000
68436,LEGAL,LEG VERIF 1,2025-02-26T19:03:17.000000
86494,OTHER,ARCHIVED,2025-02-26T21:01:36.000000
11916,LEGAL,LEG VERIF 2,2025-02-26T21:44:43.000000
32252,SETTLED,SETTLED,2025-02-26T23:58:06.000000
96425,SETTLED,SETTLED,2025-02-27T04:24:51.000000
40079,COLLECTIONS,CANCEL2,2025-02-27T04:51:11.000000
42371,COLLECTIONS,CANCEL2,2025-02-27T08:01:43.000000
46369,OTHER,ARCHIVED,2025-02-27T09:26:29.000000
45539,SETTLED,SETTLED,2025-02-27T09:47:17.000000
30531,COLLECTIONS,PAY OVER,2025-02-27T10:25:15.000000
57417,TRACE,GONEAWAY,2025-02-27T10:44:45.000000
31903,LEGAL,LEG VERIF 2,2025-02-27T11:45:25.000000
21489,PAYING,PAY CURR,2025-02-27T12:11:36.000000
57819,OTHER,ARCHIVED,2025-02-27T12:34:23.000000
67687,PAYING,PAY CURR,2025-02-27T15:40:10.000000
87813,COLLECTIONS,PAY OVER,2025-02-27T16:31:00.000000
40659,OTHER,ARCHIVED,2025-02-27T17:02:19.000000
25073,SETTLED,SETTLED,2025-02-27T17:28:00.000000
16628,COLLECTIONS,CANCEL2,2025-02-27T18:49:03.000000
87394,COLLECTIONS,CANCEL2,2025-02-27T20:22:08.000000
93774,SETTLED,SETTLED,2025-02-27T20:23:01.000000
30817,LEGAL,HOLD FO,2025-02-27T20:28:48.000000
96772,LEGAL,LEG_TIT,2025-02-27T22:35:31.000000
37628,TRACE,GONEAWAY,2025-02-27T23:33:17.000000
32832,COLLECTIONS,CASSIST2,2025-02-28T06:34:35.000000
40659,LEGAL,LEG VERIF 1,2025-02-28T06:55:58.000000
46545,TRACE,GONEAWAY,2025-02-28T10:02:09.000000
68126,COLLECTIONS,CANCEL4,2025-02-28T13:02:56.000000
34002,TRACE,GONEAWAY,2025-02-28T17:38:48.000000
14961,SETTLED,SETTLED,2025-02-28T23:23:12.000000
54765,OTHER,ARCHIVED,2025-03-01T06:34:33.000000
26696,LEGAL,LEG VERIF 2,2025-03-01T07:00:32.000000
52017,TRACE,GONEAWAY,2025-03-01T14:02:47.000000
67443,PAYING,PAY PROP,2025-03-01T19:46:20.000000
91710,OTHER,ARCHIVED,2025-03-01T21:22:28.000000
91001,PAYING,PAY PROP,2025-03-01T23:04:17.000000
77395,PAYING,PAY PROP,2025-03-01T23:24:54.000000
65559,SETTLED,SETTLED,2025-03-01T23:58:28.000000
42747,SETTLED,SETTLED,2025-03-02T00:29:18.000000
10180,OTHER,ARCHIVED,2025-03-02T02:08:06.000000
51089,PAYING,PAY PROP,2025-03-02T03:37:35.000000
26168,OTHER,ARCHIVED,2025-03-02T03:59:56.000000
25000,TRACE,GONEAWAY,2025-03-02T08:20:59.000000
87394,TRACE,GONEAWAY,2025-03-02T10:25:30.000000
59344,LEGAL,LEG VERIF 1,2025-03-02T12:04:59.000000
29623,TRACE,GONEAWAY,2025-03-02T12:08:32.000000
27543,INSOLVENCY,INS2,2025-03-02T13:11:47.000000
96425,COLLECTIONS,TELSOLUTIONS4,2025-03-02T17:49:06.000000
54885,SETTLED,SETTLED,2025-03-02T18:21:07.000000
62377,COLLECTIONS,CASSIST2,2025-03-02T18:57:36.000000
65156,TRACE,GONEAWAY,2025-03-02T19:09:58.000000
36459,SETTLED,SETTLED,2025-03-03T02:34:20.000000
17948,OTHER,ARCHIVED,2025-03-03T05:10:35.000000
12247,OTHER,ARCHIVED,2025-03-04T02:13:41.000000
64246,LEGAL,LEG_NOT,2025-03-04T03:43:09.000000
66755,LEGAL,LEG_NOT,2025-03-04T10:14:50.000000
79212,LEGAL,LEG_TIT,2025-03-04T10:46:50.000000
59940,INSOLVENCY,INS4,2025-03-04T13:58:58.000000
13883,COLLECTIONS,CANCEL2,2025-03-04T14:59:09.000000
54549,COLLECTIONS,TELSOLUTIONS1,2025-03-04T15:09:43.000000
86556,OTHER,ARCHIVED,2025-03-04T17:51:34.000000
21453,SETTLED,SETTLED,2025-03-04T19:39:39.000000
87813,TRACE,GONEAWAY,2025-03-04T21:44:36.000000
46662,PAYING,PAY CURR,2025-03-04T23:09:30.000000
47801,PAYING,PAY PROP,2025-03-04T23:29:38.000000
82735,COLLECTIONS,TELSOLUTIONS1,2025-03-05T00:33:56.000000
86494,LEGAL,LEG_NOT,2025-03-05T01:00:45.000000
76500,COLLECTIONS,PRIME,2025-03-05T02:45:13.000000
55200,PAYING,PAY PROP,2025-03-05T05:44:09.000000
94606,TRACE,GONEAWAY,2025-03-05T06:02:39.000000
19372,COLLECTIONS,PRIME,2025-03-05T09:49:33.000000
82487,SETTLED,SETTLED,2025-03-05T10:24:16.000000
19675,INSOLVENCY,INS2,2025-03-05T14:05:41.000000
92829,PAYING,PAY CURR,2025-03-05T14:40:19.000000
62595,SETTLED,SETTLED,2025-03-05T14:49:42.000000
88060,TRACE,GONEAWAY,2025-03-05T15:33:05.000000
73332,COLLECTIONS,TELSOLUTIONS4,2025-03-05T15:47:16.000000
89946,LEGAL,HOLD FO,2025-03-05T17:22:17.000000
33687,LEGAL,LEG_TIT,2025-03-05T19:34:22.000000
59399,TRACE,GONEAWAY,2025-03-05T21:32:41.000000
62595,INSOLVENCY,INS1,2025-03-05T21:47:41.000000
23780,INSOLVENCY,INS1,2025-03-05T21:55:47.000000
41979,PAYING,PAY PROP,2025-03-05T22:58:53.000000
61934,SETTLED,SETTLED,2025-03-05T23:22:01.000000
29623,INSOLVENCY,INS4,2025-03-05T23:46:28.000000
67701,INSOLVENCY,INS2,2025-03-06T09:19:03.000000
89946,INSOLVENCY,INS3,2025-03-06T11:26:01.000000
21453,OTHER,ARCHIVED,2025-03-07T00:15:24.000000
94606,OTHER,ARCHIVED,2025-03-07T02:40:10.000000
52087,OTHER,ARCHIVED,2025-03-07T04:21:02.000000
35401,TRACE,GONEAWAY,2025-03-07T22:12:19.000000
68436,TRACE,GONEAWAY,2025-03-08T02:43:54.000000
62345,PAYING,PAY CURR,2025-03-08T04:40:34.000000
60048,PAYING,PAY CURR,2025-03-08T04:59:01.000000
89612,INSOLVENCY,INS3,2025-03-08T05:25:38.000000
71914,SETTLED,SETTLED,2025-03-08T05:38:50.000000
90467,TRACE,GONEAWAY,2025-03-08T05:46:26.000000
46545,COLLECTIONS,CANCEL4,2025-03-08T09:05:49.000000
66158,LEGAL,LEG_NOT,2025-03-08T09:27:29.000000
61582,COLLECTIONS,TELSOLUTIONS4,2025-03-08T12:15:30.000000
14961,LEGAL,LEG_TIT,2025-03-08T13:10:24.000000
95274,SETTLED,SETTLED,2025-03-08T14:52:30.000000
95274,OTHER,ARCHIVED,2025-03-08T15:26:56.000000
12247,INSOLVENCY,INSP,2025-03-08T15:59:50.000000
15680,SETTLED,SETTLED,2025-03-08T17:37:50.000000
79521,INSOLVENCY,INS3,2025-03-08T18:35:55.000000
28442,COLLECTIONS,CANCEL2,2025-03-08T20:25:39.000000
69791,TRACE,GONEAWAY,2025-03-08T20:59:29.000000
55558,PAYING,PAY CURR,2025-03-08T21:19:11.000000
40540,INSOLVENCY,INSP,2025-03-08T22:58:09.000000
15004,PAYING,PAY CURR,2025-03-08T23:11:40.000000
33347,SETTLED,SETTLED,2025-03-09T00:16:13.000000
44476,SETTLED,SETTLED,2025-03-09T01:39:04.000000
30496,COLLECTIONS,CANCEL2,2025-03-09T02:14:06.000000
77262,COLLECTIONS,TELSOLUTIONS1,2025-03-09T03:57:35.000000
34629,TRACE,GONEAWAY,2025-03-09T04:32:14.000000
60199,COLLECTIONS,PRIME,2025-03-09T07:15:36.000000
30746,TRACE,GONEAWAY,2025-03-09T09:08:16.000000
89082,COLLECTIONS,TELSOLUTIONS4,2025-03-09T12:33:15.000000
86015,LEGAL,LEG VERIF 1,2025-03-09T16:16:38.000000
38899,TRACE,GONEAWAY,2025-03-09T17:35:06.000000
30817,COLLECTIONS,TELSOLUTIONS4,2025-03-09T21:14:16.000000
37744,COLLECTIONS,PRIME_D,2025-03-09T21:27:32.000000
39453,SETTLED,SETTLED,2025-03-09T23:28:11.000000
99694,LEGAL,LEG_NOT,2025-03-10T01:01:39.000000
14567,INSOLVENCY,INS1,2025-03-10T01:08:14.000000
49999,OTHER,ARCHIVED,2025-03-10T01:08:26.000000
34002,OTHER,ARCHIVED,2025-03-10T05:28:46.000000
13206,INSOLVENCY,INS3,2025-03-10T05:59:20.000000
21399,TRACE,GONEAWAY,2025-03-10T06:38:10.000000
91712,TRACE,GONEAWAY,2025-03-10T10:40:59.000000
89176,OTHER,ARCHIVED,2025-03-10T19:58:52.000000
46588,LEGAL,LEG_TIT,2025-03-11T14:30:05.000000
89176,SETTLED,SETTLED,2025-03-11T16:26:07.000000
92829,PAYING,PAY CURR,2025-03-12T01:18:02.000000
16628,OTHER,ARCHIVED,2025-03-12T03:14:10.000000
14184,SETTLED,SETTLED,2025-03-13T03:08:10.000000
89176,INSOLVENCY,INSP,2025-03-13T03:16:32.000000
77395,COLLECTIONS,TELSOLUTIONS4,2025-03-13T06:17:27.000000
85466,PAYING,PAY PROP,2025-03-13T08:45:09.000000
77917,INSOLVENCY,INS3,2025-03-13T10:57:33.000000
25000,COLLECTIONS,TELSOLUTIONS1,2025-03-13T11:26:31.000000
33347,COLLECTIONS,PAY OVER,2025-03-13T11:44:51.000000
13787,INSOLVENCY,INS2,2025-03-13T12:14:26.000000
34223,LEGAL,LEG VERIF 1,2025-03-13T12:22:06.000000
31527,PAYING,PAY CURR,2025-03-13T16:27:05.000000
29210,LEGAL,LEG VERIF 2,2025-03-13T17:37:05.000000
40987,COLLECTIONS,PAY OVER,2025-03-13T18:30:01.000000
59344,OTHER,ARCHIVED,2025-03-13T19:17:15.000000
31172,PAYING,PAY CURR,2025-03-13T19:32:43.000000
32687,TRACE,GONEAWAY,2025-03-13T23:11:57.000000
62692,LEGAL,LEG_NOT,2025-03-13T23:41:26.000000
25726,TRACE,GONEAWAY,2025-03-14T00:45:53.000000
92221,LEGAL,LEG VERIF 2,2025-03-14T03:36:46.000000
31233,INSOLVENCY,INS3,2025-03-14T05:01:50.000000
13206,TRACE,GONEAWAY,2025-03-14T09:51:49.000000
91173,LEGAL,HOLD FO,2025-03-14T09:52:45.000000
74228,INSOLVENCY,INS4,2025-03-14T11:29:02.000000
28442,SETTLED,SETTLED,2025-03-14T13:18:06.000000
30531,OTHER,ARCHIVED,2025-03-14T21:55:53.000000
72278,TRACE,GONEAWAY,2025-03-14T22:05:58.000000
86347,PAYING,PAY CURR,2025-03-14T22:25:16.000000
82735,TRACE,GONEAWAY,2025-03-14T23:16:11.000000
39453,INSOLVENCY,INS1,2025-03-15T04:34:07.000000
63848,OTHER,ARCHIVED,2025-03-16T01:57:17.000000
16198,COLLECTIONS,PRIME,2025-03-16T03:47:16.000000
89176,COLLECTIONS,PRIME,2025-03-16T05:13:22.000000
66158,TRACE,GONEAWAY,2025-03-16T05:51:47.000000
48388,SETTLED,SETTLED,2025-03-16T06:43:37.000000
39175,COLLECTIONS,TELSOLUTIONS1,2025-03-16T08:48:45.000000
11449,OTHER,ARCHIVED,2025-03-16T10:09:08.000000
41740,LEGAL,HOLD FO,2025-03-16T10:32:26.000000
97989,PAYING,PAY PROP,2025-03-16T11:23:07.000000
13484,PAYING,PAY PROP,2025-03-16T17:32:30.000000
62836,SETTLED,SETTLED,2025-03-16T18:24:10.000000
42247,TRACE,GONEAWAY,2025-03-16T23:25:15.000000
47103,INSOLVENCY,INS2,2025-03-17T00:47:50.000000
52137,LEGAL,HOLD FO,2025-03-17T00:49:53.000000
78078,COLLECTIONS,PRIME,2025-03-17T01:53:46.000000
92221,PAYING,PAY CURR,2025-03-17T02:42:41.000000
90869,PAYING,PAY PROP,2025-03-17T02:59:47.000000
27789,PAYING,PAY CURR,2025-03-17T04:05:16.000000
51216,TRACE,GONEAWAY,2025-03-17T04:05:50.000000
81469,COLLECTIONS,PAY OVER,2025-03-17T06:19:34.000000
48606,PAYING,PAY CURR,2025-03-17T08:15:55.000000
85922,PAYING,PAY CURR,2025-03-17T09:11:58.000000
25635,COLLECTIONS,PAY OVER,2025-03-17T09:27:26.000000
57791,INSOLVENCY,INSP,2025-03-17T10:11:44.000000
93809,LEGAL,LEG VERIF 1,2025-03-17T10:27:15.000000
68126,OTHER,ARCHIVED,2025-03-17T12:51:12.000000
85922,TRACE,GONEAWAY,2025-03-17T15:56:55.000000
94706,INSOLVENCY,INS1,2025-03-17T16:06:35.000000
50973,PAYING,PAY PROP,2025-03-17T18:48:45.000000
25000,LEGAL,LEG_TIT,2025-03-17T21:12:05.000000
35861,OTHER,ARCHIVED,2025-03-17T23:30:59.000000
10506,LEGAL,LEG VERIF 2,2025-03-18T02:58:59.000000
63099,INSOLVENCY,INSP,2025-03-18T03:37:41.000000
81469,COLLECTIONS,PRIME_D,2025-03-18T05:58:52.000000
13989,PAYING,PAY CURR,2025-03-18T11:24:05.000000
95232,INSOLVENCY,INS3,2025-03-18T12:32:14.000000
58434,PAYING,PAY CURR,2025-03-18T12:40:36.000000
76500,TRACE,GONEAWAY,2025-03-18T12:51:13.000000
59940,LEGAL,LEG_NOT,2025-03-18T13:00:29.000000
23382,COLLECTIONS,PRIME,2025-03-18T17:18:50.000000
13664,PAYING,PAY CURR,2025-03-18T18:32:59.000000
61582,OTHER,ARCHIVED,2025-03-19T01:04:06.000000
45539,TRACE,GONEAWAY,2025-03-19T02:16:58.000000
37781,PAYING,PAY CURR,2025-03-19T02:44:23.000000
18838,TRACE,GONEAWAY,2025-03-19T02:45:15.000000
66755,OTHER,ARCHIVED,2025-03-19T03:46:36.000000
85466,LEGAL,LEG_NOT,2025-03-19T04:21:04.000000
65864,SETTLED,SETTLED,2025-03-19T06:23:47.000000
73556,SETTLED,SETTLED,2025-03-19T06:37:14.000000
60840,INSOLVENCY,INS2,2025-03-19T07:02:12.000000
45495,SETTLED,SETTLED,2025-03-19T09:06:53.000000
24815,COLLECTIONS,CASSIST2,2025-03-19T09:36:41.000000
89637,COLLECTIONS,PRIME,2025-03-19T09:55:07.000000
74228,INSOLVENCY,INS2,2025-03-19T10:11:00.000000
29836,SETTLED,SETTLED,2025-03-19T12:51:20.000000
40856,LEGAL,LEG VERIF 2,2025-03-19T13:42:39.000000
13356,SETTLED,SETTLED,2025-03-19T14:32:16.000000
17320,PAYING,PAY PROP,2025-03-19T18:36:28.000000
14184,SETTLED,SETTLED,2025-03-19T21:03:15.000000
10474,OTHER,ARCHIVED,2025-03-19T23:07:42.000000
13206,LEGAL,LEG_TIT,2025-03-19T23:56:32.000000
27800,PAYING,PAY PROP,2025-03-20T02:53:09.000000
32687,SETTLED,SETTLED,2025-03-20T03:58:18.000000
61934,SETTLED,SETTLED,2025-03-20T05:12:29.000000
79792,INSOLVENCY,INS3,2025-03-20T10:54:11.000000
58064,TRACE,GONEAWAY,2025-03-20T11:55:46.000000
43108,SETTLED,SETTLED,2025-03-20T12:45:39.000000
25635,LEGAL,LEG_NOT,2025-03-20T15:49:14.000000
59344,PAYING,PAY PROP,2025-03-20T16:43:56.000000
49171,TRACE,GONEAWAY,2025-03-20T18:20:22.000000
91710,INSOLVENCY,INS4,2025-03-20T19:02:38.000000
41740,PAYING,PAY CURR,2025-03-23T00:07:55.000000
97918,INSOLVENCY,INS2,2025-03-23T00:56:51.000000
35919,TRACE,GONEAWAY,2025-03-23T01:13:29.000000
37988,PAYING,PAY CURR,2025-03-23T02:23:31.000000
70180,SETTLED,SETTLED,2025-03-23T03:22:36.000000
78633,PAYING,PAY CURR,2025-03-23T09:53:09.000000
94193,INSOLVENCY,INS1,2025-03-23T11:33:10.000000
93496,INSOLVENCY,INS4,2025-03-23T11:52:34.000000
13664,COLLECTIONS,PRIME,2025-03-23T15:03:20.000000
62495,INSOLVENCY,INSP,2025-03-23T15:38:46.000000
44476,INSOLVENCY,INS4,2025-03-23T16:17:37.000000
58892,PAYING,PAY PROP,2025-03-23T17:52:50.000000
55558,PAYING,PAY PROP,2025-03-23T22:14:05.000000
55030,LEGAL,HOLD FO,2025-03-24T02:54:16.000000
90725,LEGAL,LEG_NOT,2025-03-24T02:57:39.000000
32832,SETTLED,SETTLED,2025-03-24T03:14:57.000000
32687,OTHER,ARCHIVED,2025-03-24T09:13:21.000000
93257,LEGAL,LEG_TIT,2025-03-24T15:02:25.000000
16913,LEGAL,HOLD FO,2025-03-24T17:13:45.000000
38899,LEGAL,LEG VERIF 2,2025-03-24T18:24:19.000000
97661,PAYING,PAY PROP,2025-03-24T20:21:04.000000
38921,COLLECTIONS,CANCEL2,2025-03-25T01:10:26.000000
24815,PAYING,PAY CURR,2025-03-25T01:16:46.000000
21418,SETTLED,SETTLED,2025-03-25T02:56:46.000000
30531,LEGAL,LEG_TIT,2025-03-25T04:45:37.000000
13416,LEGAL,LEG VERIF 2,2025-03-25T05:36:37.000000
70629,INSOLVENCY,INS4,2025-03-25T06:00:20.000000
47450,PAYING,PAY PROP,2025-03-25T18:11:23.000000
94706,COLLECTIONS,CANCEL4,2025-03-25T18:51:52.000000
95599,INSOLVENCY,INS3,2025-03-25T19:11:29.000000
82526,OTHER,ARCHIVED,2025-03-25T19:29:22.000000
87921,INSOLVENCY,INSP,2025-03-25T19:53:09.000000
16077,TRACE,GONEAWAY,2025-03-25T19:59:27.000000
86086,LEGAL,LEG_NOT,2025-03-25T20:19:30.000000
83785,TRACE,GONEAWAY,2025-03-25T21:11:28.000000
37781,INSOLVENCY,INS1,2025-03-25T22:29:14.000000
66463,PAYING,PAY CURR,2025-03-26T03:21:08.000000
89176,LEGAL,LEG VERIF 2,2025-03-26T04:02:42.000000
50515,SETTLED,SETTLED,2025-03-26T06:37:05.000000
87921,PAYING,PAY CURR,2025-03-26T08:54:13.000000
74894,PAYING,PAY PROP,2025-03-26T11:09:03.000000
60001,SETTLED,SETTLED,2025-03-26T12:44:39.000000
30817,PAYING,PAY CURR,2025-03-26T17:50:10.000000
57726,PAYING,PAY PROP,2025-03-26T17:58:59.000000
34002,PAYING,PAY CURR,2025-03-26T18:09:58.000000
21698,SETTLED,SETTLED,2025-03-26T21:43:05.000000
58120,PAYING,PAY CURR,2025-03-26T22:36:33.000000
91142,COLLECTIONS,CASSIST2,2025-03-27T00:47:16.000000
90540,LEGAL,LEG VERIF 2,2025-03-27T01:15:17.000000
95324,OTHER,ARCHIVED,2025-03-27T01:28:29.000000
85173,INSOLVENCY,INS4,2025-03-27T03:03:20.000000
54123,OTHER,ARCHIVED,2025-03-27T05:13:34.000000
72758,COLLECTIONS,PRIME_D,2025-03-27T08:33:49.000000
95948,PAYING,PAY CURR,2025-03-27T10:30:27.000000
48388,SETTLED,SETTLED,2025-03-27T10:35:18.000000
85241,LEGAL,LEG VERIF 1,2025-03-27T10:39:40.000000
10180,OTHER,ARCHIVED,2025-03-27T11:07:00.000000
46986,TRACE,GONEAWAY,2025-03-27T11:35:15.000000
80893,PAYING,PAY PROP,2025-03-27T11:52:52.000000
59399,INSOLVENCY,INS3,2025-03-27T12:54:44.000000
50515,TRACE,GONEAWAY,2025-03-27T14:39:18.000000
97661,SETTLED,SETTLED,2025-03-27T14:49:30.000000
68436,OTHER,ARCHIVED,2025-03-27T17:12:37.000000
86013,COLLECTIONS,TELSOLUTIONS1,2025-03-27T17:13:13.000000
10585,PAYING,PAY CURR,2025-03-27T21:43:13.000000
95948,COLLECTIONS,PAY OVER,2025-03-27T22:04:27.000000
45495,TRACE,GONEAWAY,2025-03-28T03:00:35.000000
66216,OTHER,ARCHIVED,2025-03-28T03:33:41.000000
60840,PAYING,PAY CURR,2025-03-28T04:24:48.000000
66463,OTHER,ARCHIVED,2025-03-28T09:33:43.000000
91173,PAYING,PAY CURR,2025-03-28T16:44:30.000000
14567,COLLECTIONS,TELSOLUTIONS4,2025-03-28T18:49:59.000000
57663,OTHER,ARCHIVED,2025-03-29T03:26:11.000000
62836,INSOLVENCY,INS1,2025-03-29T04:02:47.000000
85557,PAYING,PAY PROP,2025-03-29T04:11:35.000000
13124,SETTLED,SETTLED,2025-03-29T06:44:12.000000
57074,INSOLVENCY,INS4,2025-03-29T08:06:34.000000
58244,PAYING,PAY CURR,2025-03-29T09:05:52.000000
30943,COLLECTIONS,PAY OVER,2025-03-29T11:24:38.000000
85441,SETTLED,SETTLED,2025-03-29T12:48:54.000000
21698,TRACE,GONEAWAY,2025-03-29T13:41:55.000000
84118,PAYING,PAY CURR,2025-03-29T14:10:56.000000
62595,COLLECTIONS,TELSOLUTIONS4,2025-03-29T14:29:01.000000
66463,OTHER,ARCHIVED,2025-03-29T16:07:16.000000
49823,COLLECTIONS,PRIME,2025-03-29T17:50:46.000000
60001,OTHER,ARCHIVED,2025-03-29T18:00:51.000000
39453,INSOLVENCY,INSP,2025-03-29T18:21:19.000000
30496,OTHER,ARCHIVED,2025-03-29T21:44:37.000000
19675,TRACE,GONEAWAY,2025-03-29T21:51:31.000000
64070,LEGAL,LEG_NOT,2025-03-29T22:15:41.000000
89082,SETTLED,SETTLED,2025-03-30T04:31:54.000000
26918,COLLECTIONS,TELSOLUTIONS1,2025-03-30T05:49:38.000000
85241,TRACE,GONEAWAY,2025-03-30T08:34:34.000000
47808,LEGAL,LEG_NOT,2025-03-30T12:12:48.000000
52137,COLLECTIONS,CASSIST2,2025-03-30T13:18:58.000000
14961,LEGAL,HOLD FO,2025-03-30T13:20:48.000000
81029,TRACE,GONEAWAY,2025-03-30T17:33:06.000000
73980,SETTLED,SETTLED,2025-03-30T22:55:05.000000
29623,OTHER,ARCHIVED,2025-03-31T04:19:28.000000
66106,SETTLED,SETTLED,2025-03-31T04:24:59.000000
77521,SETTLED,SETTLED,2025-03-31T06:29:11.000000
41740,LEGAL,LEG_NOT,2025-03-31T06:57:32.000000
22047,PAYING,PAY CURR,2025-03-31T08:12:11.000000
37988,PAYING,PAY CURR,2025-03-31T11:29:10.000000
34002,TRACE,GONEAWAY,2025-03-31T12:13:24.000000
98298,OTHER,ARCHIVED,2025-03-31T12:36:13.000000
70629,COLLECTIONS,CANCEL2,2025-03-31T13:37:28.000000
68484,INSOLVENCY,INS3,2025-03-31T14:37:58.000000
77356,COLLECTIONS,PRIME_D,2025-03-31T17:46:50.000000
14184,TRACE,GONEAWAY,2025-03-31T21:05:02.000000
96772,LEGAL,LEG_TIT,2025-03-31T22:23:19.000000
78633,PAYING,PAY CURR,2025-04-01T01:06:20.000000
89612,COLLECTIONS,CASSIST2,2025-04-01T02:46:56.000000
19523,SETTLED,SETTLED,2025-04-01T03:09:18.000000
46494,COLLECTIONS,PAY OVER,2025-04-01T03:09:38.000000
88706,COLLECTIONS,CANCEL4,2025-04-01T04:49:19.000000
14117,SETTLED,SETTLED,2025-04-01T08:19:06.000000
52697,TRACE,GONEAWAY,2025-04-01T16:28:04.000000
47933,INSOLVENCY,INS4,2025-04-01T17:15:35.000000
21489,LEGAL,LEG_TIT,2025-04-01T20:52:41.000000
94956,PAYING,PAY CURR,2025-04-01T22:10:48.000000
15248,PAYING,PAY PROP,2025-04-01T22:39:12.000000
93774,OTHER,ARCHIVED,2025-04-02T03:36:37.000000
40659,PAYING,PAY PROP,2025-04-02T04:46:02.000000
63285,PAYING,PAY CURR,2025-04-02T13:25:40.000000
63368,SETTLED,SETTLED,2025-04-02T13:29:25.000000
83776,COLLECTIONS,PRIME,2025-04-02T13:43:28.000000
84211,COLLECTIONS,PRIME,2025-04-02T15:29:05.000000
27497,LEGAL,LEG VERIF 1,2025-04-02T15:42:03.000000
59502,TRACE,GONEAWAY,2025-04-02T20:05:26.000000
48880,TRACE,GONEAWAY,2025-04-03T16:52:25.000000
94956,COLLECTIONS,TELSOLUTIONS4,2025-04-03T20:18:16.000000
86693,TRACE,GONEAWAY,2025-04-03T23:16:28.000000
63538,SETTLED,SETTLED,2025-04-04T00:42:16.000000
57663,PAYING,PAY PROP,2025-04-04T11:27:59.000000
27482,COLLECTIONS,CANCEL4,2025-04-04T14:43:51.000000
37628,OTHER,ARCHIVED,2025-04-04T15:41:53.000000
34223,INSOLVENCY,INS3,2025-04-04T21:54:24.000000
95948,INSOLVENCY,INS4,2025-04-04T23:42:39.000000
84211,TRACE,GONEAWAY,2025-04-05T03:11:28.000000
57663,INSOLVENCY,INS2,2025-04-05T05:46:13.000000
21698,TRACE,GONEAWAY,2025-04-05T07:26:08.000000
31527,TRACE,GONEAWAY,2025-04-05T10:36:51.000000
21707,OTHER,ARCHIVED,2025-04-05T15:15:24.000000
49999,SETTLED,SETTLED,2025-04-05T18:48:15.000000
44060,INSOLVENCY,INS1,2025-04-05T18:51:15.000000
94193,INSOLVENCY,INS1,2025-04-06T01:28:36.000000
22367,OTHER,ARCHIVED,2025-04-06T03:34:42.000000
16628,INSOLVENCY,INS2,2025-04-06T04:20:07.000000
87921,COLLECTIONS,PAY OVER,2025-04-06T06:32:26.000000
40540,TRACE,GONEAWAY,2025-04-06T10:06:48.000000
13356,OTHER,ARCHIVED,2025-04-06T10:42:02.000000
71242,PAYING,PAY CURR,2025-04-06T11:44:22.000000
25633,COLLECTIONS,CASSIST2,2025-04-06T13:56:26.000000
39966,OTHER,ARCHIVED,2025-04-06T16:17:02.000000
65559,INSOLVENCY,INSP,2025-04-06T23:55:59.000000
59399,COLLECTIONS,TELSOLUTIONS1,2025-04-07T00:29:32.000000
41546,OTHER,ARCHIVED,2025-04-07T00:45:16.000000
40659,LEGAL,HOLD FO,2025-04-07T04:28:27.000000
77426,TRACE,GONEAWAY,2025-04-07T05:55:11.000000
20457,OTHER,ARCHIVED,2025-04-07T06:38:25.000000
36291,TRACE,GONEAWAY,2025-04-07T07:39:53.000000
95230,PAYING,PAY CURR,2025-04-07T07:52:52.000000
91331,INSOLVENCY,INS1,2025-04-07T08:45:43.000000
72758,TRACE,GONEAWAY,2025-04-07T10:06:15.000000
68861,LEGAL,LEG VERIF 2,2025-04-07T13:19:11.000000
31658,INSOLVENCY,INS1,2025-04-07T14:55:19.000000
89082,TRACE,GONEAWAY,2025-04-07T16:12:06.000000
36459,PAYING,PAY CURR,2025-04-07T16:15:24.000000
47103,PAYING,PAY PROP,2025-04-07T18:38:12.000000
78633,TRACE,GONEAWAY,2025-04-08T00:14:19.000000
68484,INSOLVENCY,INSP,2025-04-08T07:32:23.000000
51246,LEGAL,LEG_TIT,2025-04-08T07:49:50.000000
48388,COLLECTIONS,TELSOLUTIONS4,2025-04-08T08:53:41.000000
73634,COLLECTIONS,TELSOLUTIONS4,2025-04-08T10:19:23.000000
55044,INSOLVENCY,INS4,2025-04-08T12:24:58.000000
44502,LEGAL,LEG VERIF 1,2025-04-08T13:55:02.000000
13989,COLLECTIONS,PAY OVER,2025-04-08T14:18:06.000000
17670,OTHER,ARCHIVED,2025-04-08T15:05:35.000000
39643,OTHER,ARCHIVED,2025-04-08T16:45:58.000000
54718,COLLECTIONS,CANCEL4,2025-04-08T16:54:54.000000
20233,COLLECTIONS,PRIME_D,2025-04-08T17:55:05.000000
86086,LEGAL,HOLD FO,2025-04-08T19:01:35.000000
29836,TRACE,GONEAWAY,2025-04-08T19:47:47.000000
38621,TRACE,GONEAWAY,2025-04-08T21:29:55.000000
66755,TRACE,GONEAWAY,2025-04-08T22:48:23.000000
29593,INSOLVENCY,INSP,2025-04-09T01:29:58.000000
47984,PAYING,PAY PROP,2025-04-09T03:22:56.000000
57791,TRACE,GONEAWAY,2025-04-09T06:39:59.000000
54341,PAYING,PAY PROP,2025-04-09T06:48:53.000000
17232,TRACE,GONEAWAY,2025-04-09T08:28:49.000000
60001,TRACE,GONEAWAY,2025-04-09T08:57:43.000000
61934,INSOLVENCY,INS2,2025-04-09T16:20:11.000000
42371,SETTLED,SETTLED,2025-04-09T16:55:45.000000
62692,COLLECTIONS,TELSOLUTIONS4,2025-04-09T17:08:12.000000
23982,LEGAL,HOLD FO,2025-04-09T17:45:35.000000
74428,PAYING,PAY CURR,2025-04-09T19:07:17.000000
46986,TRACE,GONEAWAY,2025-04-09T22:30:09.000000
27543,PAYING,PAY CURR,2025-04-09T22:32:36.000000
52017,OTHER,ARCHIVED,2025-04-12T00:40:03.000000
52436,SETTLED,SETTLED,2025-04-12T03:59:16.000000
95157,TRACE,GONEAWAY,2025-04-12T05:40:48.000000
10869,COLLECTIONS,PRIME_D,2025-04-12T07:55:01.000000
29593,COLLECTIONS,PRIME_D,2025-04-12T14:23:21.000000
42371,SETTLED,SETTLED,2025-04-12T14:44:00.000000
73980,SETTLED,SETTLED,2025-04-12T18:33:29.000000
42494,LEGAL,HOLD FO,2025-04-12T18:40:32.000000
78987,PAYING,PAY PROP,2025-04-12T20:32:30.000000
37628,COLLECTIONS,PRIME,2025-04-12T22:36:11.000000
45495,PAYING,PAY PROP,2025-04-13T03:01:12.000000
60048,TRACE,GONEAWAY,2025-04-13T03:21:04.000000
16077,COLLECTIONS,CANCEL4,2025-04-13T06:36:45.000000
49823,TRACE,GONEAWAY,2025-04-13T07:12:18.000000
98172,PAYING,PAY PROP,2025-04-13T07:59:50.000000
95157,COLLECTIONS,CASSIST2,2025-04-13T08:39:54.000000
95599,COLLECTIONS,PRIME,2025-04-13T09:16:29.000000
98298,TRACE,GONEAWAY,2025-04-13T10:46:29.000000
52087,OTHER,ARCHIVED,2025-04-13T14:51:17.000000
62495,TRACE,GONEAWAY,2025-04-13T16:23:13.000000
89178,LEGAL,LEG_NOT,2025-04-13T19:01:51.000000
40079,COLLECTIONS,CASSIST2,2025-04-13T20:09:49.000000
15004,SETTLED,SETTLED,2025-04-13T20:35:52.000000
71914,OTHER,ARCHIVED,2025-04-13T23:40:04.000000
26168,INSOLVENCY,INS1,2025-04-14T17:24:37.000000
66158,PAYING,PAY PROP,2025-04-15T01:22:11.000000
92669,SETTLED,SETTLED,2025-04-15T02:48:09.000000
69313,PAYING,PAY CURR,2025-04-15T03:03:19.000000
70629,INSOLVENCY,INSP,2025-04-15T04:13:35.000000
30496,LEGAL,LEG VERIF 2,2025-04-15T05:21:32.000000
44476,OTHER,ARCHIVED,2025-04-15T05:44:22.000000
19372,LEGAL,HOLD FO,2025-04-15T10:04:38.000000
44502,SETTLED,SETTLED,2025-04-15T11:00:15.000000
13484,INSOLVENCY,INS3,2025-04-15T11:22:50.000000
37798,COLLECTIONS,TELSOLUTIONS1,2025-04-15T12:58:20.000000
44289,INSOLVENCY,INS2,2025-04-15T13:13:33.000000
54549,INSOLVENCY,INSP,2025-04-15T13:47:00.000000
17821,OTHER,ARCHIVED,2025-04-15T15:09:25.000000
14184,TRACE,GONEAWAY,2025-04-15T16:43:01.000000
47532,SETTLED,SETTLED,2025-04-15T17:36:19.000000
69791,PAYING,PAY CURR,2025-04-15T19:22:51.000000
62836,SETTLED,SETTLED,2025-04-15T19:44:31.000000
35504,OTHER,ARCHIVED,2025-04-15T20:59:04.000000
40198,LEGAL,HOLD FO,2025-04-15T23:22:49.000000
15248,COLLECTIONS,PAY OVER,2025-04-16T21:15:41.000000
77917,INSOLVENCY,INS3,2025-04-17T00:20:01.000000
18486,LEGAL,HOLD FO,2025-04-17T00:53:58.000000
69313,SETTLED,SETTLED,2025-04-17T02:54:36.000000
37628,LEGAL,HOLD FO,2025-04-17T03:11:31.000000
94956,INSOLVENCY,INSP,2025-04-17T03:33:09.000000
78633,LEGAL,HOLD FO,2025-04-17T04:01:59.000000
88716,SETTLED,SETTLED,2025-04-17T04:20:13.000000
52087,PAYING,PAY PROP,2025-04-17T05:17:36.000000
18838,COLLECTIONS,PAY OVER,2025-04-17T05:51:11.000000
66755,COLLECTIONS,PRIME_D,2025-04-17T08:03:13.000000
23382,SETTLED,SETTLED,2025-04-17T09:53:44.000000
25000,LEGAL,LEG_NOT,2025-04-17T10:03:03.000000
90467,COLLECTIONS,PRIME_D,2025-04-17T10:43:29.000000
16198,LEGAL,LEG_NOT,2025-04-17T12:43:56.000000
28382,LEGAL,LEG_NOT,2025-04-17T17:10:55.000000
55992,LEGAL,LEG VERIF 2,2025-04-17T19:30:54.000000
39175,SETTLED,SETTLED,2025-04-17T20:12:22.000000
17948,PAYING,PAY CURR,2025-04-17T22:09:12.000000
17821,OTHER,ARCHIVED,2025-04-17T23:41:16.000000
52087,LEGAL,LEG_NOT,2025-04-18T04:11:36.000000
19523,PAYING,PAY CURR,2025-04-18T14:51:47.000000
93890,INSOLVENCY,INS2,2025-04-18T19:44:13.000000
82095,PAYING,PAY CURR,2025-04-21T02:22:32.000000
46588,PAYING,PAY CURR,2025-04-21T09:57:42.000000
57819,INSOLVENCY,INSP,2025-04-21T10:31:31.000000
90213,LEGAL,HOLD FO,2025-04-21T11:17:19.000000
70180,COLLECTIONS,CANCEL2,2025-04-21T12:57:56.000000
39453,LEGAL,LEG VERIF 2,2025-04-21T13:02:29.000000
40079,TRACE,GONEAWAY,2025-04-21T14:37:18.000000
77145,COLLECTIONS,CANCEL2,2025-04-21T15:09:19.000000
85466,SETTLED,SETTLED,2025-04-21T20:54:45.000000
29836,OTHER,ARCHIVED,2025-04-21T23:41:41.000000
82324,LEGAL,LEG VERIF 2,2025-04-22T01:25:21.000000
62106,OTHER,ARCHIVED,2025-04-22T01:55:36.000000
44289,COLLECTIONS,PAY OVER,2025-04-22T08:31:36.000000
17993,INSOLVENCY,INS2,2025-04-22T08:41:44.000000
86013,OTHER,ARCHIVED,2025-04-22T11:39:10.000000
62377,INSOLVENCY,INS1,2025-04-22T12:54:11.000000
48606,SETTLED,SETTLED,2025-04-22T14:36:08.000000
17948,LEGAL,LEG_NOT,2025-04-22T15:32:56.000000
78528,LEGAL,LEG VERIF 2,2025-04-22T16:53:41.000000
58984,INSOLVENCY,INSP,2025-04-22T18:01:04.000000
58473,PAYING,PAY PROP,2025-04-22T19:52:47.000000
55200,COLLECTIONS,CANCEL2,2025-04-22T22:45:55.000000
31463,OTHER,ARCHIVED,2025-04-22T22:50:59.000000
45393,SETTLED,SETTLED,2025-04-22T23:01:22.000000
87813,OTHER,ARCHIVED,2025-04-22T23:03:47.000000
77013,INSOLVENCY,INS4,2025-04-23T00:12:59.000000
26742,LEGAL,LEG_NOT,2025-04-23T03:09:24.000000
82324,LEGAL,LEG_TIT,2025-04-23T07:01:50.000000
14006,PAYING,PAY PROP,2025-04-23T10:25:51.000000
97132,LEGAL,LEG_TIT,2025-04-23T10:52:05.000000
39966,PAYING,PAY CURR,2025-04-23T11:24:33.000000
13883,LEGAL,LEG_TIT,2025-04-23T22:12:06.000000
82324,LEGAL,LEG_NOT,2025-04-24T01:13:15.000000
22047,COLLECTIONS,CANCEL2,2025-04-24T11:10:35.000000
61550,PAYING,PAY CURR,2025-04-24T11:50:19.000000
70629,SETTLED,SETTLED,2025-04-24T17:36:58.000000
60199,INSOLVENCY,INS1,2025-04-25T00:01:30.000000
15757,SETTLED,SETTLED,2025-04-25T00:42:26.000000
98794,OTHER,ARCHIVED,2025-04-25T05:18:51.000000
42252,COLLECTIONS,PRIME,2025-04-25T05:47:52.000000
37988,INSOLVENCY,INS2,2025-04-25T09:18:22.000000
87432,SETTLED,SETTLED,2025-04-25T11:36:36.000000
79279,OTHER,ARCHIVED,2025-04-25T12:00:31.000000
13356,COLLECTIONS,PAY OVER,2025-04-25T12:07:41.000000
61582,TRACE,GONEAWAY,2025-04-25T13:25:17.000000
32552,INSOLVENCY,INSP,2025-04-25T13:59:41.000000
39116,COLLECTIONS,PAY OVER,2025-04-25T14:04:50.000000
75042,TRACE,GONEAWAY,2025-04-25T14:39:17.000000
32252,COLLECTIONS,PRIME_D,2025-04-25T15:16:51.000000
11916,SETTLED,SETTLED,2025-04-25T18:08:35.000000
84211,PAYING,PAY PROP,2025-04-25T19:19:42.000000
18838,TRACE,GONEAWAY,2025-04-26T01:07:55.000000
32552,INSOLVENCY,INSP,2025-04-26T03:17:06.000000
46662,OTHER,ARCHIVED,2025-04-26T03:53:31.000000
61708,SETTLED,SETTLED,2025-04-26T04:02:12.000000
66216,LEGAL,LEG VERIF 1,2025-04-26T05:35:38.000000
98909,PAYING,PAY PROP,2025-04-26T05:52:01.000000
55558,COLLECTIONS,PAY OVER,2025-04-26T07:12:18.000000
85922,OTHER,ARCHIVED,2025-04-26T09:03:22.000000
90725,LEGAL,LEG VERIF 1,2025-04-26T15:24:47.000000
97280,LEGAL,LEG VERIF 1,2025-04-26T16:53:24.000000
98254,INSOLVENCY,INS3,2025-04-26T19:16:01.000000
98298,TRACE,GONEAWAY,2025-04-26T19:32:26.000000
14117,TRACE,GONEAWAY,2025-04-26T20:05:23.000000
90869,COLLECTIONS,TELSOLUTIONS4,2025-04-26T23:08:04.000000
86086,INSOLVENCY,INSP,2025-04-27T00:28:04.000000
91712,OTHER,ARCHIVED,2025-04-27T02:48:09.000000
25073,COLLECTIONS,PAY OVER,2025-04-27T02:51:26.000000
54765,LEGAL,LEG_TIT,2025-04-27T05:05:58.000000
98794,LEGAL,LEG_TIT,2025-04-27T06:13:48.000000
21707,SETTLED,SETTLED,2025-04-27T08:24:14.000000
58244,INSOLVENCY,INS4,2025-04-27T10:22:57.000000
40540,COLLECTIONS,PAY OVER,2025-04-27T11:48:19.000000
82007,PAYING,PAY CURR,2025-04-27T11:49:50.000000
52017,OTHER,ARCHIVED,2025-04-27T14:49:06.000000
35504,LEGAL,HOLD FO,2025-04-27T17:08:21.000000
86013,SETTLED,SETTLED,2025-04-27T21:49:28.000000
72838,INSOLVENCY,INS3,2025-04-27T22:56:08.000000
35504,PAYING,PAY CURR,2025-04-27T23:46:13.000000
71914,SETTLED,SETTLED,2025-04-28T03:27:05.000000
41740,LEGAL,LEG_NOT,2025-04-28T03:33:29.000000
97661,LEGAL,LEG VERIF 2,2025-04-28T06:04:42.000000
52436,PAYING,PAY PROP,2025-04-28T06:15:39.000000
44289,OTHER,ARCHIVED,2025-04-28T08:24:53.000000
27620,SETTLED,SETTLED,2025-04-28T09:07:01.000000
77013,INSOLVENCY,INS4,2025-04-28T09:24:49.000000
93809,TRACE,GONEAWAY,2025-04-28T09:30:58.000000
46992,LEGAL,LEG VERIF 2,2025-04-28T10:52:08.000000
67396,LEGAL,LEG VERIF 1,2025-04-28T11:04:29.000000
69313,SETTLED,SETTLED,2025-04-28T14:17:04.000000
77917,PAYING,PAY PROP,2025-04-28T15:08:25.000000
95997,TRACE,GONEAWAY,2025-04-28T16:46:44.000000
77395,SETTLED,SETTLED,2025-04-28T20:47:32.000000
26168,PAYING,PAY PROP,2025-04-28T23:10:08.000000
23982,PAYING,PAY CURR,2025-04-28T23:53:17.000000
30531,SETTLED,SETTLED,2025-04-29T00:42:35.000000
62495,SETTLED,SETTLED,2025-04-29T01:14:55.000000
93809,PAYING,PAY PROP,2025-04-29T01:55:45.000000
96772,SETTLED,SETTLED,2025-04-29T02:46:50.000000
13206,TRACE,GONEAWAY,2025-04-29T03:07:11.000000
17821,PAYING,PAY PROP,2025-04-29T03:20:20.000000
90725,TRACE,GONEAWAY,2025-04-29T05:35:38.000000
60840,INSOLVENCY,INS3,2025-04-29T05:46:07.000000
91712,OTHER,ARCHIVED,2025-04-29T06:32:55.000000
54341,LEGAL,LEG VERIF 1,2025-04-29T06:55:26.000000
81634,INSOLVENCY,INS1,2025-04-29T08:34:51.000000
47984,TRACE,GONEAWAY,2025-04-29T11:49:05.000000
13206,OTHER,ARCHIVED,2025-04-29T12:43:13.000000
34629,PAYING,PAY CURR,2025-04-29T19:56:37.000000
21489,SETTLED,SETTLED,2025-04-29T20:26:18.000000
71242,PAYING,PAY PROP,2025-04-30T03:12:15.000000
90467,COLLECTIONS,CASSIST2,2025-04-30T03:12:46.000000
77145,PAYING,PAY CURR,2025-04-30T07:16:14.000000
15248,LEGAL,HOLD FO,2025-04-30T18:17:23.000000
77426,SETTLED,SETTLED,2025-04-30T18:46:24.000000
32552,OTHER,ARCHIVED,2025-04-30T19:08:08.000000
31933,SETTLED,SETTLED,2025-04-30T20:42:48.000000
23780,TRACE,GONEAWAY,2025-04-30T23:05:18.000000
86086,OTHER,ARCHIVED,2025-05-01T00:01:14.000000
26514,SETTLED,SETTLED,2025-05-01T02:36:00.000000
84455,COLLECTIONS,CASSIST2,2025-05-01T03:28:53.000000
59639,OTHER,ARCHIVED,2025-05-01T11:12:04.000000
30943,OTHER,ARCHIVED,2025-05-01T12:31:36.000000
67396,PAYING,PAY CURR,2025-05-01T13:18:47.000000
88706,LEGAL,HOLD FO,2025-05-01T13:23:55.000000
48880,SETTLED,SETTLED,2025-05-01T13:37:53.000000
91435,PAYING,PAY CURR,2025-05-01T15:36:56.000000
81634,TRACE,GONEAWAY,2025-05-01T17:36:53.000000
29593,SETTLED,SETTLED,2025-05-01T19:49:49.000000
71125,PAYING,PAY PROP,2025-05-01T20:02:58.000000
47532,SETTLED,SETTLED,2025-05-01T22:51:11.000000
62106,TRACE,GONEAWAY,2025-05-02T02:41:32.000000
48606,LEGAL,LEG_NOT,2025-05-02T09:16:32.000000
34083,TRACE,GONEAWAY,2025-05-02T11:43:29.000000
54275,SETTLED,SETTLED,2025-05-02T18:14:23.000000
28382,SETTLED,SETTLED,2025-05-03T01:20:37.000000
97918,LEGAL,LEG VERIF 2,2025-05-03T02:28:57.000000
88716,LEGAL,LEG VERIF 1,2025-05-03T03:11:04.000000
82269,COLLECTIONS,PRIME,2025-05-03T04:16:51.000000
32998,OTHER,ARCHIVED,2025-05-03T06:42:11.000000
16198,LEGAL,LEG VERIF 1,2025-05-03T09:34:41.000000
97730,TRACE,GONEAWAY,2025-05-03T10:52:18.000000
62595,COLLECTIONS,PRIME_D,2025-05-03T11:09:19.000000
37988,TRACE,GONEAWAY,2025-05-03T18:15:35.000000
85241,OTHER,ARCHIVED,2025-05-03T20:08:43.000000
36313,INSOLVENCY,INS4,2025-05-03T20:16:15.000000
20457,INSOLVENCY,INS4,2025-05-03T21:20:30.000000
12247,PAYING,PAY CURR,2025-05-03T21:20:48.000000
52697,COLLECTIONS,TELSOLUTIONS4,2025-05-03T22:23:16.000000
11916,OTHER,ARCHIVED,2025-05-04T02:01:31.000000
55047,COLLECTIONS,CANCEL2,2025-05-04T03:49:57.000000
46545,INSOLVENCY,INS4,2025-05-04T04:54:14.000000
88333,SETTLED,SETTLED,2025-05-04T05:58:54.000000
10869,PAYING,PAY PROP,2025-05-04T06:32:49.000000
80451,LEGAL,HOLD FO,2025-05-04T06:38:20.000000
47801,LEGAL,HOLD FO,2025-05-04T06:50:14.000000
67504,PAYING,PAY PROP,2025-05-04T10:16:44.000000
95324,OTHER,ARCHIVED,2025-05-04T11:32:30.000000
70219,TRACE,GONEAWAY,2025-05-04T12:17:22.000000
54765,TRACE,GONEAWAY,2025-05-04T13:04:52.000000
44476,TRACE,GONEAWAY,2025-05-04T14:30:09.000000
48880,SETTLED,SETTLED,2025-05-04T15:46:08.000000
41546,OTHER,ARCHIVED,2025-05-04T17:33:09.000000
78528,COLLECTIONS,CASSIST2,2025-05-04T17:39:00.000000
26514,COLLECTIONS,CASSIST2,2025-05-05T00:31:02.000000
39629,SETTLED,SETTLED,2025-05-05T02:59:21.000000
54885,PAYING,PAY PROP,2025-05-05T03:30:15.000000
81675,TRACE,GONEAWAY,2025-05-05T04:32:32.000000
39643,COLLECTIONS,PRIME_D,2025-05-05T04:44:54.000000
66755,INSOLVENCY,INS1,2025-05-05T04:53:44.000000
34650,PAYING,PAY CURR,2025-05-05T06:15:27.000000
74670,LEGAL,LEG VERIF 2,2025-05-05T10:19:52.000000
63368,COLLECTIONS,TELSOLUTIONS4,2025-05-05T13:20:10.000000
72758,INSOLVENCY,INSP,2025-05-05T13:37:59.000000
45571,COLLECTIONS,CASSIST2,2025-05-05T14:11:53.000000
40198,TRACE,GONEAWAY,2025-05-05T16:09:25.000000
66138,INSOLVENCY,INS3,2025-05-05T17:14:23.000000
21415,OTHER,ARCHIVED,2025-05-05T17:37:46.000000
63285,TRACE,GONEAWAY,2025-05-05T18:08:19.000000
30746,PAYING,PAY CURR,2025-05-05T18:57:13.000000
25633,LEGAL,LEG_TIT,2025-05-05T20:42:15.000000
60001,INSOLVENCY,INS3,2025-05-05T23:12:18.000000
90540,PAYING,PAY PROP,2025-05-06T00:13:20.000000
46992,INSOLVENCY,INS4,2025-05-06T00:26:43.000000
94606,COLLECTIONS,CANCEL2,2025-05-06T01:19:56.000000
82526,LEGAL,HOLD FO,2025-05-06T03:59:46.000000
66755,LEGAL,LEG_NOT,2025-05-06T04:19:30.000000
31527,OTHER,ARCHIVED,2025-05-06T06:06:54.000000
94706,COLLECTIONS,CANCEL2,2025-05-06T10:30:52.000000
91402,PAYING,PAY PROP,2025-05-06T13:59:01.000000
37781,OTHER,ARCHIVED,2025-05-06T14:25:26.000000
77395,COLLECTIONS,PRIME,2025-05-06T16:36:01.000000
53131,OTHER,ARCHIVED,2025-05-06T16:45:09.000000
73332,OTHER,ARCHIVED,2025-05-06T23:53:03.000000
47450,PAYING,PAY CURR,2025-05-07T11:03:31.000000
28504,PAYING,PAY CURR,2025-05-07T14:36:59.000000
95232,PAYING,PAY PROP,2025-05-07T19:15:08.000000
33687,OTHER,ARCHIVED,2025-05-07T22:04:22.000000
10585,COLLECTIONS,TELSOLUTIONS4,2025-05-08T05:34:16.000000
18486,COLLECTIONS,TELSOLUTIONS1,2025-05-08T10:56:21.000000
88716,LEGAL,LEG VERIF 2,2025-05-08T12:32:06.000000
13484,COLLECTIONS,TELSOLUTIONS4,2025-05-08T13:08:53.000000
89946,LEGAL,LEG VERIF 1,2025-05-08T13:24:37.000000
91658,LEGAL,LEG_NOT,2025-05-08T14:19:32.000000
39629,PAYING,PAY CURR,2025-05-08T14:39:18.000000
28442,COLLECTIONS,TELSOLUTIONS4,2025-05-08T21:36:40.000000
32687,COLLECTIONS,TELSOLUTIONS4,2025-05-09T00:29:24.000000
55200,INSOLVENCY,INS4,2025-05-09T01:48:15.000000
93496,LEGAL,LEG VERIF 2,2025-05-09T02:44:03.000000
26232,COLLECTIONS,CANCEL4,2025-05-09T03:50:27.000000
52697,COLLECTIONS,PRIME,2025-05-09T04:39:55.000000
54549,TRACE,GONEAWAY,2025-05-09T05:39:57.000000
35227,INSOLVENCY,INS1,2025-05-09T07:05:00.000000
45153,INSOLVENCY,INS3,2025-05-09T07:27:15.000000
77262,SETTLED,SETTLED,2025-05-09T08:27:42.000000
97280,OTHER,ARCHIVED,2025-05-09T09:54:55.000000
70180,COLLECTIONS,CANCEL4,2025-05-09T11:56:56.000000
91402,COLLECTIONS,CANCEL4,2025-05-09T15:16:47.000000
26066,TRACE,GONEAWAY,2025-05-09T15:17:39.000000
84211,COLLECTIONS,CANCEL2,2025-05-09T18:21:19.000000
39313,COLLECTIONS,TELSOLUTIONS1,2025-05-09T19:59:07.000000
14961,SETTLED,SETTLED,2025-05-09T20:06:01.000000
43314,LEGAL,LEG_NOT,2025-05-09T21:42:45.000000
20507,TRACE,GONEAWAY,2025-05-09T21:44:43.000000
92829,OTHER,ARCHIVED,2025-05-10T03:58:36.000000
26232,SETTLED,SETTLED,2025-05-10T05:34:45.000000
30496,LEGAL,LEG_NOT,2025-05-10T07:53:43.000000
13484,COLLECTIONS,CANCEL4,2025-05-10T08:50:54.000000
53016,PAYING,PAY PROP,2025-05-10T15:03:38.000000
67687,OTHER,ARCHIVED,2025-05-10T20:23:04.000000
26066,INSOLVENCY,INS3,2025-05-10T22:25:54.000000
21489,TRACE,GONEAWAY,2025-05-11T08:24:26.000000
20307,COLLECTIONS,PRIME,2025-05-11T09:22:57.000000
98849,OTHER,ARCHIVED,2025-05-11T11:38:43.000000
29600,SETTLED,SETTLED,2025-05-11T11:49:27.000000
74428,INSOLVENCY,INS4,2025-05-11T12:08:41.000000
15004,OTHER,ARCHIVED,2025-05-11T12:51:40.000000
39175,TRACE,GONEAWAY,2025-05-11T17:27:05.000000
70219,COLLECTIONS,CASSIST2,2025-05-11T17:51:19.000000
77426,OTHER,ARCHIVED,2025-05-11T19:10:25.000000
57417,COLLECTIONS,CANCEL2,2025-05-11T22:09:19.000000
82324,SETTLED,SETTLED,2025-05-11T22:49:07.000000
29836,PAYING,PAY PROP,2025-05-12T02:58:04.000000
72838,PAYING,PAY CURR,2025-05-12T04:15:20.000000
30746,COLLECTIONS,PRIME,2025-05-12T08:28:30.000000
88213,OTHER,ARCHIVED,2025-05-12T09:29:27.000000
57074,SETTLED,SETTLED,2025-05-12T09:31:31.000000
59940,LEGAL,LEG_TIT,2025-05-12T12:43:58.000000
19675,SETTLED,SETTLED,2025-05-12T17:43:17.000000
88333,SETTLED,SETTLED,2025-05-12T17:57:08.000000
88716,COLLECTIONS,TELSOLUTIONS1,2025-05-12T18:07:47.000000
32687,TRACE,GONEAWAY,2025-05-13T16:31:38.000000
67687,COLLECTIONS,CANCEL4,2025-05-13T21:34:47.000000
58473,COLLECTIONS,TELSOLUTIONS1,2025-05-14T02:14:08.000000
13989,PAYING,PAY CURR,2025-05-14T05:46:09.000000
76500,LEGAL,LEG_TIT,2025-05-14T05:49:52.000000
40733,COLLECTIONS,CANCEL2,2025-05-14T07:37:41.000000
74428,COLLECTIONS,PAY OVER,2025-05-14T07:56:55.000000
59502,TRACE,GONEAWAY,2025-05-14T08:22:07.000000
64246,SETTLED,SETTLED,2025-05-14T13:40:59.000000
15757,TRACE,GONEAWAY,2025-05-14T15:05:57.000000
96772,LEGAL,LEG VERIF 1,2025-05-14T16:23:04.000000
39643,INSOLVENCY,INS2,2025-05-14T16:51:25.000000
95274,SETTLED,SETTLED,2025-05-14T17:02:55.000000
91099,TRACE,GONEAWAY,2025-05-14T18:10:25.000000
40987,OTHER,ARCHIVED,2025-05-14T18:30:43.000000
24213,TRACE,GONEAWAY,2025-05-14T20:46:17.000000
59639,SETTLED,SETTLED,2025-05-14T23:34:12.000000
48786,OTHER,ARCHIVED,2025-05-14T23:50:27.000000
38899,SETTLED,SETTLED,2025-05-15T00:42:13.000000
35919,PAYING,PAY PROP,2025-05-15T05:05:32.000000
66755,TRACE,GONEAWAY,2025-05-15T09:15:49.000000
66787,OTHER,ARCHIVED,2025-05-15T09:30:00.000000
63848,LEGAL,LEG_TIT,2025-05-15T10:20:57.000000
43882,SETTLED,SETTLED,2025-05-15T11:02:26.000000
46545,OTHER,ARCHIVED,2025-05-15T11:46:41.000000
46545,SETTLED,SETTLED,2025-05-15T13:00:57.000000
35227,LEGAL,LEG_TIT,2025-05-15T13:50:02.000000
52137,COLLECTIONS,PRIME,2025-05-15T14:46:50.000000
57417,SETTLED,SETTLED,2025-05-15T16:43:55.000000
59940,LEGAL,LEG_TIT,2025-05-15T17:26:11.000000
87394,OTHER,ARCHIVED,2025-05-15T18:05:26.000000
96772,INSOLVENCY,INS2,2025-05-15T18:21:13.000000
91001,OTHER,ARCHIVED,2025-05-15T22:36:04.000000
69791,TRACE,GONEAWAY,2025-05-15T23:49:13.000000
34108,TRACE,GONEAWAY,2025-05-16T05:47:19.000000
27800,INSOLVENCY,INS4,2025-05-16T06:22:06.000000
79521,COLLECTIONS,PRIME_D,2025-05-16T07:18:45.000000
77395,PAYING,PAY PROP,2025-05-16T07:40:27.000000
20307,COLLECTIONS,PAY OVER,2025-05-16T14:53:54.000000
10585,SETTLED,SETTLED,2025-05-17T01:53:30.000000
45571,TRACE,GONEAWAY,2025-05-17T04:28:33.000000
28442,COLLECTIONS,CASSIST2,2025-05-17T04:39:32.000000
18838,COLLECTIONS,TELSOLUTIONS1,2025-05-17T09:01:23.000000
61550,OTHER,ARCHIVED,2025-05-17T09:41:40.000000
35919,TRACE,GONEAWAY,2025-05-17T11:42:00.000000
53131,INSOLVENCY,INS3,2025-05-17T17:11:11.000000
73980,COLLECTIONS,TELSOLUTIONS4,2025-05-17T18:46:31.000000
73980,SETTLED,SETTLED,2025-05-17T18:57:23.000000
19413,TRACE,GONEAWAY,2025-05-17T23:21:19.000000
63848,LEGAL,LEG VERIF 1,2025-05-18T09:13:55.000000
83785,SETTLED,SETTLED,2025-05-19T17:34:37.000000
36810,COLLECTIONS,CASSIST2,2025-05-20T04:03:49.000000
91435,PAYING,PAY PROP,2025-05-20T06:30:29.000000
51089,TRACE,GONEAWAY,2025-05-20T08:39:15.000000
38921,INSOLVENCY,INSP,2025-05-20T09:10:22.000000
11356,INSOLVENCY,INS4,2025-05-20T09:15:34.000000
14671,SETTLED,SETTLED,2025-05-20T09:46:49.000000
91099,INSOLVENCY,INSP,2025-05-20T13:30:56.000000
95948,COLLECTIONS,PRIME_D,2025-05-20T23:38:23.000000
84118,COLLECTIONS,PRIME_D,2025-05-21T02:42:40.000000
27800,SETTLED,SETTLED,2025-05-21T19:09:50.000000
78528,TRACE,GONEAWAY,2025-05-22T00:43:58.000000
86013,TRACE,GONEAWAY,2025-05-22T00:52:48.000000
91331,PAYING,PAY CURR,2025-05-22T01:13:22.000000
32832,OTHER,ARCHIVED,2025-05-22T02:26:50.000000
32998,LEGAL,LEG_NOT,2025-05-22T04:29:16.000000
17880,COLLECTIONS,CANCEL4,2025-05-22T05:51:53.000000
17880,COLLECTIONS,CANCEL4,2025-05-22T06:02:45.000000
98794,PAYING,PAY CURR,2025-05-22T06:51:30.000000
59344,LEGAL,LEG VERIF 1,2025-05-22T07:25:08.000000
86347,PAYING,PAY PROP,2025-05-22T08:54:43.000000
10585,PAYING,PAY PROP,2025-05-22T10:20:48.000000
54123,SETTLED,SETTLED,2025-05-22T10:51:29.000000
95232,OTHER,ARCHIVED,2025-05-22T11:20:38.000000
83943,COLLECTIONS,PAY OVER,2025-05-22T12:37:12.000000
94714,SETTLED,SETTLED,2025-05-22T13:33:16.000000
71125,TRACE,GONEAWAY,2025-05-22T14:53:10.000000
46992,TRACE,GONEAWAY,2025-05-22T19:52:04.000000
90869,PAYING,PAY PROP,2025-05-22T20:27:15.000000
10585,TRACE,GONEAWAY,2025-05-22T21:22:43.000000
84256,TRACE,GONEAWAY,2025-05-23T00:35:23.000000
32283,PAYING,PAY CURR,2025-05-23T01:15:59.000000
87432,SETTLED,SETTLED,2025-05-23T01:25:22.000000
92669,SETTLED,SETTLED,2025-05-23T07:09:27.000000
55992,PAYING,PAY CURR,2025-05-23T08:37:14.000000
63099,SETTLED,SETTLED,2025-05-23T10:08:38.000000
98254,INSOLVENCY,INS2,2025-05-23T10:42:08.000000
74670,PAYING,PAY CURR,2025-05-23T10:54:46.000000
45539,SETTLED,SETTLED,2025-05-23T12:44:25.000000
48354,INSOLVENCY,INS3,2025-05-23T14:49:28.000000
13416,SETTLED,SETTLED,2025-05-23T15:07:19.000000
66158,OTHER,ARCHIVED,2025-05-23T15:09:47.000000
68484,INSOLVENCY,INS1,2025-05-23T15:58:37.000000
26066,OTHER,ARCHIVED,2025-05-23T18:25:25.000000
13416,INSOLVENCY,INS1,2025-05-23T21:01:59.000000
98254,LEGAL,LEG VERIF 2,2025-05-23T21:14:44.000000
78633,TRACE,GONEAWAY,2025-05-23T21:37:41.000000
13484,TRACE,GONEAWAY,2025-05-23T22:45:12.000000
92669,OTHER,ARCHIVED,2025-05-24T02:58:31.000000
47933,PAYING,PAY PROP,2025-05-24T03:35:44.000000
39776,OTHER,ARCHIVED,2025-05-24T04:28:07.000000
94714,TRACE,GONEAWAY,2025-05-24T05:42:27.000000
81675,PAYING,PAY PROP,2025-05-24T05:53:30.000000
21399,LEGAL,LEG VERIF 1,2025-05-24T06:38:29.000000
71242,LEGAL,LEG VERIF 1,2025-05-24T06:55:36.000000
74670,COLLECTIONS,PAY OVER,2025-05-24T06:56:23.000000
28504,PAYING,PAY CURR,2025-05-24T07:17:21.000000
36313,INSOLVENCY,INS4,2025-05-24T09:58:04.000000
19099,TRACE,GONEAWAY,2025-05-24T10:55:35.000000
96772,SETTLED,SETTLED,2025-05-24T12:14:28.000000
34650,LEGAL,HOLD FO,2025-05-24T13:19:20.000000
37988,SETTLED,SETTLED,2025-05-24T13:40:22.000000
77262,COLLECTIONS,PRIME_D,2025-05-24T14:47:09.000000
70437,INSOLVENCY,INS4,2025-05-24T16:35:44.000000
58064,COLLECTIONS,CANCEL2,2025-05-24T16:43:57.000000
42252,LEGAL,LEG VERIF 2,2025-05-24T17:02:28.000000
81634,INSOLVENCY,INS3,2025-05-24T17:06:55.000000
86556,COLLECTIONS,PRIME_D,2025-05-24T22:07:10.000000
75042,TRACE,GONEAWAY,2025-05-25T00:37:55.000000
19675,OTHER,ARCHIVED,2025-05-25T01:19:52.000000
94638,INSOLVENCY,INS4,2025-05-25T01:24:38.000000
25733,COLLECTIONS,PRIME_D,2025-05-25T04:30:39.000000
21707,PAYING,PAY PROP,2025-05-25T07:38:05.000000
37798,LEGAL,LEG_TIT,2025-05-25T09:49:28.000000
79279,TRACE,GONEAWAY,2025-05-25T12:07:23.000000
84845,LEGAL,LEG VERIF 2,2025-05-25T12:30:13.000000
25073,COLLECTIONS,PRIME,2025-05-25T15:02:29.000000
71048,PAYING,PAY CURR,2025-05-25T16:13:56.000000
87921,COLLECTIONS,TELSOLUTIONS1,2025-05-25T16:31:29.000000
88060,INSOLVENCY,INS4,2025-05-25T19:22:46.000000
16198,PAYING,PAY CURR,2025-05-25T19:32:20.000000
79212,SETTLED,SETTLED,2025-05-25T23:41:48.000000
70219,SETTLED,SETTLED,2025-05-26T00:12:37.000000
78987,SETTLED,SETTLED,2025-05-26T00:23:26.000000
29623,PAYING,PAY PROP,2025-05-26T00:48:10.000000
28442,OTHER,ARCHIVED,2025-05-26T01:58:41.000000
98909,COLLECTIONS,CASSIST2,2025-05-26T08:11:06.000000
84455,SETTLED,SETTLED,2025-05-26T12:34:28.000000
70437,PAYING,PAY CURR,2025-05-26T14:50:59.000000
89176,TRACE,GONEAWAY,2025-05-26T18:07:08.000000
54341,LEGAL,HOLD FO,2025-05-26T18:13:04.000000
31172,PAYING,PAY CURR,2025-05-26T23:58:18.000000
60001,INSOLVENCY,INS3,2025-05-28T00:12:17.000000
75723,LEGAL,LEG_NOT,2025-05-28T01:04:27.000000
53017,INSOLVENCY,INS2,2025-05-28T03:57:20.000000
94956,PAYING,PAY PROP,2025-05-28T05:41:19.000000
46369,INSOLVENCY,INS4,2025-05-28T10:07:24.000000
10180,OTHER,ARCHIVED,2025-05-28T10:19:46.000000
46494,OTHER,ARCHIVED,2025-05-28T10:44:16.000000
93890,LEGAL,LEG_TIT,2025-05-28T12:03:03.000000
36291,PAYING,PAY PROP,2025-05-28T12:04:27.000000
51246,SETTLED,SETTLED,2025-05-28T12:13:56.000000
19086,LEGAL,LEG VERIF 1,2025-05-28T13:29:02.000000
42747,INSOLVENCY,INSP,2025-05-28T16:34:29.000000
74228,PAYING,PAY PROP,2025-05-28T19:51:48.000000
55992,COLLECTIONS,TELSOLUTIONS4,2025-05-28T23:48:49.000000
10869,SETTLED,SETTLED,2025-05-29T00:31:14.000000
13861,TRACE,GONEAWAY,2025-05-29T04:55:51.000000
61550,COLLECTIONS,CANCEL4,2025-05-29T08:50:03.000000
11336,SETTLED,SETTLED,2025-05-29T09:35:41.000000
47103,INSOLVENCY,INS4,2025-05-29T16:07:48.000000
20307,TRACE,GONEAWAY,2025-05-30T01:04:39.000000
55030,TRACE,GONEAWAY,2025-05-30T04:00:27.000000
46155,OTHER,ARCHIVED,2025-05-30T07:31:45.000000
80451,COLLECTIONS,PRIME,2025-05-30T07:39:55.000000
13787,INSOLVENCY,INS2,2025-05-30T07:53:52.000000
16198,TRACE,GONEAWAY,2025-05-30T08:45:54.000000
29210,PAYING,PAY PROP,2025-05-30T08:51:06.000000
91331,SETTLED,SETTLED,2025-05-30T10:57:34.000000
59791,INSOLVENCY,INS3,2025-05-30T13:30:37.000000
94706,LEGAL,LEG VERIF 1,2025-05-30T17:11:28.000000
52087,LEGAL,LEG VERIF 2,2025-05-30T18:32:01.000000
85173,SETTLED,SETTLED,2025-05-30T19:24:26.000000
34177,TRACE,GONEAWAY,2025-05-30T19:45:19.000000
95324,TRACE,GONEAWAY,2025-05-30T20:17:41.000000
54549,LEGAL,HOLD FO,2025-05-30T22:19:17.000000
46986,LEGAL,LEG_NOT,2025-05-30T22:44:51.000000
33687,LEGAL,HOLD FO,2025-05-31T01:21:26.000000
25000,COLLECTIONS,TELSOLUTIONS4,2025-05-31T02:37:12.000000
69833,SETTLED,SETTLED,2025-05-31T04:43:22.000000
29593,COLLECTIONS,CASSIST2,2025-05-31T09:46:06.000000
34108,COLLECTIONS,PRIME,2025-05-31T12:30:52.000000
57819,LEGAL,LEG_TIT,2025-05-31T12:46:09.000000
52017,PAYING,PAY PROP,2025-05-31T16:03:18.000000
10474,INSOLVENCY,INS1,2025-05-31T16:18:15.000000
94928,COLLECTIONS,PRIME_D,2025-05-31T17:21:11.000000
79521,OTHER,ARCHIVED,2025-05-31T19:04:50.000000
65559,PAYING,PAY PROP,2025-05-31T19:52:16.000000
17320,SETTLED,SETTLED,2025-05-31T21:04:27.000000
19099,PAYING,PAY PROP,2025-06-01T00:12:10.000000
86013,COLLECTIONS,PAY OVER,2025-06-01T00:50:09.000000
32832,TRACE,GONEAWAY,2025-06-01T00:50:57.000000
84640,INSOLVENCY,INS4,2025-06-01T00:58:46.000000
72340,PAYING,PAY CURR,2025-06-01T01:16:05.000000
31463,OTHER,ARCHIVED,2025-06-01T01:38:43.000000
64070,COLLECTIONS,TELSOLUTIONS4,2025-06-01T02:18:55.000000
40733,OTHER,ARCHIVED,2025-06-01T05:25:47.000000
49999,COLLECTIONS,TELSOLUTIONS1,2025-06-01T07:47:49.000000
77356,COLLECTIONS,CANCEL2,2025-06-01T09:17:58.000000
57726,PAYING,PAY PROP,2025-06-01T10:47:50.000000
95232,SETTLED,SETTLED,2025-06-01T12:38:21.000000
40198,LEGAL,LEG_TIT,2025-06-01T14:30:19.000000
57819,LEGAL,LEG_TIT,2025-06-01T19:54:41.000000
29836,SETTLED,SETTLED,2025-06-01T21:07:35.000000
85557,INSOLVENCY,INSP,2025-06-01T22:20:20.000000
59502,SETTLED,SETTLED,2025-06-02T01:38:57.000000
14006,INSOLVENCY,INS1,2025-06-02T07:44:29.000000
87813,LEGAL,LEG VERIF 2,2025-06-04T00:33:24.000000
35861,INSOLVENCY,INSP,2025-06-04T00:52:07.000000
15757,TRACE,GONEAWAY,2025-06-04T01:50:23.000000
36810,TRACE,GONEAWAY,2025-06-04T02:33:53.000000
60001,INSOLVENCY,INSP,2025-06-04T03:52:51.000000
78416,TRACE,GONEAWAY,2025-06-05T00:23:51.000000
33347,OTHER,ARCHIVED,2025-06-05T08:47:30.000000
10869,SETTLED,SETTLED,2025-06-05T13:27:24.000000
79212,COLLECTIONS,PRIME,2025-06-05T13:58:59.000000
98794,LEGAL,LEG_TIT,2025-06-06T01:13:45.000000
85241,TRACE,GONEAWAY,2025-06-06T02:16:44.000000
85441,COLLECTIONS,TELSOLUTIONS1,2025-06-06T04:29:11.000000
26514,LEGAL,HOLD FO,2025-06-06T04:50:02.000000
60840,COLLECTIONS,CANCEL4,2025-06-06T05:38:22.000000
32687,PAYING,PAY PROP,2025-06-06T07:10:57.000000
47532,COLLECTIONS,PAY OVER,2025-06-06T09:04:38.000000
13416,COLLECTIONS,CASSIST2,2025-06-06T09:18:40.000000
57417,PAYING,PAY CURR,2025-06-06T09:22:26.000000
65773,COLLECTIONS,PRIME,2025-06-06T12:04:26.000000
29210,INSOLVENCY,INS2,2025-06-06T15:44:50.000000
98849,LEGAL,HOLD FO,2025-06-06T15:52:13.000000
34002,LEGAL,LEG VERIF 1,2025-06-06T16:19:11.000000
45548,SETTLED,SETTLED,2025-06-06T16:32:13.000000
67701,COLLECTIONS,PRIME_D,2025-06-06T16:57:38.000000
91558,COLLECTIONS,CASSIST2,2025-06-06T16:58:30.000000
65156,INSOLVENCY,INSP,2025-06-06T18:02:39.000000
85441,OTHER,ARCHIVED,2025-06-07T00:37:10.000000
82487,LEGAL,LEG VERIF 2,2025-06-07T01:42:56.000000
70629,PAYING,PAY CURR,2025-06-07T08:19:05.000000
11449,PAYING,PAY CURR,2025-06-07T09:17:41.000000
21698,INSOLVENCY,INS2,2025-06-07T10:20:20.000000
59505,LEGAL,HOLD FO,2025-06-07T10:57:43.000000
34083,OTHER,ARCHIVED,2025-06-07T11:38:46.000000
53017,COLLECTIONS,PRIME,2025-06-07T14:09:06.000000
63538,COLLECTIONS,PRIME,2025-06-07T16:58:00.000000
88716,PAYING,PAY PROP,2025-06-07T17:19:02.000000
29600,PAYING,PAY PROP,2025-06-07T17:22:22.000000
99694,COLLECTIONS,CANCEL4,2025-06-07T18:49:23.000000
40079,OTHER,ARCHIVED,2025-06-07T19:08:03.000000
63368,LEGAL,HOLD FO,2025-06-07T20:24:26.000000
85922,PAYING,PAY PROP,2025-06-07T20:28:15.000000
63223,PAYING,PAY PROP,2025-06-07T20:54:01.000000
46155,INSOLVENCY,INS1,2025-06-07T21:33:36.000000
75723,COLLECTIONS,TELSOLUTIONS1,2025-06-08T01:06:20.000000
73556,TRACE,GONEAWAY,2025-06-08T02:00:26.000000
61279,TRACE,GONEAWAY,2025-06-08T06:51:34.000000
78633,INSOLVENCY,INS2,2025-06-08T07:44:52.000000
59399,INSOLVENCY,INS2,2025-06-08T08:44:08.000000
98909,INSOLVENCY,INS2,2025-06-08T12:27:23.000000
50515,SETTLED,SETTLED,2025-06-08T14:14:27.000000
91678,OTHER,ARCHIVED,2025-06-08T22:48:20.000000
85043,SETTLED,SETTLED,2025-06-09T04:10:27.000000
34629,INSOLVENCY,INS4,2025-06-09T06:25:49.000000
92255,INSOLVENCY,INS4,2025-06-09T07:20:34.000000
98254,OTHER,ARCHIVED,2025-06-09T10:55:45.000000
98794,LEGAL,LEG_NOT,2025-06-09T13:21:24.000000
59505,LEGAL,HOLD FO,2025-06-09T14:15:26.000000
13356,LEGAL,LEG VERIF 1,2025-06-09T15:01:11.000000
69833,INSOLVENCY,INS1,2025-06-09T20:11:44.000000
59399,COLLECTIONS,TELSOLUTIONS1,2025-06-09T20:38:42.000000
35919,OTHER,ARCHIVED,2025-06-09T21:36:52.000000
63223,INSOLVENCY,INSP,2025-06-09T21:42:01.000000
10388,PAYING,PAY CURR,2025-06-10T03:33:15.000000
44286,COLLECTIONS,CANCEL4,2025-06-10T08:53:47.000000
28504,COLLECTIONS,TELSOLUTIONS4,2025-06-10T16:27:11.000000
45495,COLLECTIONS,PAY OVER,2025-06-10T23:06:32.000000
21453,OTHER,ARCHIVED,2025-06-11T02:40:33.000000
10180,OTHER,ARCHIVED,2025-06-11T03:48:35.000000
21415,PAYING,PAY CURR,2025-06-11T04:13:24.000000
28382,TRACE,GONEAWAY,2025-06-11T05:30:31.000000
48388,OTHER,ARCHIVED,2025-06-11T08:29:02.000000
17346,COLLECTIONS,TELSOLUTIONS1,2025-06-11T09:04:38.000000
35401,OTHER,ARCHIVED,2025-06-11T10:38:30.000000
59502,SETTLED,SETTLED,2025-06-11T11:42:33.000000
10474,PAYING,PAY PROP,2025-06-11T11:59:07.000000
34177,COLLECTIONS,TELSOLUTIONS4,2025-06-11T15:30:26.000000
68436,OTHER,ARCHIVED,2025-06-11T16:06:07.000000
94751,COLLECTIONS,TELSOLUTIONS1,2025-06-11T16:10:52.000000
40198,COLLECTIONS,PRIME,2025-06-11T16:17:30.000000
33347,INSOLVENCY,INS1,2025-06-11T16:58:48.000000
50973,COLLECTIONS,CASSIST2,2025-06-11T18:17:23.000000
83785,SETTLED,SETTLED,2025-06-11T19:28:27.000000
37744,TRACE,GONEAWAY,2025-06-11T21:13:03.000000
77426,TRACE,GONEAWAY,2025-06-11T22:46:11.000000
15680,INSOLVENCY,INS2,2025-06-13T08:55:48.000000
40733,INSOLVENCY,INS3,2025-06-13T13:42:58.000000
39643,COLLECTIONS,CANCEL4,2025-06-13T15:01:20.000000
40659,PAYING,PAY PROP,2025-06-13T17:08:58.000000
19099,INSOLVENCY,INS3,2025-06-13T17:43:29.000000
58120,TRACE,GONEAWAY,2025-06-13T18:37:53.000000
21418,PAYING,PAY CURR,2025-06-13T19:02:40.000000
62836,INSOLVENCY,INS4,2025-06-13T23:07:45.000000
13787,INSOLVENCY,INSP,2025-06-14T02:50:20.000000
40987,COLLECTIONS,TELSOLUTIONS1,2025-06-14T08:52:01.000000
73732,TRACE,GONEAWAY,2025-06-15T06:17:03.000000
62595,OTHER,ARCHIVED,2025-06-15T11:09:39.000000
19099,SETTLED,SETTLED,2025-06-15T13:33:06.000000
22367,SETTLED,SETTLED,2025-06-15T19:40:49.000000
41740,OTHER,ARCHIVED,2025-06-16T00:13:49.000000
93890,SETTLED,SETTLED,2025-06-16T01:53:40.000000
53131,COLLECTIONS,CANCEL4,2025-06-16T02:31:56.000000
22367,COLLECTIONS,TELSOLUTIONS1,2025-06-16T02:47:47.000000
96035,PAYING,PAY CURR,2025-06-16T03:53:24.000000
32687,COLLECTIONS,CASSIST2,2025-06-16T08:51:39.000000
82526,SETTLED,SETTLED,2025-06-16T09:50:44.000000
80893,TRACE,GONEAWAY,2025-06-16T11:08:12.000000
58473,TRACE,GONEAWAY,2025-06-16T11:53:00.000000
23780,TRACE,GONEAWAY,2025-06-16T12:26:34.000000
25073,LEGAL,LEG_TIT,2025-06-16T13:13:53.000000
70180,SETTLED,SETTLED,2025-06-16T14:46:22.000000
83051,COLLECTIONS,PRIME_D,2025-06-16T15:51:26.000000
26742,TRACE,GONEAWAY,2025-06-16T18:12:16.000000
40079,LEGAL,LEG_NOT,2025-06-16T18:34:45.000000
45393,OTHER,ARCHIVED,2025-06-16T19:03:01.000000
46992,INSOLVENCY,INS1,2025-06-16T19:13:51.000000
81675,LEGAL,LEG_TIT,2025-06-16T20:17:00.000000
52609,LEGAL,HOLD FO,2025-06-16T22:28:41.000000
42494,OTHER,ARCHIVED,2025-06-17T00:17:20.000000
60048,OTHER,ARCHIVED,2025-06-17T03:35:38.000000
95232,COLLECTIONS,CANCEL2,2025-06-17T07:59:17.000000
85557,OTHER,ARCHIVED,2025-06-17T08:09:26.000000
84455,SETTLED,SETTLED,2025-06-17T08:35:23.000000
17948,COLLECTIONS,CANCEL2,2025-06-17T17:16:00.000000
95274,LEGAL,LEG_TIT,2025-06-17T18:16:59.000000
51089,LEGAL,HOLD FO,2025-06-17T18:23:30.000000
62345,TRACE,GONEAWAY,2025-06-17T19:40:24.000000
78528,PAYING,PAY CURR,2025-06-17T21:18:45.000000
55044,LEGAL,LEG_TIT,2025-06-17T22:14:27.000000
86013,SETTLED,SETTLED,2025-06-17T23:26:59.000000
40987,SETTLED,SETTLED,2025-06-18T10:49:45.000000
24213,PAYING,PAY PROP,2025-06-18T23:52:16.000000
37798,PAYING,PAY PROP,2025-06-19T00:03:06.000000
79521,INSOLVENCY,INS1,2025-06-19T01:41:48.000000
25633,COLLECTIONS,CANCEL4,2025-06-19T08:43:52.000000
21489,SETTLED,SETTLED,2025-06-19T16:36:11.000000
62836,TRACE,GONEAWAY,2025-06-19T17:09:33.000000
88213,LEGAL,LEG_NOT,2025-06-19T19:07:38.000000
74894,INSOLVENCY,INS2,2025-06-19T19:41:14.000000
52087,SETTLED,SETTLED,2025-06-19T20:37:02.000000
57791,INSOLVENCY,INS1,2025-06-20T00:04:28.000000
92889,SETTLED,SETTLED,2025-06-20T01:07:40.000000
89612,TRACE,GONEAWAY,2025-06-20T03:50:01.000000
56961,PAYING,PAY PROP,2025-06-20T05:55:26.000000
31172,COLLECTIONS,CANCEL4,2025-06-20T07:26:30.000000
25000,PAYING,PAY CURR,2025-06-20T07:53:07.000000
47857,TRACE,GONEAWAY,2025-06-20T10:32:10.000000
13787,LEGAL,HOLD FO,2025-06-20T10:40:35.000000
63223,COLLECTIONS,CANCEL2,2025-06-20T15:20:36.000000
26096,INSOLVENCY,INS2,2025-06-20T16:21:19.000000
26742,SETTLED,SETTLED,2025-06-20T17:33:06.000000
62692,OTHER,ARCHIVED,2025-06-20T18:22:21.000000
20307,OTHER,ARCHIVED,2025-06-20T20:03:35.000000
57726,COLLECTIONS,CANCEL4,2025-06-20T20:32:27.000000
45571,LEGAL,HOLD FO,2025-06-20T20:45:36.000000
21489,TRACE,GONEAWAY,2025-06-21T02:03:25.000000
35919,COLLECTIONS,TELSOLUTIONS4,2025-06-21T05:15:55.000000
13787,LEGAL,HOLD FO,2025-06-21T12:16:30.000000
32283,INSOLVENCY,INSP,2025-06-21T12:44:26.000000
34083,LEGAL,HOLD FO,2025-06-21T17:52:51.000000
71914,INSOLVENCY,INS1,2025-06-21T19:36:38.000000
38921,PAYING,PAY CURR,2025-06-21T21:12:33.000000
58244,TRACE,GONEAWAY,2025-06-22T00:56:40.000000
35919,LEGAL,HOLD FO,2025-06-22T02:04:59.000000
79279,TRACE,GONEAWAY,2025-06-22T05:04:12.000000
26232,OTHER,ARCHIVED,2025-06-22T05:06:00.000000
75723,PAYING,PAY PROP,2025-06-22T05:52:02.000000
62692,TRACE,GONEAWAY,2025-06-22T08:23:01.000000
27223,OTHER,ARCHIVED,2025-06-22T08:39:43.000000
91173,OTHER,ARCHIVED,2025-06-22T08:46:05.000000
13861,TRACE,GONEAWAY,2025-06-22T09:05:18.000000
44476,OTHER,ARCHIVED,2025-06-22T09:35:55.000000
44286,LEGAL,HOLD FO,2025-06-22T10:14:42.000000
51246,TRACE,GONEAWAY,2025-06-22T10:42:41.000000
79521,LEGAL,HOLD FO,2025-06-22T12:58:11.000000
45539,OTHER,ARCHIVED,2025-06-22T17:54:58.000000
91142,OTHER,ARCHIVED,2025-06-22T23:02:55.000000
99694,SETTLED,SETTLED,2025-06-22T23:38:51.000000
83776,LEGAL,HOLD FO,2025-06-23T00:39:26.000000
25726,SETTLED,SETTLED,2025-06-23T02:06:27.000000
30531,SETTLED,SETTLED,2025-06-23T05:45:03.000000
11352,INSOLVENCY,INS1,2025-06-23T06:21:37.000000
75723,OTHER,ARCHIVED,2025-06-23T06:43:26.000000
74894,COLLECTIONS,CANCEL4,2025-06-23T10:33:43.000000
77917,PAYING,PAY PROP,2025-06-23T11:12:46.000000
39313,LEGAL,LEG VERIF 2,2025-06-23T11:30:52.000000
48606,LEGAL,LEG VERIF 1,2025-06-23T13:16:16.000000
54341,PAYING,PAY CURR,2025-06-23T14:37:27.000000
62106,INSOLVENCY,INS4,2025-06-23T15:55:53.000000
89178,OTHER,ARCHIVED,2025-06-23T16:16:34.000000
47801,LEGAL,LEG_TIT,2025-06-23T19:11:59.000000
75042,COLLECTIONS,PAY OVER,2025-06-23T19:56:39.000000
83051,SETTLED,SETTLED,2025-06-23T21:17:51.000000
31233,INSOLVENCY,INSP,2025-06-23T22:30:32.000000
40079,INSOLVENCY,INS3,2025-06-23T22:46:07.000000
19086,INSOLVENCY,INS2,2025-06-23T23:01:41.000000
32998,LEGAL,LEG_TIT,2025-06-24T00:56:23.000000
65864,TRACE,GONEAWAY,2025-06-24T00:57:23.000000
67701,COLLECTIONS,PRIME,2025-06-24T03:25:53.000000
32252,OTHER,ARCHIVED,2025-06-24T04:36:06.000000
52087,PAYING,PAY CURR,2025-06-24T06:22:29.000000
51596,INSOLVENCY,INS3,2025-06-24T06:41:15.000000
32252,PAYING,PAY PROP,2025-06-24T11:18:30.000000
59791,SETTLED,SETTLED,2025-06-24T11:52:10.000000
61279,OTHER,ARCHIVED,2025-06-24T13:12:45.000000
95274,INSOLVENCY,INS3,2025-06-24T14:55:34.000000
54718,COLLECTIONS,CANCEL2,2025-06-24T16:06:13.000000
97918,SETTLED,SETTLED,2025-06-24T16:26:22.000000
48880,LEGAL,LEG_NOT,2025-06-24T16:31:52.000000
91142,OTHER,ARCHIVED,2025-06-24T21:46:40.000000
39453,TRACE,GONEAWAY,2025-06-25T00:40:03.000000
76500,OTHER,ARCHIVED,2025-06-25T04:00:02.000000
68861,INSOLVENCY,INS2,2025-06-25T05:11:04.000000
82487,TRACE,GONEAWAY,2025-06-25T06:49:54.000000
76500,COLLECTIONS,CANCEL4,2025-06-25T15:23:46.000000
58120,COLLECTIONS,PAY OVER,2025-06-26T03:10:58.000000
60663,OTHER,ARCHIVED,2025-06-26T06:26:26.000000
70219,PAYING,PAY CURR,2025-06-26T07:29:00.000000
43403,OTHER,ARCHIVED,2025-06-26T09:09:29.000000
39776,TRACE,GONEAWAY,2025-06-26T10:16:35.000000
68484,TRACE,GONEAWAY,2025-06-26T10:31:59.000000
32252,LEGAL,LEG VERIF 2,2025-06-26T10:35:14.000000
82324,PAYING,PAY PROP,2025-06-26T11:34:51.000000
53131,SETTLED,SETTLED,2025-06-27T00:12:40.000000
68484,LEGAL,LEG_NOT,2025-06-27T05:13:11.000000
73556,SETTLED,SETTLED,2025-06-27T05:18:35.000000
30746,COLLECTIONS,CANCEL4,2025-06-27T05:25:31.000000
95274,LEGAL,LEG_NOT,2025-06-27T07:30:03.000000
86693,LEGAL,LEG_TIT,2025-06-27T14:02:42.000000
40540,TRACE,GONEAWAY,2025-06-27T18:39:08.000000
81634,LEGAL,LEG_TIT,2025-06-27T19:54:40.000000
54296,PAYING,PAY PROP,2025-06-27T23:39:07.000000
14117,SETTLED,SETTLED,2025-06-28T00:31:10.000000
84256,TRACE,GONEAWAY,2025-06-28T03:33:32.000000
58064,TRACE,GONEAWAY,2025-06-28T14:20:41.000000
86693,TRACE,GONEAWAY,2025-06-28T14:57:03.000000
31933,LEGAL,LEG_NOT,2025-06-29T00:13:14.000000
57417,COLLECTIONS,TELSOLUTIONS4,2025-06-29T00:53:02.000000
57074,COLLECTIONS,CANCEL2,2025-06-29T01:01:44.000000
83776,TRACE,GONEAWAY,2025-06-29T02:08:51.000000
77262,INSOLVENCY,INS1,2025-06-29T04:09:25.000000
13787,SETTLED,SETTLED,2025-06-29T04:37:08.000000
42252,TRACE,GONEAWAY,2025-06-29T06:39:54.000000
62692,TRACE,GONEAWAY,2025-06-29T06:50:25.000000
58984,PAYING,PAY CURR,2025-06-29T08:16:10.000000
13664,COLLECTIONS,CASSIST2,2025-06-29T09:32:12.000000
66463,PAYING,PAY CURR,2025-06-29T12:55:53.000000
84455,INSOLVENCY,INS2,2025-06-29T13:33:46.000000
32687,COLLECTIONS,TELSOLUTIONS1,2025-06-29T15:30:27.000000
48880,TRACE,GONEAWAY,2025-06-29T17:48:27.000000
31527,SETTLED,SETTLED,2025-06-29T19:21:13.000000
13484,COLLECTIONS,PRIME,2025-06-29T20:24:57.000000
77356,LEGAL,LEG_NOT,2025-06-29T21:47:01.000000
73634,PAYING,PAY PROP,2025-06-30T02:48:20.000000
73556,OTHER,ARCHIVED,2025-06-30T08:34:01.000000
46369,PAYING,PAY PROP,2025-06-30T11:01:45.000000
16628,LEGAL,LEG_TIT,2025-06-30T12:30:51.000000
46545,OTHER,ARCHIVED,2025-06-30T13:45:31.000000
74228,LEGAL,LEG VERIF 1,2025-06-30T16:00:42.000000
85043,LEGAL,LEG VERIF 1,2025-06-30T16:56:18.000000
94956,PAYING,PAY PROP,2025-06-30T21:55:00.000000
88716,SETTLED,SETTLED,2025-06-30T23:19:16.000000
52609,COLLECTIONS,CANCEL4,2025-06-30T23:35:55.000000
50973,OTHER,ARCHIVED,2025-07-01T01:10:10.000000
49171,OTHER,ARCHIVED,2025-07-01T01:27:55.000000
92889,OTHER,ARCHIVED,2025-07-01T02:49:16.000000
56961,OTHER,ARCHIVED,2025-07-01T03:28:19.000000
54549,OTHER,ARCHIVED,2025-07-01T14:04:12.000000
35227,COLLECTIONS,PAY OVER,2025-07-01T14:52:43.000000
19413,OTHER,ARCHIVED,2025-07-01T15:51:30.000000
74104,INSOLVENCY,INS1,2025-07-01T15:54:38.000000
85441,TRACE,GONEAWAY,2025-07-01T17:05:47.000000
67701,TRACE,GONEAWAY,2025-07-01T21:20:35.000000
54885,COLLECTIONS,CANCEL4,2025-07-01T23:44:19.000000
39966,SETTLED,SETTLED,2025-07-02T00:12:26.000000
57819,COLLECTIONS,CANCEL4,2025-07-02T00:58:51.000000
59344,COLLECTIONS,PRIME,2025-07-02T02:58:34.000000
89637,TRACE,GONEAWAY,2025-07-02T03:03:55.000000
37628,LEGAL,LEG VERIF 1,2025-07-02T04:30:53.000000
98298,TRACE,GONEAWAY,2025-07-02T04:33:23.000000
65428,OTHER,ARCHIVED,2025-07-02T04:49:45.000000
59502,OTHER,ARCHIVED,2025-07-02T05:49:31.000000
79212,LEGAL,LEG_NOT,2025-07-02T09:15:57.000000
18486,COLLECTIONS,TELSOLUTIONS4,2025-07-02T09:52:58.000000
66158,COLLECTIONS,CASSIST2,2025-07-02T11:05:24.000000
85922,TRACE,GONEAWAY,2025-07-02T11:32:32.000000
53016,SETTLED,SETTLED,2025-07-02T12:00:14.000000
26096,PAYING,PAY PROP,2025-07-02T15:57:36.000000
77535,PAYING,PAY CURR,2025-07-02T16:18:09.000000
90213,SETTLED,SETTLED,2025-07-02T16:42:46.000000
82269,PAYING,PAY CURR,2025-07-02T16:58:01.000000
62595,INSOLVENCY,INS4,2025-07-02T21:38:16.000000
39453,TRACE,GONEAWAY,2025-07-02T22:50:23.000000
51596,PAYING,PAY CURR,2025-07-03T08:46:06.000000
16198,COLLECTIONS,TELSOLUTIONS4,2025-07-03T14:34:27.000000
47933,TRACE,GONEAWAY,2025-07-04T00:54:26.000000
80893,COLLECTIONS,PAY OVER,2025-07-04T01:25:12.000000
37988,SETTLED,SETTLED,2025-07-04T02:24:55.000000
57663,PAYING,PAY PROP,2025-07-04T03:45:32.000000
83785,TRACE,GONEAWAY,2025-07-04T04:14:40.000000
78633,OTHER,ARCHIVED,2025-07-04T11:22:28.000000
39629,PAYING,PAY CURR,2025-07-04T13:52:14.000000
38921,COLLECTIONS,PRIME,2025-07-04T15:01:09.000000
27800,COLLECTIONS,CANCEL2,2025-07-04T16:02:45.000000
55044,COLLECTIONS,CANCEL4,2025-07-04T17:05:07.000000
32998,LEGAL,LEG VERIF 2,2025-07-04T19:43:14.000000
45153,OTHER,ARCHIVED,2025-07-04T19:55:03.000000
30943,COLLECTIONS,PRIME,2025-07-04T21:37:25.000000
67396,SETTLED,SETTLED,2025-07-04T22:01:41.000000
70437,COLLECTIONS,CASSIST2,2025-07-04T22:26:45.000000
21489,SETTLED,SETTLED,2025-07-04T22:59:47.000000
86693,OTHER,ARCHIVED,2025-07-05T03:16:23.000000
65156,SETTLED,SETTLED,2025-07-05T04:31:04.000000
33687,COLLECTIONS,TELSOLUTIONS1,2025-07-05T06:10:11.000000
29593,OTHER,ARCHIVED,2025-07-05T08:39:38.000000
54718,PAYING,PAY PROP,2025-07-05T09:58:54.000000
13664,TRACE,GONEAWAY,2025-07-05T10:56:41.000000
66216,OTHER,ARCHIVED,2025-07-05T11:14:07.000000
58120,TRACE,GONEAWAY,2025-07-05T12:11:07.000000
27620,INSOLVENCY,INS2,2025-07-05T14:50:04.000000
82269,OTHER,ARCHIVED,2025-07-05T21:17:25.000000
58064,TRACE,GONEAWAY,2025-07-05T22:12:53.000000
93257,LEGAL,LEG VERIF 1,2025-07-05T23:13:28.000000
27800,PAYING,PAY PROP,2025-07-06T02:16:17.000000
11449,SETTLED,SETTLED,2025-07-06T03:17:09.000000
89612,COLLECTIONS,CANCEL2,2025-07-06T05:24:19.000000
94638,OTHER,ARCHIVED,2025-07-06T07:21:58.000000
49823,COLLECTIONS,PAY OVER,2025-07-06T07:30:23.000000
84455,SETTLED,SETTLED,2025-07-06T08:44:43.000000
49171,INSOLVENCY,INS4,2025-07-06T10:59:54.000000
80893,OTHER,ARCHIVED,2025-07-06T11:45:15.000000
81634,OTHER,ARCHIVED,2025-07-06T12:37:31.000000
30531,PAYING,PAY PROP,2025-07-06T13:16:07.000000
43108,OTHER,ARCHIVED,2025-07-06T13:45:25.000000
17232,INSOLVENCY,INS1,2025-07-06T15:19:21.000000
42371,OTHER,ARCHIVED,2025-07-06T16:30:47.000000
91558,SETTLED,SETTLED,2025-07-06T18:19:47.000000
46545,INSOLVENCY,INS1,2025-07-06T18:52:09.000000
85922,PAYING,PAY CURR,2025-07-06T19:03:52.000000
79521,COLLECTIONS,PRIME,2025-07-06T20:27:34.000000
88654,TRACE,GONEAWAY,2025-07-06T20:50:45.000000
86543,TRACE,GONEAWAY,2025-07-06T23:37:44.000000
17413,TRACE,GONEAWAY,2025-07-07T02:56:32.000000
65428,LEGAL,HOLD FO,2025-07-07T05:29:35.000000
97132,LEGAL,LEG_TIT,2025-07-07T18:52:02.000000
85466,LEGAL,LEG_NOT,2025-07-07T21:01:40.000000
48606,PAYING,PAY CURR,2025-07-07T23:02:42.000000
43403,OTHER,ARCHIVED,2025-07-08T01:30:38.000000
21707,OTHER,ARCHIVED,2025-07-08T05:55:29.000000
48606,SETTLED,SETTLED,2025-07-08T06:02:53.000000
66138,COLLECTIONS,CANCEL2,2025-07-08T12:25:25.000000
27223,PAYING,PAY PROP,2025-07-09T08:02:44.000000
89082,PAYING,PAY CURR,2025-07-09T09:55:51.000000
67443,PAYING,PAY CURR,2025-07-09T12:01:43.000000
39116,PAYING,PAY PROP,2025-07-09T13:43:03.000000
46494,LEGAL,LEG_NOT,2025-07-09T13:50:06.000000
84845,LEGAL,LEG_TIT,2025-07-09T16:01:13.000000
55044,OTHER,ARCHIVED,2025-07-09T18:46:50.000000
58064,SETTLED,SETTLED,2025-07-09T19:24:54.000000
39629,SETTLED,SETTLED,2025-07-10T02:19:17.000000
47984,COLLECTIONS,TELSOLUTIONS4,2025-07-10T02:28:05.000000
69313,LEGAL,LEG_TIT,2025-07-10T10:30:35.000000
49999,LEGAL,LEG VERIF 1,2025-07-10T14:15:04.000000
37988,COLLECTIONS,TELSOLUTIONS1,2025-07-10T17:40:06.000000
30817,LEGAL,LEG_NOT,2025-07-10T20:49:06.000000
61279,TRACE,GONEAWAY,2025-07-11T04:35:00.000000
27223,COLLECTIONS,CANCEL4,2025-07-11T08:07:17.000000
61708,INSOLVENCY,INSP,2025-07-11T14:02:40.000000
48786,TRACE,GONEAWAY,2025-07-11T23:45:41.000000
30746,OTHER,ARCHIVED,2025-07-12T02:01:29.000000
98172,TRACE,GONEAWAY,2025-07-12T03:03:03.000000
33057,SETTLED,SETTLED,2025-07-12T03:05:41.000000
91658,LEGAL,LEG_TIT,2025-07-12T05:16:01.000000
46588,COLLECTIONS,CANCEL2,2025-07-12T05:31:10.000000
37798,COLLECTIONS,TELSOLUTIONS4,2025-07-12T07:01:54.000000
26168,PAYING,PAY CURR,2025-07-12T11:25:25.000000
69791,COLLECTIONS,PRIME,2025-07-12T13:02:19.000000
86646,TRACE,GONEAWAY,2025-07-12T17:20:02.000000
66463,SETTLED,SETTLED,2025-07-12T18:07:56.000000
59505,SETTLED,SETTLED,2025-07-12T22:55:04.000000
20507,LEGAL,LEG_TIT,2025-07-13T00:50:00.000000
37744,PAYING,PAY PROP,2025-07-13T02:21:38.000000
77262,OTHER,ARCHIVED,2025-07-13T02:25:58.000000
89946,COLLECTIONS,CANCEL4,2025-07-13T03:26:13.000000
72838,COLLECTIONS,PRIME,2025-07-13T03:43:18.000000
26232,PAYING,PAY CURR,2025-07-13T04:04:21.000000
48786,COLLECTIONS,CANCEL4,2025-07-13T07:01:19.000000
43403,TRACE,GONEAWAY,2025-07-13T09:59:09.000000
71914,SETTLED,SETTLED,2025-07-13T10:26:43.000000
62692,PAYING,PAY CURR,2025-07-13T11:01:01.000000
44476,INSOLVENCY,INSP,2025-07-13T13:36:25.000000
98909,PAYING,PAY CURR,2025-07-13T13:38:59.000000
97730,LEGAL,LEG VERIF 1,2025-07-13T14:20:55.000000
89176,OTHER,ARCHIVED,2025-07-13T17:19:08.000000
98254,INSOLVENCY,INS2,2025-07-13T17:39:49.000000
16198,OTHER,ARCHIVED,2025-07-13T20:34:50.000000
13883,PAYING,PAY PROP,2025-07-13T22:18:45.000000
97132,SETTLED,SETTLED,2025-07-13T23:38:29.000000
58473,TRACE,GONEAWAY,2025-07-14T00:36:57.000000
20233,INSOLVENCY,INS1,2025-07-14T00:38:23.000000
26514,SETTLED,SETTLED,2025-07-14T01:09:19.000000
86646,SETTLED,SETTLED,2025-07-14T01:14:55.000000
91678,PAYING,PAY CURR,2025-07-14T01:32:20.000000
26686,LEGAL,HOLD FO,2025-07-14T02:02:41.000000
29600,OTHER,ARCHIVED,2025-07-14T04:20:31.000000
87459,LEGAL,LEG VERIF 1,2025-07-14T09:10:37.000000
38921,TRACE,GONEAWAY,2025-07-14T10:00:57.000000
61934,SETTLED,SETTLED,2025-07-14T12:26:24.000000
10506,INSOLVENCY,INS3,2025-07-14T13:11:19.000000
91435,PAYING,PAY CURR,2025-07-14T13:22:11.000000
34629,OTHER,ARCHIVED,2025-07-14T17:21:14.000000
61708,TRACE,GONEAWAY,2025-07-14T18:01:12.000000
10388,OTHER,ARCHIVED,2025-07-14T19:57:24.000000
77535,OTHER,ARCHIVED,2025-07-14T23:32:11.000000
53016,SETTLED,SETTLED,2025-07-15T04:16:50.000000
81469,PAYING,PAY CURR,2025-07-15T06:33:23.000000
17346,SETTLED,SETTLED,2025-07-15T07:33:24.000000
65428,SETTLED,SETTLED,2025-07-15T11:14:43.000000
19413,LEGAL,LEG_NOT,2025-07-15T11:39:55.000000
58473,PAYING,PAY CURR,2025-07-15T11:59:45.000000
79212,LEGAL,LEG_TIT,2025-07-15T15:10:50.000000
22367,OTHER,ARCHIVED,2025-07-15T17:22:17.000000
34650,COLLECTIONS,CASSIST2,2025-07-15T19:12:18.000000
35861,SETTLED,SETTLED,2025-07-15T19:18:42.000000
15680,LEGAL,LEG_NOT,2025-07-16T01:45:15.000000
51596,LEGAL,HOLD FO,2025-07-16T04:01:31.000000
88333,OTHER,ARCHIVED,2025-07-16T05:13:04.000000
85557,LEGAL,LEG_NOT,2025-07-16T07:29:53.000000
28382,TRACE,GONEAWAY,2025-07-16T07:34:22.000000
26168,SETTLED,SETTLED,2025-07-16T08:34:47.000000
91001,OTHER,ARCHIVED,2025-07-16T10:55:09.000000
95274,TRACE,GONEAWAY,2025-07-16T12:33:15.000000
27543,OTHER,ARCHIVED,2025-07-16T14:05:20.000000
25733,OTHER,ARCHIVED,2025-07-16T15:30:30.000000
86650,COLLECTIONS,TELSOLUTIONS1,2025-07-16T18:07:40.000000
57663,SETTLED,SETTLED,2025-07-16T19:10:14.000000
33057,COLLECTIONS,PRIME_D,2025-07-16T21:24:37.000000
11356,COLLECTIONS,CANCEL2,2025-07-16T23:12:07.000000
59505,SETTLED,SETTLED,2025-07-17T05:13:35.000000
42371,TRACE,GONEAWAY,2025-07-17T05:56:51.000000
82269,LEGAL,HOLD FO,2025-07-17T06:21:02.000000
52697,PAYING,PAY PROP,2025-07-17T06:24:32.000000
36810,SETTLED,SETTLED,2025-07-17T06:38:07.000000
63223,PAYING,PAY PROP,2025-07-17T09:22:43.000000
91001,PAYING,PAY PROP,2025-07-17T10:13:40.000000
17948,TRACE,GONEAWAY,2025-07-17T11:07:37.000000
86494,OTHER,ARCHIVED,2025-07-17T12:14:48.000000
69833,PAYING,PAY PROP,2025-07-17T12:43:03.000000
86494,PAYING,PAY CURR,2025-07-17T13:13:19.000000
52609,SETTLED,SETTLED,2025-07-17T15:51:05.000000
70629,OTHER,ARCHIVED,2025-07-18T02:43:15.000000
29210,PAYING,PAY CURR,2025-07-18T10:06:44.000000
26232,OTHER,ARCHIVED,2025-07-19T03:16:57.000000
72340,PAYING,PAY CURR,2025-07-19T04:01:20.000000
34629,INSOLVENCY,INS2,2025-07-19T04:15:21.000000
36810,OTHER,ARCHIVED,2025-07-19T04:34:01.000000
28382,SETTLED,SETTLED,2025-07-19T05:18:03.000000
77535,PAYING,PAY CURR,2025-07-19T10:10:06.000000
31172,LEGAL,LEG_TIT,2025-07-19T11:12:14.000000
91435,SETTLED,SETTLED,2025-07-19T12:59:44.000000
46494,OTHER,ARCHIVED,2025-07-19T13:38:31.000000
95230,COLLECTIONS,TELSOLUTIONS4,2025-07-19T16:01:43.000000
74104,COLLECTIONS,TELSOLUTIONS1,2025-07-19T16:03:13.000000
91558,OTHER,ARCHIVED,2025-07-19T17:38:32.000000
46992,OTHER,ARCHIVED,2025-07-19T19:08:49.000000
58984,PAYING,PAY CURR,2025-07-19T19:50:01.000000
82324,LEGAL,LEG VERIF 1,2025-07-19T20:32:15.000000
13787,COLLECTIONS,PRIME_D,2025-07-19T22:46:47.000000
62106,INSOLVENCY,INS3,2025-07-19T22:58:42.000000
91710,OTHER,ARCHIVED,2025-07-19T23:47:05.000000
58064,OTHER,ARCHIVED,2025-07-20T01:01:33.000000
59791,SETTLED,SETTLED,2025-07-20T02:51:28.000000
17880,TRACE,GONEAWAY,2025-07-20T03:26:41.000000
55044,TRACE,GONEAWAY,2025-07-20T03:40:06.000000
66787,PAYING,PAY PROP,2025-07-20T03:45:28.000000
66138,COLLECTIONS,PRIME_D,2025-07-20T04:09:21.000000
19372,LEGAL,LEG VERIF 1,2025-07-20T08:33:03.000000
86086,INSOLVENCY,INSP,2025-07-20T08:39:32.000000
83620,SETTLED,SETTLED,2025-07-20T10:04:44.000000
67396,LEGAL,LEG_TIT,2025-07-20T10:08:04.000000
88654,OTHER,ARCHIVED,2025-07-20T11:41:54.000000
47450,LEGAL,LEG VERIF 2,2025-07-20T18:20:55.000000
67687,PAYING,PAY PROP,2025-07-20T19:19:32.000000
34650,INSOLVENCY,INS4,2025-07-20T19:46:28.000000
53017,LEGAL,LEG VERIF 2,2025-07-20T22:18:57.000000
47862,INSOLVENCY,INS1,2025-07-21T01:23:31.000000
34108,OTHER,ARCHIVED,2025-07-21T01:45:38.000000
86646,LEGAL,HOLD FO,2025-07-21T04:09:04.000000
51246,TRACE,GONEAWAY,2025-07-21T04:18:46.000000
98254,COLLECTIONS,CANCEL4,2025-07-21T08:25:39.000000
75723,TRACE,GONEAWAY,2025-07-21T15:37:58.000000
89946,OTHER,ARCHIVED,2025-07-21T16:21:34.000000
86543,COLLECTIONS,CANCEL4,2025-07-21T16:57:11.000000
17993,LEGAL,HOLD FO,2025-07-21T19:57:38.000000
31233,INSOLVENCY,INS1,2025-07-21T20:26:00.000000
82487,COLLECTIONS,CASSIST2,2025-07-21T21:04:14.000000
85441,PAYING,PAY CURR,2025-07-21T22:32:32.000000
47532,LEGAL,HOLD FO,2025-07-21T23:41:09.000000
40198,OTHER,ARCHIVED,2025-07-22T01:43:49.000000
40733,COLLECTIONS,CASSIST2,2025-07-22T08:52:14.000000
91402,OTHER,ARCHIVED,2025-07-23T00:02:07.000000
17320,PAYING,PAY PROP,2025-07-23T00:32:56.000000
79521,OTHER,ARCHIVED,2025-07-23T01:03:59.000000
16077,PAYING,PAY CURR,2025-07-23T01:37:56.000000
26066,INSOLVENCY,INS4,2025-07-23T01:58:04.000000
87394,INSOLVENCY,INS4,2025-07-23T02:09:38.000000
30496,TRACE,GONEAWAY,2025-07-23T02:13:10.000000
68861,PAYING,PAY CURR,2025-07-23T02:23:48.000000
16198,SETTLED,SETTLED,2025-07-23T02:56:05.000000
94956,SETTLED,SETTLED,2025-07-23T04:50:58.000000
67396,PAYING,PAY PROP,2025-07-23T08:39:10.000000
71048,PAYING,PAY PROP,2025-07-23T08:46:32.000000
89082,LEGAL,LEG_TIT,2025-07-23T12:12:35.000000
73732,PAYING,PAY CURR,2025-07-23T12:58:22.000000
80451,LEGAL,LEG_NOT,2025-07-23T13:45:58.000000
47862,INSOLVENCY,INS4,2025-07-23T16:23:34.000000
40733,INSOLVENCY,INS3,2025-07-23T18:02:24.000000
27482,COLLECTIONS,PRIME_D,2025-07-23T20:37:59.000000
25000,SETTLED,SETTLED,2025-07-23T21:14:26.000000
74428,LEGAL,LEG VERIF 1,2025-07-24T06:09:40.000000
89637,OTHER,ARCHIVED,2025-07-24T08:55:38.000000
44476,PAYING,PAY CURR,2025-07-24T13:39:09.000000
73980,COLLECTIONS,PAY OVER,2025-07-24T13:42:43.000000
31527,OTHER,ARCHIVED,2025-07-24T22:28:50.000000
79521,LEGAL,HOLD FO,2025-07-25T19:45:54.000000
99755,LEGAL,LEG VERIF 1,2025-07-26T00:35:11.000000
86543,PAYING,PAY PROP,2025-07-26T01:30:52.000000
61550,INSOLVENCY,INS2,2025-07-26T07:12:53.000000
73556,TRACE,GONEAWAY,2025-07-26T09:31:18.000000
69791,SETTLED,SETTLED,2025-07-26T11:44:09.000000
34002,COLLECTIONS,CASSIST2,2025-07-26T16:59:11.000000
19523,TRACE,GONEAWAY,2025-07-26T20:37:13.000000
72278,LEGAL,LEG_NOT,2025-07-26T20:47:23.000000
91173,PAYING,PAY CURR,2025-07-26T21:00:37.000000
50973,PAYING,PAY PROP,2025-07-26T21:20:21.000000
25073,INSOLVENCY,INS3,2025-07-26T22:23:11.000000
60048,TRACE,GONEAWAY,2025-07-26T22:39:39.000000
21453,INSOLVENCY,INS1,2025-07-26T23:02:51.000000
84455,LEGAL,LEG VERIF 1,2025-07-26T23:13:16.000000
67303,PAYING,PAY CURR,2025-07-27T01:05:44.000000
65864,PAYING,PAY CURR,2025-07-27T02:00:30.000000
69791,COLLECTIONS,PRIME,2025-07-27T02:08:38.000000
96035,TRACE,GONEAWAY,2025-07-27T02:27:14.000000
95274,TRACE,GONEAWAY,2025-07-27T08:17:27.000000
98298,TRACE,GONEAWAY,2025-07-27T08:33:36.000000
26096,OTHER,ARCHIVED,2025-07-27T12:52:08.000000
86347,COLLECTIONS,PRIME_D,2025-07-27T13:14:37.000000
31172,TRACE,GONEAWAY,2025-07-27T13:45:36.000000
45571,PAYING,PAY CURR,2025-07-27T14:01:43.000000
66106,LEGAL,HOLD FO,2025-07-27T15:06:22.000000
71242,INSOLVENCY,INS2,2025-07-27T16:04:54.000000
27497,COLLECTIONS,CANCEL2,2025-07-27T16:07:03.000000
81469,INSOLVENCY,INS4,2025-07-27T20:13:14.000000
39776,TRACE,GONEAWAY,2025-07-27T20:29:12.000000
20233,INSOLVENCY,INS3,2025-07-27T21:02:50.000000
39643,OTHER,ARCHIVED,2025-07-27T21:28:18.000000
26168,COLLECTIONS,PRIME,2025-07-27T23:07:54.000000
13664,COLLECTIONS,CANCEL4,2025-07-27T23:34:58.000000
19413,COLLECTIONS,PAY OVER,2025-07-28T00:06:22.000000
63368,OTHER,ARCHIVED,2025-07-28T03:12:43.000000
56961,PAYING,PAY PROP,2025-07-28T03:29:31.000000
41740,INSOLVENCY,INS1,2025-07-28T04:04:13.000000
53131,TRACE,GONEAWAY,2025-07-28T04:30:33.000000
78987,PAYING,PAY PROP,2025-07-28T05:59:11.000000
54341,OTHER,ARCHIVED,2025-07-28T09:15:10.000000
30943,SETTLED,SETTLED,2025-07-28T10:19:37.000000
25000,COLLECTIONS,TELSOLUTIONS1,2025-07-28T11:24:09.000000
85441,INSOLVENCY,INS4,2025-07-28T12:21:42.000000
14961,COLLECTIONS,PRIME_D,2025-07-28T14:20:07.000000
36313,COLLECTIONS,PRIME_D,2025-07-28T14:49:00.000000
50973,SETTLED,SETTLED,2025-07-28T16:07:14.000000
46545,COLLECTIONS,PAY OVER,2025-07-28T17:35:24.000000
41740,PAYING,PAY CURR,2025-07-28T17:44:46.000000
32832,TRACE,GONEAWAY,2025-07-28T17:46:27.000000
79792,PAYING,PAY CURR,2025-07-28T18:10:30.000000
68436,INSOLVENCY,INS4,2025-07-28T19:57:33.000000
34083,INSOLVENCY,INS1,2025-07-29T00:00:46.000000
19086,SETTLED,SETTLED,2025-07-29T01:55:35.000000
17993,LEGAL,LEG VERIF 2,2025-07-29T01:59:43.000000
34002,TRACE,GONEAWAY,2025-07-29T06:44:20.000000
25733,LEGAL,LEG_NOT,2025-07-29T13:32:55.000000
85869,SETTLED,SETTLED,2025-07-29T16:51:59.000000
13861,PAYING,PAY CURR,2025-07-29T18:17:27.000000
21489,LEGAL,LEG_TIT,2025-07-29T20:44:13.000000
59505,LEGAL,LEG_TIT,2025-07-29T23:51:03.000000
16402,OTHER,ARCHIVED,2025-07-31T00:54:15.000000
71125,COLLECTIONS,CANCEL2,2025-07-31T02:44:02.000000
51216,OTHER,ARCHIVED,2025-07-31T05:40:57.000000
53131,LEGAL,HOLD FO,2025-07-31T07:31:59.000000
60001,PAYING,PAY PROP,2025-07-31T09:52:37.000000
68484,LEGAL,LEG_NOT,2025-07-31T10:03:11.000000
16402,TRACE,GONEAWAY,2025-07-31T10:27:06.000000
26696,TRACE,GONEAWAY,2025-07-31T10:40:48.000000
77524,INSOLVENCY,INS3,2025-07-31T10:42:51.000000
75723,INSOLVENCY,INS2,2025-07-31T12:09:34.000000
55047,INSOLVENCY,INS3,2025-07-31T14:51:33.000000
47801,SETTLED,SETTLED,2025-07-31T15:48:50.000000
47808,OTHER,ARCHIVED,2025-07-31T17:28:50.000000
30746,COLLECTIONS,CANCEL2,2025-07-31T18:35:22.000000
64070,LEGAL,LEG VERIF 1,2025-07-31T19:55:37.000000
33376,TRACE,GONEAWAY,2025-07-31T22:08:41.000000
91402,TRACE,GONEAWAY,2025-07-31T22:18:38.000000
95599,OTHER,ARCHIVED,2025-07-31T22:36:21.000000
82789,TRACE,GONEAWAY,2025-07-31T23:54:20.000000
80893,INSOLVENCY,INS3,2025-08-01T00:10:53.000000
26742,COLLECTIONS,PRIME_D,2025-08-01T02:28:37.000000
86650,SETTLED,SETTLED,2025-08-01T02:40:22.000000
52017,OTHER,ARCHIVED,2025-08-01T04:44:51.000000
15004,OTHER,ARCHIVED,2025-08-01T05:18:40.000000
91142,PAYING,PAY CURR,2025-08-01T07:20:40.000000
96035,TRACE,GONEAWAY,2025-08-01T08:18:14.000000
15248,INSOLVENCY,INSP,2025-08-01T16:16:51.000000
75042,COLLECTIONS,CASSIST2,2025-08-01T16:19:50.000000
45393,COLLECTIONS,PRIME_D,2025-08-01T17:57:05.000000
33687,PAYING,PAY PROP,2025-08-01T18:06:25.000000
17821,PAYING,PAY CURR,2025-08-01T18:33:33.000000
30746,OTHER,ARCHIVED,2025-08-01T18:52:06.000000
30943,SETTLED,SETTLED,2025-08-01T19:05:54.000000
16402,TRACE,GONEAWAY,2025-08-01T19:30:28.000000
13787,TRACE,GONEAWAY,2025-08-01T20:34:23.000000
61279,OTHER,ARCHIVED,2025-08-01T21:10:45.000000
19986,PAYING,PAY CURR,2025-08-01T21:22:25.000000
76500,TRACE,GONEAWAY,2025-08-01T22:15:31.000000
28504,PAYING,PAY CURR,2025-08-01T23:56:01.000000
93774,COLLECTIONS,CASSIST2,2025-08-02T02:07:57.000000
66463,PAYING,PAY PROP,2025-08-02T05:10:17.000000
45153,SETTLED,SETTLED,2025-08-02T06:56:08.000000
40856,TRACE,GONEAWAY,2025-08-02T07:21:44.000000
25733,LEGAL,LEG VERIF 1,2025-08-02T08:20:00.000000
50973,OTHER,ARCHIVED,2025-08-02T08:38:12.000000
62345,COLLECTIONS,PRIME_D,2025-08-02T09:00:00.000000
39776,PAYING,PAY CURR,2025-08-02T09:16:17.000000
66158,PAYING,PAY CURR,2025-08-02T14:56:39.000000
91678,PAYING,PAY CURR,2025-08-02T17:22:27.000000
44286,SETTLED,SETTLED,2025-08-02T18:03:17.000000
74894,LEGAL,HOLD FO,2025-08-02T20:55:27.000000
16628,COLLECTIONS,CANCEL4,2025-08-03T01:17:21.000000
42371,PAYING,PAY PROP,2025-08-03T08:47:08.000000
58892,OTHER,ARCHIVED,2025-08-03T13:01:35.000000
37628,INSOLVENCY,INS1,2025-08-03T14:34:39.000000
30746,OTHER,ARCHIVED,2025-08-03T16:44:32.000000
35401,LEGAL,LEG_NOT,2025-08-03T20:36:05.000000
39116,LEGAL,LEG_TIT,2025-08-03T20:52:07.000000
31903,OTHER,ARCHIVED,2025-08-04T00:25:09.000000
88716,OTHER,ARCHIVED,2025-08-04T01:09:09.000000
52697,COLLECTIONS,PAY OVER,2025-08-04T01:43:08.000000
89176,TRACE,GONEAWAY,2025-08-04T01:53:35.000000
97918,INSOLVENCY,INS1,2025-08-04T06:37:28.000000
94751,COLLECTIONS,CANCEL4,2025-08-04T07:38:53.000000
92669,INSOLVENCY,INSP,2025-08-04T08:36:50.000000
31172,TRACE,GONEAWAY,2025-08-04T09:03:05.000000
44060,SETTLED,SETTLED,2025-08-04T16:26:46.000000
34177,LEGAL,LEG_TIT,2025-08-04T17:40:53.000000
94714,TRACE,GONEAWAY,2025-08-05T00:39:55.000000
83776,LEGAL,LEG VERIF 1,2025-08-05T00:45:01.000000
97661,OTHER,ARCHIVED,2025-08-05T01:20:13.000000
98298,TRACE,GONEAWAY,2025-08-05T03:26:33.000000
86693,SETTLED,SETTLED,2025-08-05T03:52:01.000000
23382,COLLECTIONS,PRIME,2025-08-05T05:08:07.000000
54885,INSOLVENCY,INS1,2025-08-05T05:32:00.000000
37628,OTHER,ARCHIVED,2025-08-05T07:32:32.000000
86347,PAYING,PAY PROP,2025-08-05T12:47:23.000000
97730,OTHER,ARCHIVED,2025-08-05T19:26:09.000000
91678,SETTLED,SETTLED,2025-08-05T19:52:27.000000
97661,SETTLED,SETTLED,2025-08-05T20:32:33.000000
37628,COLLECTIONS,CANCEL4,2025-08-05T21:24:08.000000
54275,COLLECTIONS,PRIME_D,2025-08-05T22:50:05.000000
14184,TRACE,GONEAWAY,2025-08-06T00:16:40.000000
45393,LEGAL,LEG VERIF 1,2025-08-06T08:52:38.000000
90725,LEGAL,LEG VERIF 1,2025-08-06T14:01:45.000000
14567,COLLECTIONS,CASSIST2,2025-08-06T18:53:42.000000
17413,TRACE,GONEAWAY,2025-08-06T22:23:59.000000
74699,COLLECTIONS,TELSOLUTIONS4,2025-08-07T00:26:44.000000
21489,INSOLVENCY,INS1,2025-08-07T01:21:53.000000
41546,INSOLVENCY,INS4,2025-08-07T01:30:20.000000
13883,SETTLED,SETTLED,2025-08-07T01:36:15.000000
46369,OTHER,ARCHIVED,2025-08-07T03:58:17.000000
53016,COLLECTIONS,TELSOLUTIONS4,2025-08-07T03:59:12.000000
98794,INSOLVENCY,INS1,2025-08-07T04:36:15.000000
88060,SETTLED,SETTLED,2025-08-07T05:36:46.000000
91658,LEGAL,HOLD FO,2025-08-07T07:55:39.000000
49999,PAYING,PAY CURR,2025-08-07T09:31:56.000000
77356,OTHER,ARCHIVED,2025-08-07T13:55:11.000000
71048,OTHER,ARCHIVED,2025-08-07T14:11:16.000000
90725,INSOLVENCY,INS2,2025-08-07T14:51:09.000000
87394,SETTLED,SETTLED,2025-08-07T15:37:20.000000
47103,COLLECTIONS,TELSOLUTIONS1,2025-08-07T20:19:47.000000
73634,LEGAL,LEG VERIF 2,2025-08-07T20:24:41.000000
66138,TRACE,GONEAWAY,2025-08-07T20:30:40.000000
31903,COLLECTIONS,PAY OVER,2025-08-08T00:39:12.000000
45393,COLLECTIONS,CANCEL4,2025-08-08T02:06:34.000000
66755,PAYING,PAY PROP,2025-08-08T03:01:31.000000
45539,COLLECTIONS,PRIME_D,2025-08-08T05:49:20.000000
77426,SETTLED,SETTLED,2025-08-08T06:22:19.000000
87921,INSOLVENCY,INS1,2025-08-08T07:24:14.000000
19413,COLLECTIONS,PRIME_D,2025-08-08T11:01:26.000000
16628,SETTLED,SETTLED,2025-08-08T11:59:13.000000
44060,LEGAL,LEG_TIT,2025-08-08T14:12:27.000000
34002,LEGAL,HOLD FO,2025-08-08T21:25:22.000000
86646,COLLECTIONS,PAY OVER,2025-08-08T23:30:24.000000
19675,TRACE,GONEAWAY,2025-08-09T02:11:19.000000
47933,LEGAL,LEG_NOT,2025-08-09T02:25:14.000000
12247,COLLECTIONS,PAY OVER,2025-08-09T02:48:48.000000
19675,LEGAL,LEG VERIF 1,2025-08-09T03:44:39.000000
58120,TRACE,GONEAWAY,2025-08-09T05:29:36.000000
67396,TRACE,GONEAWAY,2025-08-09T06:01:04.000000
17320,PAYING,PAY PROP,2025-08-09T06:27:53.000000
77395,LEGAL,LEG VERIF 1,2025-08-09T07:13:20.000000
43108,TRACE,GONEAWAY,2025-08-09T09:37:17.000000
19949,INSOLVENCY,INS3,2025-08-09T13:41:15.000000
70180,OTHER,ARCHIVED,2025-08-09T13:58:59.000000
55558,INSOLVENCY,INS4,2025-08-09T14:49:05.000000
67303,PAYING,PAY CURR,2025-08-09T16:14:06.000000
68436,TRACE,GONEAWAY,2025-08-09T16:30:21.000000
77356,COLLECTIONS,TELSOLUTIONS1,2025-08-09T18:23:47.000000
66755,TRACE,GONEAWAY,2025-08-09T18:45:31.000000
56961,COLLECTIONS,PRIME_D,2025-08-09T21:11:27.000000
73556,INSOLVENCY,INS3,2025-08-09T21:32:46.000000
77535,COLLECTIONS,CANCEL2,2025-08-09T21:48:50.000000
16077,LEGAL,LEG VERIF 1,2025-08-09T22:42:39.000000
23382,LEGAL,LEG VERIF 1,2025-08-10T02:04:26.000000
98298,INSOLVENCY,INS1,2025-08-10T02:28:16.000000
33783,PAYING,PAY CURR,2025-08-10T05:11:36.000000
32687,OTHER,ARCHIVED,2025-08-10T07:43:58.000000
95291,INSOLVENCY,INS4,2025-08-10T07:57:59.000000
48786,INSOLVENCY,INSP,2025-08-10T08:37:59.000000
33687,SETTLED,SETTLED,2025-08-10T10:54:58.000000
94193,LEGAL,LEG_TIT,2025-08-10T18:12:03.000000
63099,COLLECTIONS,CANCEL4,2025-08-10T20:18:12.000000
48354,LEGAL,LEG VERIF 2,2025-08-11T00:35:24.000000
10506,LEGAL,LEG VERIF 2,2025-08-11T00:53:08.000000
63285,COLLECTIONS,CANCEL4,2025-08-11T02:25:30.000000
59639,LEGAL,LEG_TIT,2025-08-11T02:47:06.000000
31527,LEGAL,LEG VERIF 1,2025-08-11T03:30:23.000000
68861,LEGAL,LEG_TIT,2025-08-11T05:36:59.000000
49171,PAYING,PAY PROP,2025-08-11T05:50:03.000000
77262,COLLECTIONS,CANCEL2,2025-08-11T06:13:42.000000
18486,LEGAL,LEG VERIF 1,2025-08-11T06:18:54.000000
60840,OTHER,ARCHIVED,2025-08-11T07:29:54.000000
71242,INSOLVENCY,INS2,2025-08-11T10:23:29.000000
13989,OTHER,ARCHIVED,2025-08-11T12:15:37.000000
82007,SETTLED,SETTLED,2025-08-11T13:45:16.000000
65428,LEGAL,LEG_TIT,2025-08-11T16:13:54.000000
96035,OTHER,ARCHIVED,2025-08-11T17:38:13.000000
85441,COLLECTIONS,CASSIST2,2025-08-11T20:56:23.000000
34177,INSOLVENCY,INS2,2025-08-11T22:05:32.000000
52609,LEGAL,LEG VERIF 1,2025-08-11T22:06:20.000000
68484,SETTLED,SETTLED,2025-08-12T00:01:49.000000
86543,INSOLVENCY,INS1,2025-08-12T00:27:37.000000
19523,SETTLED,SETTLED,2025-08-12T05:43:58.000000
79792,SETTLED,SETTLED,2025-08-12T11:35:41.000000
38921,COLLECTIONS,TELSOLUTIONS4,2025-08-12T18:29:45.000000
40733,SETTLED,SETTLED,2025-08-12T20:11:43.000000
39116,OTHER,ARCHIVED,2025-08-12T20:40:22.000000
69833,SETTLED,SETTLED,2025-08-12T22:19:40.000000
79212,TRACE,GONEAWAY,2025-08-13T02:42:25.000000
86543,LEGAL,LEG VERIF 2,2025-08-13T06:38:31.000000
92221,SETTLED,SETTLED,2025-08-13T09:21:04.000000
47857,SETTLED,SETTLED,2025-08-13T11:42:44.000000
68484,SETTLED,SETTLED,2025-08-13T13:22:47.000000
86693,LEGAL,LEG VERIF 2,2025-08-13T15:19:04.000000
37628,SETTLED,SETTLED,2025-08-13T23:53:19.000000
92221,INSOLVENCY,INSP,2025-08-15T03:24:40.000000
95157,OTHER,ARCHIVED,2025-08-15T04:08:38.000000
82487,LEGAL,LEG VERIF 2,2025-08-15T04:47:47.000000
23780,INSOLVENCY,INS1,2025-08-15T06:28:41.000000
28504,OTHER,ARCHIVED,2025-08-15T06:33:08.000000
70437,OTHER,ARCHIVED,2025-08-15T11:55:48.000000
58892,INSOLVENCY,INS4,2025-08-15T12:47:37.000000
86646,INSOLVENCY,INS3,2025-08-15T16:58:17.000000
52436,TRACE,GONEAWAY,2025-08-15T18:09:11.000000
11449,COLLECTIONS,CASSIST2,2025-08-16T01:20:26.000000
60947,INSOLVENCY,INS3,2025-08-16T01:59:26.000000
45495,COLLECTIONS,CANCEL4,2025-08-16T03:13:43.000000
45495,TRACE,GONEAWAY,2025-08-16T05:17:17.000000
22385,PAYING,PAY CURR,2025-08-16T07:14:58.000000
40659,LEGAL,LEG_TIT,2025-08-16T08:20:20.000000
52219,SETTLED,SETTLED,2025-08-16T09:48:08.000000
19986,LEGAL,LEG_TIT,2025-08-16T10:32:16.000000
62692,PAYING,PAY CURR,2025-08-16T14:22:09.000000
91142,PAYING,PAY PROP,2025-08-16T15:33:55.000000
87432,PAYING,PAY PROP,2025-08-16T15:55:20.000000
57417,INSOLVENCY,INS1,2025-08-16T16:23:17.000000
55200,TRACE,GONEAWAY,2025-08-16T22:28:41.000000
30817,COLLECTIONS,PRIME,2025-08-16T23:26:05.000000
82789,TRACE,GONEAWAY,2025-08-17T12:13:57.000000
90467,TRACE,GONEAWAY,2025-08-17T12:15:17.000000
94751,LEGAL,LEG VERIF 2,2025-08-17T18:42:27.000000
32998,TRACE,GONEAWAY,2025-08-18T03:24:28.000000
14184,SETTLED,SETTLED,2025-08-18T04:47:34.000000
48606,LEGAL,HOLD FO,2025-08-18T05:27:59.000000
72758,SETTLED,SETTLED,2025-08-18T07:17:32.000000
92255,LEGAL,LEG VERIF 1,2025-08-18T07:25:49.000000
43403,INSOLVENCY,INS3,2025-08-18T07:34:50.000000
82269,PAYING,PAY CURR,2025-08-18T08:36:39.000000
89313,LEGAL,LEG VERIF 2,2025-08-18T08:55:36.000000
33347,PAYING,PAY CURR,2025-08-18T09:36:05.000000
63285,OTHER,ARCHIVED,2025-08-18T11:08:05.000000
30943,LEGAL,LEG_NOT,2025-08-18T16:20:31.000000
36313,INSOLVENCY,INS3,2025-08-18T17:29:24.000000
78078,INSOLVENCY,INS2,2025-08-18T18:40:07.000000
95157,LEGAL,LEG_NOT,2025-08-18T19:06:28.000000
54885,INSOLVENCY,INSP,2025-08-18T19:27:12.000000
79792,SETTLED,SETTLED,2025-08-18T19:42:43.000000
73732,SETTLED,SETTLED,2025-08-18T20:37:48.000000
11916,TRACE,GONEAWAY,2025-08-18T23:53:54.000000
94706,LEGAL,LEG_TIT,2025-08-19T01:25:19.000000
36291,INSOLVENCY,INS2,2025-08-20T07:44:28.000000
56961,LEGAL,HOLD FO,2025-08-20T10:48:22.000000
29210,PAYING,PAY CURR,2025-08-20T10:53:13.000000
79212,INSOLVENCY,INSP,2025-08-21T00:19:16.000000
92221,LEGAL,HOLD FO,2025-08-21T02:05:12.000000
81634,PAYING,PAY PROP,2025-08-21T02:18:47.000000
17413,SETTLED,SETTLED,2025-08-21T02:49:13.000000
27543,OTHER,ARCHIVED,2025-08-21T05:41:08.000000
47543,PAYING,PAY CURR,2025-08-21T09:14:00.000000
86086,OTHER,ARCHIVED,2025-08-21T10:07:10.000000
14117,COLLECTIONS,PRIME_D,2025-08-21T12:05:58.000000
86650,TRACE,GONEAWAY,2025-08-21T13:30:28.000000
86013,INSOLVENCY,INS4,2025-08-21T13:52:16.000000
17993,SETTLED,SETTLED,2025-08-21T15:57:43.000000
16077,COLLECTIONS,PAY OVER,2025-08-21T17:48:34.000000
80451,COLLECTIONS,CANCEL4,2025-08-21T18:11:38.000000
29623,SETTLED,SETTLED,2025-08-21T20:18:29.000000
45571,PAYING,PAY CURR,2025-08-21T21:23:21.000000
14567,COLLECTIONS,CASSIST2,2025-08-21T21:56:31.000000
94714,SETTLED,SETTLED,2025-08-21T23:40:02.000000
92829,TRACE,GONEAWAY,2025-08-21T23:57:04.000000
62595,COLLECTIONS,PRIME_D,2025-08-22T05:18:09.000000
73980,TRACE,GONEAWAY,2025-08-23T00:21:47.000000
59344,SETTLED,SETTLED,2025-08-23T01:55:38.000000
30817,TRACE,GONEAWAY,2025-08-23T02:25:10.000000
61708,TRACE,GONEAWAY,2025-08-23T02:49:08.000000
94638,COLLECTIONS,PRIME,2025-08-23T05:42:23.000000
74699,TRACE,GONEAWAY,2025-08-23T07:31:13.000000
39453,SETTLED,SETTLED,2025-08-23T09:05:50.000000
54296,PAYING,PAY PROP,2025-08-23T09:47:14.000000
92669,PAYING,PAY PROP,2025-08-23T12:36:39.000000
30817,OTHER,ARCHIVED,2025-08-23T16:14:47.000000
84455,COLLECTIONS,TELSOLUTIONS4,2025-08-23T18:24:32.000000
26096,OTHER,ARCHIVED,2025-08-23T18:31:20.000000
77535,INSOLVENCY,INS4,2025-08-23T19:05:46.000000
91710,SETTLED,SETTLED,2025-08-23T19:28:05.000000
88060,OTHER,ARCHIVED,2025-08-23T20:26:16.000000
68861,INSOLVENCY,INS4,2025-08-23T21:58:37.000000
79279,TRACE,GONEAWAY,2025-08-23T23:20:37.000000
42247,TRACE,GONEAWAY,2025-08-24T00:15:40.000000
22367,COLLECTIONS,PRIME_D,2025-08-24T00:58:46.000000
19523,OTHER,ARCHIVED,2025-08-24T06:48:18.000000
86013,COLLECTIONS,PRIME,2025-08-24T06:53:12.000000
33376,INSOLVENCY,INS3,2025-08-24T16:07:26.000000
35401,OTHER,ARCHIVED,2025-08-24T21:54:08.000000
72838,LEGAL,LEG VERIF 1,2025-08-25T00:50:10.000000
52609,COLLECTIONS,TELSOLUTIONS4,2025-08-25T02:51:43.000000
18838,INSOLVENCY,INS4,2025-08-25T03:26:09.000000
19675,TRACE,GONEAWAY,2025-08-25T03:47:06.000000
75042,SETTLED,SETTLED,2025-08-25T06:04:49.000000
98849,LEGAL,LEG_NOT,2025-08-25T06:10:52.000000
48786,SETTLED,SETTLED,2025-08-25T11:49:32.000000
58120,OTHER,ARCHIVED,2025-08-25T13:45:20.000000
52017,LEGAL,LEG VERIF 2,2025-08-25T13:47:46.000000
94193,TRACE,GONEAWAY,2025-08-25T14:05:53.000000
94714,INSOLVENCY,INS3,2025-08-25T14:14:35.000000
91678,COLLECTIONS,PRIME_D,2025-08-25T15:08:56.000000
57663,SETTLED,SETTLED,2025-08-25T15:15:37.000000
89946,TRACE,GONEAWAY,2025-08-25T15:42:07.000000
95157,TRACE,GONEAWAY,2025-08-25T18:36:21.000000
78353,TRACE,GONEAWAY,2025-08-25T18:49:39.000000
90869,LEGAL,LEG_TIT,2025-08-25T19:18:22.000000
24815,INSOLVENCY,INSP,2025-08-25T19:24:07.000000
54765,PAYING,PAY CURR,2025-08-25T19:38:08.000000
27482,SETTLED,SETTLED,2025-08-25T20:18:32.000000
21489,LEGAL,LEG VERIF 2,2025-08-26T02:12:51.000000
63285,PAYING,PAY PROP,2025-08-26T04:12:50.000000
33783,SETTLED,SETTLED,2025-08-26T04:35:21.000000
27223,LEGAL,LEG_NOT,2025-08-26T06:11:50.000000
83051,COLLECTIONS,PRIME,2025-08-26T06:24:49.000000
82007,INSOLVENCY,INSP,2025-08-26T06:35:31.000000
75042,SETTLED,SETTLED,2025-08-26T06:56:52.000000
27789,COLLECTIONS,PRIME_D,2025-08-26T09:34:12.000000
78528,COLLECTIONS,PRIME,2025-08-26T09:56:21.000000
60663,LEGAL,HOLD FO,2025-08-26T09:56:53.000000
47543,TRACE,GONEAWAY,2025-08-26T10:18:57.000000
23982,PAYING,PAY PROP,2025-08-26T11:28:29.000000
31463,OTHER,ARCHIVED,2025-08-26T12:07:03.000000
52017,LEGAL,LEG_NOT,2025-08-26T15:03:35.000000
59505,SETTLED,SETTLED,2025-08-26T17:06:30.000000
45495,COLLECTIONS,TELSOLUTIONS4,2025-08-26T19:41:50.000000
51246,COLLECTIONS,PRIME,2025-08-26T20:32:13.000000
82324,LEGAL,LEG_TIT,2025-08-27T01:14:51.000000
61582,TRACE,GONEAWAY,2025-08-27T05:57:30.000000
36459,INSOLVENCY,INS2,2025-08-27T06:10:36.000000
60048,TRACE,GONEAWAY,2025-08-27T07:01:42.000000
66216,OTHER,ARCHIVED,2025-08-27T07:50:08.000000
27482,COLLECTIONS,PRIME,2025-08-27T07:52:57.000000
16198,PAYING,PAY CURR,2025-08-27T09:38:19.000000
67701,COLLECTIONS,CASSIST2,2025-08-27T12:48:27.000000
82269,COLLECTIONS,TELSOLUTIONS1,2025-08-27T14:45:08.000000
84845,PAYING,PAY CURR,2025-08-27T15:04:49.000000
46155,INSOLVENCY,INS3,2025-08-27T16:52:22.000000
91558,INSOLVENCY,INS4,2025-08-27T19:15:29.000000
81469,TRACE,GONEAWAY,2025-08-27T20:34:00.000000
46494,SETTLED,SETTLED,2025-08-27T21:35:28.000000
19086,SETTLED,SETTLED,2025-08-27T22:13:36.000000
27620,TRACE,GONEAWAY,2025-08-28T00:09:42.000000
78633,COLLECTIONS,CASSIST2,2025-08-28T01:41:05.000000
55992,OTHER,ARCHIVED,2025-08-28T02:57:44.000000
98172,INSOLVENCY,INS2,2025-08-28T04:33:26.000000
46992,LEGAL,LEG VERIF 1,2025-08-28T05:35:10.000000
21418,SETTLED,SETTLED,2025-08-28T09:26:22.000000
30531,TRACE,GONEAWAY,2025-08-28T09:33:03.000000
87432,INSOLVENCY,INS3,2025-08-28T11:29:15.000000
71048,INSOLVENCY,INSP,2025-08-28T11:31:19.000000
39175,PAYING,PAY CURR,2025-08-28T11:44:57.000000
54341,PAYING,PAY CURR,2025-08-28T12:58:27.000000
28504,COLLECTIONS,TELSOLUTIONS1,2025-08-28T13:45:24.000000
97989,INSOLVENCY,INS2,2025-08-28T14:13:02.000000
13416,SETTLED,SETTLED,2025-08-28T14:58:46.000000
98298,SETTLED,SETTLED,2025-08-28T16:37:51.000000
82324,LEGAL,LEG VERIF 1,2025-08-28T18:34:17.000000
67504,TRACE,GONEAWAY,2025-08-28T22:30:53.000000
86347,TRACE,GONEAWAY,2025-08-28T23:20:27.000000
37988,INSOLVENCY,INS3,2025-08-28T23:25:10.000000
61708,OTHER,ARCHIVED,2025-08-28T23:44:43.000000
31527,COLLECTIONS,CASSIST2,2025-08-29T07:22:41.000000
42252,LEGAL,LEG_NOT,2025-08-29T11:54:59.000000
31527,OTHER,ARCHIVED,2025-08-29T12:12:52.000000
94706,COLLECTIONS,PRIME_D,2025-08-29T18:04:24.000000
47450,OTHER,ARCHIVED,2025-08-29T18:41:17.000000
97132,PAYING,PAY CURR,2025-08-29T18:59:48.000000
76500,LEGAL,LEG_TIT,2025-08-29T23:48:16.000000
15004,PAYING,PAY CURR,2025-08-30T02:35:12.000000
41979,INSOLVENCY,INS3,2025-08-30T03:55:11.000000
32998,LEGAL,HOLD FO,2025-08-30T06:40:11.000000
37988,LEGAL,LEG VERIF 2,2025-08-30T16:10:08.000000
43403,INSOLVENCY,INS3,2025-08-30T21:52:50.000000
71125,TRACE,GONEAWAY,2025-08-31T02:59:31.000000
32832,INSOLVENCY,INSP,2025-08-31T05:52:01.000000
77426,COLLECTIONS,PAY OVER,2025-08-31T06:43:49.000000
68861,PAYING,PAY CURR,2025-08-31T06:57:08.000000
33057,OTHER,ARCHIVED,2025-08-31T09:03:04.000000
52697,SETTLED,SETTLED,2025-08-31T12:57:43.000000
10869,LEGAL,LEG VERIF 2,2025-08-31T15:23:44.000000
26696,LEGAL,LEG_TIT,2025-08-31T16:04:45.000000
91678,SETTLED,SETTLED,2025-08-31T16:09:29.000000
39643,LEGAL,HOLD FO,2025-08-31T17:42:09.000000
64246,OTHER,ARCHIVED,2025-08-31T20:07:41.000000
74670,LEGAL,LEG VERIF 2,2025-09-01T00:38:01.000000
57417,SETTLED,SETTLED,2025-09-01T01:25:31.000000
77145,PAYING,PAY CURR,2025-09-01T04:55:34.000000
85466,TRACE,GONEAWAY,2025-09-01T06:12:41.000000
10506,LEGAL,LEG VERIF 2,2025-09-01T10:40:46.000000
77524,LEGAL,HOLD FO,2025-09-01T11:09:19.000000
26514,PAYING,PAY CURR,2025-09-01T17:41:08.000000
88716,TRACE,GONEAWAY,2025-09-01T18:03:16.000000
52017,TRACE,GONEAWAY,2025-09-01T18:24:08.000000
55992,TRACE,GONEAWAY,2025-09-01T18:50:06.000000
57074,COLLECTIONS,PRIME,2025-09-01T20:18:56.000000
17232,INSOLVENCY,INS2,2025-09-01T20:42:38.000000
89313,COLLECTIONS,TELSOLUTIONS1,2025-09-01T20:55:34.000000
94956,TRACE,GONEAWAY,2025-09-01T21:00:05.000000
77145,OTHER,ARCHIVED,2025-09-01T22:17:48.000000
55047,SETTLED,SETTLED,2025-09-02T16:07:59.000000
40198,INSOLVENCY,INS3,2025-09-02T21:43:29.000000
55558,SETTLED,SETTLED,2025-09-03T01:23:04.000000
91712,COLLECTIONS,TELSOLUTIONS4,2025-09-03T01:56:47.000000
84211,INSOLVENCY,INS3,2025-09-03T03:06:17.000000
64136,LEGAL,LEG_TIT,2025-09-03T03:08:42.000000
43108,PAYING,PAY CURR,2025-09-03T08:34:04.000000
45539,INSOLVENCY,INSP,2025-09-03T12:46:24.000000
13416,COLLECTIONS,PRIME,2025-09-03T12:50:09.000000
52137,COLLECTIONS,CASSIST2,2025-09-03T13:52:48.000000
82789,COLLECTIONS,CANCEL2,2025-09-03T14:37:58.000000
16628,OTHER,ARCHIVED,2025-09-03T17:50:06.000000
26696,PAYING,PAY PROP,2025-09-03T20:27:33.000000
87459,INSOLVENCY,INS4,2025-09-03T21:05:12.000000
20233,SETTLED,SETTLED,2025-09-03T21:52:57.000000
95997,COLLECTIONS,CANCEL2,2025-09-03T22:02:53.000000
37628,LEGAL,LEG_NOT,2025-09-03T22:36:52.000000
86693,INSOLVENCY,INSP,2025-09-03T23:48:36.000000
57726,PAYING,PAY CURR,2025-09-04T00:35:15.000000
84211,PAYING,PAY PROP,2025-09-04T04:00:12.000000
57663,LEGAL,HOLD FO,2025-09-04T19:09:40.000000
54123,TRACE,GONEAWAY,2025-09-04T20:47:22.000000
52017,SETTLED,SETTLED,2025-09-04T21:59:33.000000
16913,TRACE,GONEAWAY,2025-09-05T02:08:46.000000
42494,TRACE,GONEAWAY,2025-09-05T02:11:37.000000
10180,PAYING,PAY CURR,2025-09-05T03:54:11.000000
15248,TRACE,GONEAWAY,2025-09-05T06:47:30.000000
54718,PAYING,PAY CURR,2025-09-05T07:04:15.000000
66216,PAYING,PAY PROP,2025-09-05T07:17:52.000000
20507,LEGAL,LEG_NOT,2025-09-05T10:06:25.000000
49823,TRACE,GONEAWAY,2025-09-05T11:05:21.000000
64713,SETTLED,SETTLED,2025-09-05T14:27:39.000000
60840,PAYING,PAY CURR,2025-09-05T15:02:39.000000
85173,INSOLVENCY,INS3,2025-09-05T15:32:33.000000
68126,TRACE,GONEAWAY,2025-09-05T16:09:01.000000
80451,LEGAL,LEG_NOT,2025-09-05T16:25:31.000000
32283,LEGAL,HOLD FO,2025-09-05T17:09:26.000000
27543,PAYING,PAY PROP,2025-09-06T04:31:06.000000
13206,OTHER,ARCHIVED,2025-09-06T06:41:17.000000
60048,OTHER,ARCHIVED,2025-09-06T07:23:39.000000
19413,PAYING,PAY PROP,2025-09-06T08:25:33.000000
39175,INSOLVENCY,INS3,2025-09-06T09:28:55.000000
19372,SETTLED,SETTLED,2025-09-06T09:37:27.000000
12247,INSOLVENCY,INS4,2025-09-06T09:38:00.000000
13206,INSOLVENCY,INS3,2025-09-06T11:20:11.000000
28504,LEGAL,LEG VERIF 2,2025-09-06T13:13:39.000000
78633,LEGAL,LEG_TIT,2025-09-06T14:44:25.000000
46588,OTHER,ARCHIVED,2025-09-06T17:31:46.000000
47543,PAYING,PAY PROP,2025-09-06T18:55:47.000000
27497,COLLECTIONS,CANCEL2,2025-09-06T19:40:15.000000
76500,SETTLED,SETTLED,2025-09-06T20:12:29.000000
96772,PAYING,PAY CURR,2025-09-06T20:29:47.000000
86086,TRACE,GONEAWAY,2025-09-06T20:47:27.000000
23382,OTHER,ARCHIVED,2025-09-06T21:11:40.000000
48388,PAYING,PAY PROP,2025-09-06T23:37:47.000000
16402,TRACE,GONEAWAY,2025-09-07T00:29:33.000000
86556,COLLECTIONS,PAY OVER,2025-09-07T01:08:41.000000
47857,PAYING,PAY PROP,2025-09-07T01:15:22.000000
26696,PAYING,PAY CURR,2025-09-07T02:12:39.000000
14567,COLLECTIONS,CASSIST2,2025-09-07T08:44:58.000000
51596,OTHER,ARCHIVED,2025-09-07T09:21:19.000000
17346,OTHER,ARCHIVED,2025-09-07T15:27:36.000000
59791,OTHER,ARCHIVED,2025-09-07T16:54:00.000000
31527,COLLECTIONS,TELSOLUTIONS1,2025-09-07T19:33:32.000000
31933,COLLECTIONS,TELSOLUTIONS4,2025-09-08T02:15:28.000000
31903,COLLECTIONS,TELSOLUTIONS1,2025-09-08T07:51:06.000000
71242,LEGAL,LEG VERIF 1,2025-09-09T04:41:23.000000
95230,PAYING,PAY PROP,2025-09-09T08:47:18.000000
46986,TRACE,GONEAWAY,2025-09-09T09:46:37.000000
27497,PAYING,PAY CURR,2025-09-09T10:57:57.000000
72758,OTHER,ARCHIVED,2025-09-09T19:44:05.000000
19986,SETTLED,SETTLED,2025-09-09T23:35:14.000000
96035,SETTLED,SETTLED,2025-09-10T13:19:25.000000
94751,PAYING,PAY PROP,2025-09-11T00:51:14.000000
39629,LEGAL,LEG_TIT,2025-09-11T01:43:26.000000
74894,OTHER,ARCHIVED,2025-09-11T02:07:08.000000
54885,OTHER,ARCHIVED,2025-09-11T02:40:50.000000
87432,OTHER,ARCHIVED,2025-09-11T03:01:05.000000
99755,LEGAL,HOLD FO,2025-09-11T07:46:56.000000
34108,SETTLED,SETTLED,2025-09-11T08:09:11.000000
42252,SETTLED,SETTLED,2025-09-11T13:15:34.000000
10180,PAYING,PAY PROP,2025-09-11T14:04:18.000000
78416,SETTLED,SETTLED,2025-09-11T15:08:17.000000
98909,LEGAL,LEG_NOT,2025-09-11T15:10:28.000000
13416,OTHER,ARCHIVED,2025-09-11T15:54:27.000000
19413,COLLECTIONS,PAY OVER,2025-09-11T17:03:49.000000
57074,SETTLED,SETTLED,2025-09-11T17:47:58.000000
66787,COLLECTIONS,PAY OVER,2025-09-11T21:53:44.000000
68126,SETTLED,SETTLED,2025-09-11T23:59:57.000000
65559,COLLECTIONS,CANCEL4,2025-09-13T01:09:40.000000
35861,TRACE,GONEAWAY,2025-09-13T06:29:45.000000
94928,PAYING,PAY PROP,2025-09-13T06:38:51.000000
74670,SETTLED,SETTLED,2025-09-13T08:05:39.000000
63368,COLLECTIONS,PRIME_D,2025-09-13T08:45:27.000000
25733,SETTLED,SETTLED,2025-09-13T09:18:59.000000
17993,COLLECTIONS,CANCEL4,2025-09-13T10:38:24.000000
20307,LEGAL,LEG_TIT,2025-09-13T12:56:25.000000
33347,LEGAL,LEG VERIF 1,2025-09-13T13:23:57.000000
61582,LEGAL,HOLD FO,2025-09-13T13:53:42.000000
19523,TRACE,GONEAWAY,2025-09-13T14:02:31.000000
95157,COLLECTIONS,PRIME_D,2025-09-13T14:30:23.000000
73980,SETTLED,SETTLED,2025-09-13T14:35:44.000000
94751,TRACE,GONEAWAY,2025-09-13T14:49:03.000000
65428,SETTLED,SETTLED,2025-09-13T16:12:37.000000
41979,SETTLED,SETTLED,2025-09-13T16:56:55.000000
66755,PAYING,PAY CURR,2025-09-13T17:54:41.000000
99755,LEGAL,LEG_NOT,2025-09-13T20:48:45.000000
52436,INSOLVENCY,INS2,2025-09-13T21:00:51.000000
39629,TRACE,GONEAWAY,2025-09-13T22:43:27.000000
66463,LEGAL,LEG_TIT,2025-09-14T01:31:16.000000
42252,PAYING,PAY CURR,2025-09-14T01:36:50.000000
31658,COLLECTIONS,PAY OVER,2025-09-14T04:51:50.000000
13484,LEGAL,LEG VERIF 2,2025-09-14T09:54:05.000000
64136,PAYING,PAY CURR,2025-09-14T15:19:27.000000
52436,COLLECTIONS,TELSOLUTIONS4,2025-09-14T16:38:28.000000
83620,INSOLVENCY,INS4,2025-09-14T21:45:38.000000
13124,PAYING,PAY PROP,2025-09-15T04:00:10.000000
33376,COLLECTIONS,TELSOLUTIONS1,2025-09-15T05:57:02.000000
34083,LEGAL,LEG_TIT,2025-09-15T07:33:37.000000
25726,OTHER,ARCHIVED,2025-09-15T07:39:16.000000
59940,COLLECTIONS,TELSOLUTIONS1,2025-09-15T07:46:43.000000
21453,OTHER,ARCHIVED,2025-09-15T12:43:06.000000
33057,OTHER,ARCHIVED,2025-09-15T14:06:03.000000
52017,OTHER,ARCHIVED,2025-09-15T14:56:44.000000
32283,LEGAL,LEG VERIF 1,2025-09-15T15:08:39.000000
53016,PAYING,PAY CURR,2025-09-15T16:06:32.000000
74894,LEGAL,HOLD FO,2025-09-15T18:30:58.000000
17670,INSOLVENCY,INS4,2025-09-15T20:13:53.000000
71125,PAYING,PAY PROP,2025-09-15T21:34:04.000000
89178,LEGAL,LEG VERIF 1,2025-09-15T21:43:33.000000
62495,TRACE,GONEAWAY,2025-09-15T21:43:45.000000
35861,PAYING,PAY PROP,2025-09-15T22:46:47.000000
91710,INSOLVENCY,INSP,2025-09-15T23:01:13.000000
55047,SETTLED,SETTLED,2025-09-16T01:42:54.000000
82007,SETTLED,SETTLED,2025-09-16T02:04:03.000000
37744,COLLECTIONS,CANCEL2,2025-09-16T02:52:34.000000
66106,SETTLED,SETTLED,2025-09-16T11:32:14.000000
25633,SETTLED,SETTLED,2025-09-16T12:17:54.000000
61934,COLLECTIONS,CANCEL2,2025-09-16T13:07:35.000000
29593,OTHER,ARCHIVED,2025-09-16T14:25:20.000000
89612,INSOLVENCY,INSP,2025-09-16T16:11:13.000000
31658,SETTLED,SETTLED,2025-09-16T17:48:19.000000
74104,COLLECTIONS,CANCEL4,2025-09-16T18:35:35.000000
54296,COLLECTIONS,CANCEL2,2025-09-16T18:55:50.000000
30746,INSOLVENCY,INS2,2025-09-16T22:34:36.000000
52137,COLLECTIONS,CANCEL2,2025-09-16T23:37:21.000000
51216,LEGAL,LEG_TIT,2025-09-17T02:56:02.000000
34002,LEGAL,LEG VERIF 2,2025-09-17T04:37:02.000000
95274,LEGAL,HOLD FO,2025-09-17T08:57:24.000000
13664,PAYING,PAY CURR,2025-09-17T14:13:09.000000
61279,INSOLVENCY,INS2,2025-09-17T18:36:16.000000
62595,PAYING,PAY CURR,2025-09-17T20:06:51.000000
32283,PAYING,PAY CURR,2025-09-17T21:35:07.000000
62595,LEGAL,LEG_NOT,2025-09-17T21:59:44.000000
11916,TRACE,GONEAWAY,2025-09-18T01:37:24.000000
44286,INSOLVENCY,INS1,2025-09-18T02:28:31.000000
82269,PAYING,PAY PROP,2025-09-18T04:30:08.000000
58120,SETTLED,SETTLED,2025-09-18T07:16:31.000000
34083,PAYING,PAY CURR,2025-09-18T08:32:26.000000
54341,TRACE,GONEAWAY,2025-09-18T10:13:18.000000
54765,INSOLVENCY,INS1,2025-09-18T12:22:10.000000
59502,OTHER,ARCHIVED,2025-09-18T14:33:57.000000
52436,INSOLVENCY,INS2,2025-09-18T16:27:06.000000
35227,TRACE,GONEAWAY,2025-09-18T17:27:59.000000
54123,PAYING,PAY CURR,2025-09-18T19:10:36.000000
42371,PAYING,PAY PROP,2025-09-18T19:46:29.000000
60663,OTHER,ARCHIVED,2025-09-18T20:01:40.000000
64713,INSOLVENCY,INS1,2025-09-18T20:59:24.000000
81675,OTHER,ARCHIVED,2025-09-18T22:03:32.000000
93809,OTHER,ARCHIVED,2025-09-19T15:16:25.000000
62106,OTHER,ARCHIVED,2025-09-20T01:00:47.000000
13883,COLLECTIONS,PRIME,2025-09-20T01:21:54.000000
35504,COLLECTIONS,PAY OVER,2025-09-20T01:49:36.000000
97132,INSOLVENCY,INS1,2025-09-20T05:47:48.000000
93496,INSOLVENCY,INS2,2025-09-20T07:17:01.000000
31233,LEGAL,LEG VERIF 1,2025-09-20T08:57:08.000000
41546,INSOLVENCY,INS2,2025-09-20T09:06:45.000000
91658,INSOLVENCY,INSP,2025-09-20T10:01:07.000000
31658,SETTLED,SETTLED,2025-09-20T10:38:26.000000
10180,TRACE,GONEAWAY,2025-09-20T12:06:00.000000
44060,COLLECTIONS,TELSOLUTIONS4,2025-09-20T12:15:41.000000
30817,TRACE,GONEAWAY,2025-09-20T15:00:34.000000
14184,TRACE,GONEAWAY,2025-09-20T15:18:00.000000
55886,SETTLED,SETTLED,2025-09-20T15:57:37.000000
86556,TRACE,GONEAWAY,2025-09-20T18:03:11.000000
20507,INSOLVENCY,INSP,2025-09-20T18:23:51.000000
37988,SETTLED,SETTLED,2025-09-20T19:00:11.000000
91402,LEGAL,LEG_NOT,2025-09-20T20:22:00.000000
13356,SETTLED,SETTLED,2025-09-20T20:59:27.000000
59505,COLLECTIONS,TELSOLUTIONS4,2025-09-21T00:49:38.000000
66106,PAYING,PAY PROP,2025-09-21T01:02:08.000000
52137,INSOLVENCY,INS2,2025-09-21T02:00:24.000000
18486,SETTLED,SETTLED,2025-09-21T05:18:46.000000
83620,SETTLED,SETTLED,2025-09-21T05:25:15.000000
23780,SETTLED,SETTLED,2025-09-21T07:08:48.000000
46369,TRACE,GONEAWAY,2025-09-21T09:41:17.000000
83051,TRACE,GONEAWAY,2025-09-21T12:37:54.000000
27543,COLLECTIONS,TELSOLUTIONS1,2025-09-21T13:10:37.000000
42494,COLLECTIONS,CASSIST2,2025-09-21T15:02:16.000000
68126,COLLECTIONS,PAY OVER,2025-09-21T15:58:50.000000
72838,INSOLVENCY,INS1,2025-09-21T19:52:38.000000
10506,OTHER,ARCHIVED,2025-09-21T20:45:46.000000
22047,SETTLED,SETTLED,2025-09-21T21:29:40.000000
32552,LEGAL,HOLD FO,2025-09-22T00:01:16.000000
62692,PAYING,PAY PROP,2025-09-22T01:02:32.000000
37628,OTHER,ARCHIVED,2025-09-22T01:18:32.000000
47532,LEGAL,LEG_NOT,2025-09-22T01:36:31.000000
67443,COLLECTIONS,PAY OVER,2025-09-22T02:30:06.000000
60840,COLLECTIONS,TELSOLUTIONS4,2025-09-22T05:11:19.000000
97989,INSOLVENCY,INSP,2025-09-22T08:49:57.000000
66755,SETTLED,SETTLED,2025-09-22T08:55:54.000000
89612,OTHER,ARCHIVED,2025-09-22T09:27:25.000000
28442,LEGAL,LEG_TIT,2025-09-22T10:55:37.000000
36810,INSOLVENCY,INS3,2025-09-22T12:27:52.000000
67396,COLLECTIONS,CASSIST2,2025-09-22T14:25:41.000000
18486,LEGAL,LEG VERIF 1,2025-09-22T14:57:12.000000
39116,OTHER,ARCHIVED,2025-09-22T16:23:57.000000
41740,SETTLED,SETTLED,2025-09-22T16:55:06.000000
25635,SETTLED,SETTLED,2025-09-22T17:38:31.000000
88716,SETTLED,SETTLED,2025-09-22T17:48:22.000000
56539,SETTLED,SETTLED,2025-09-22T21:49:44.000000
82007,OTHER,ARCHIVED,2025-09-22T21:58:33.000000
24762,INSOLVENCY,INS3,2025-09-23T03:58:46.000000
34002,PAYING,PAY PROP,2025-09-23T16:47:21.000000
61708,LEGAL,LEG_NOT,2025-09-23T22:57:38.000000
91331,INSOLVENCY,INS3,2025-09-24T01:21:31.000000
95230,OTHER,ARCHIVED,2025-09-24T03:15:23.000000
90725,OTHER,ARCHIVED,2025-09-24T05:14:22.000000
13416,INSOLVENCY,INSP,2025-09-24T07:01:08.000000
14184,SETTLED,SETTLED,2025-09-24T07:48:37.000000
16628,INSOLVENCY,INS4,2025-09-24T10:22:20.000000
94928,TRACE,GONEAWAY,2025-09-24T11:13:04.000000
13883,COLLECTIONS,PAY OVER,2025-09-24T12:09:08.000000
52219,INSOLVENCY,INS3,2025-09-24T14:00:03.000000
83943,TRACE,GONEAWAY,2025-09-24T14:00:49.000000
74428,SETTLED,SETTLED,2025-09-24T17:32:07.000000
42747,INSOLVENCY,INS1,2025-09-24T17:48:22.000000
44502,LEGAL,LEG VERIF 2,2025-09-24T19:20:26.000000
17948,TRACE,GONEAWAY,2025-09-24T19:27:58.000000
94751,PAYING,PAY PROP,2025-09-24T19:43:04.000000
84256,COLLECTIONS,TELSOLUTIONS4,2025-09-24T21:15:33.000000
85466,PAYING,PAY PROP,2025-09-25T01:29:25.000000
73980,OTHER,ARCHIVED,2025-09-26T03:55:57.000000
94928,OTHER,ARCHIVED,2025-09-26T08:37:52.000000
92221,SETTLED,SETTLED,2025-09-26T10:04:08.000000
38621,PAYING,PAY CURR,2025-09-26T14:41:10.000000
10585,COLLECTIONS,PAY OVER,2025-09-26T16:08:37.000000
98254,LEGAL,LEG VERIF 1,2025-09-27T12:16:40.000000
95599,PAYING,PAY PROP,2025-09-28T03:46:42.000000
88716,COLLECTIONS,CASSIST2,2025-09-28T14:06:26.000000
40198,OTHER,ARCHIVED,2025-09-28T15:06:25.000000
89637,TRACE,GONEAWAY,2025-09-28T16:04:04.000000
74104,INSOLVENCY,INS3,2025-09-28T17:23:32.000000
76500,COLLECTIONS,PAY OVER,2025-09-30T02:26:15.000000
46545,TRACE,GONEAWAY,2025-09-30T02:58:05.000000
98849,COLLECTIONS,TELSOLUTIONS1,2025-09-30T06:20:07.000000
50515,TRACE,GONEAWAY,2025-09-30T09:26:07.000000
59791,SETTLED,SETTLED,2025-09-30T09:30:39.000000
63848,TRACE,GONEAWAY,2025-09-30T10:29:54.000000
95230,OTHER,ARCHIVED,2025-09-30T14:46:21.000000
32252,PAYING,PAY CURR,2025-09-30T15:05:15.000000
89082,INSOLVENCY,INS3,2025-09-30T17:21:18.000000
47857,PAYING,PAY PROP,2025-09-30T19:28:58.000000
85869,COLLECTIONS,CANCEL2,2025-10-01T02:26:49.000000
93809,INSOLVENCY,INS3,2025-10-01T03:17:51.000000
62345,INSOLVENCY,INS2,2025-10-01T04:52:20.000000
13861,INSOLVENCY,INS2,2025-10-01T04:53:39.000000
42252,COLLECTIONS,TELSOLUTIONS1,2025-10-01T05:03:22.000000
22385,PAYING,PAY PROP,2025-10-01T06:01:33.000000
60001,INSOLVENCY,INS4,2025-10-01T06:50:43.000000
62106,SETTLED,SETTLED,2025-10-01T10:17:17.000000
68126,OTHER,ARCHIVED,2025-10-01T11:28:51.000000
32252,OTHER,ARCHIVED,2025-10-01T14:10:08.000000
91142,SETTLED,SETTLED,2025-10-01T15:58:27.000000
29836,COLLECTIONS,TELSOLUTIONS4,2025-10-01T16:22:53.000000
13057,SETTLED,SETTLED,2025-10-01T19:04:30.000000
21399,LEGAL,LEG VERIF 1,2025-10-01T21:08:22.000000
72758,INSOLVENCY,INS4,2025-10-01T21:19:22.000000
20307,PAYING,PAY CURR,2025-10-02T07:39:20.000000
43314,COLLECTIONS,PRIME,2025-10-02T11:33:31.000000
19086,INSOLVENCY,INSP,2025-10-02T13:18:26.000000
54275,PAYING,PAY PROP,2025-10-02T15:21:01.000000
34177,INSOLVENCY,INS1,2025-10-02T15:30:35.000000
43403,LEGAL,LEG_TIT,2025-10-02T19:09:02.000000
77426,LEGAL,LEG_NOT,2025-10-03T03:13:23.000000
98909,INSOLVENCY,INS1,2025-10-03T05:21:55.000000
95157,OTHER,ARCHIVED,2025-10-03T05:26:50.000000
49999,OTHER,ARCHIVED,2025-10-03T06:09:54.000000
94956,SETTLED,SETTLED,2025-10-03T09:24:49.000000
19372,COLLECTIONS,PAY OVER,2025-10-03T09:46:32.000000
85466,SETTLED,SETTLED,2025-10-03T15:46:21.000000
83652,TRACE,GONEAWAY,2025-10-03T16:00:27.000000
63099,SETTLED,SETTLED,2025-10-03T17:55:09.000000
62345,SETTLED,SETTLED,2025-10-03T20:17:35.000000
67396,OTHER,ARCHIVED,2025-10-03T20:26:19.000000
64136,COLLECTIONS,PRIME_D,2025-10-03T20:42:15.000000
23982,OTHER,ARCHIVED,2025-10-03T22:03:38.000000
47862,PAYING,PAY CURR,2025-10-04T01:00:16.000000
11254,PAYING,PAY PROP,2025-10-04T01:05:31.000000
11916,COLLECTIONS,PAY OVER,2025-10-04T03:40:59.000000
68436,SETTLED,SETTLED,2025-10-04T04:33:48.000000
87921,LEGAL,LEG_TIT,2025-10-04T04:58:03.000000
28382,INSOLVENCY,INSP,2025-10-04T05:36:42.000000
98172,OTHER,ARCHIVED,2025-10-04T10:30:35.000000
67687,PAYING,PAY CURR,2025-10-04T11:52:49.000000
28442,PAYING,PAY CURR,2025-10-04T12:33:55.000000
45393,OTHER,ARCHIVED,2025-10-04T13:37:36.000000
46662,OTHER,ARCHIVED,2025-10-04T15:27:59.000000
40733,TRACE,GONEAWAY,2025-10-04T15:35:45.000000
26066,TRACE,GONEAWAY,2025-10-04T16:58:11.000000
95599,LEGAL,LEG VERIF 1,2025-10-04T21:05:07.000000
86556,TRACE,GONEAWAY,2025-10-04T22:03:53.000000
55047,INSOLVENCY,INS2,2025-10-05T00:11:05.000000
32252,TRACE,GONEAWAY,2025-10-05T00:30:11.000000
69313,PAYING,PAY CURR,2025-10-05T04:27:28.000000
62595,INSOLVENCY,INS4,2025-10-05T05:31:05.000000
63099,SETTLED,SETTLED,2025-10-05T05:57:31.000000
55044,LEGAL,HOLD FO,2025-10-05T07:57:50.000000
36810,TRACE,GONEAWAY,2025-10-05T08:03:07.000000
52017,PAYING,PAY CURR,2025-10-05T08:33:43.000000
58434,TRACE,GONEAWAY,2025-10-05T11:26:01.000000
77513,TRACE,GONEAWAY,2025-10-05T15:49:55.000000
26096,OTHER,ARCHIVED,2025-10-05T15:51:51.000000
58064,TRACE,GONEAWAY,2025-10-05T17:37:55.000000
39629,INSOLVENCY,INS4,2025-10-05T18:03:42.000000
73556,SETTLED,SETTLED,2025-10-05T19:35:39.000000
37781,TRACE,GONEAWAY,2025-10-05T21:08:30.000000
62836,OTHER,ARCHIVED,2025-10-05T21:58:39.000000
82789,OTHER,ARCHIVED,2025-10-06T00:02:39.000000
26232,COLLECTIONS,PRIME_D,2025-10-06T01:40:15.000000
42247,TRACE,GONEAWAY,2025-10-06T02:13:26.000000
40540,TRACE,GONEAWAY,2025-10-06T03:37:40.000000
64713,COLLECTIONS,CANCEL4,2025-10-06T04:11:37.000000
59791,INSOLVENCY,INS4,2025-10-06T04:33:53.000000
93496,OTHER,ARCHIVED,2025-10-06T05:49:25.000000
91537,SETTLED,SETTLED,2025-10-06T05:57:53.000000
37988,COLLECTIONS,TELSOLUTIONS4,2025-10-06T06:44:39.000000
77917,PAYING,PAY PROP,2025-10-06T07:12:50.000000
14567,OTHER,ARCHIVED,2025-10-06T08:39:56.000000
11356,COLLECTIONS,TELSOLUTIONS4,2025-10-06T09:30:33.000000
26742,COLLECTIONS,PRIME_D,2025-10-06T09:31:55.000000
47862,LEGAL,LEG_NOT,2025-10-06T11:16:02.000000
35504,OTHER,ARCHIVED,2025-10-06T11:37:18.000000
10869,COLLECTIONS,TELSOLUTIONS4,2025-10-06T12:55:45.000000
52137,INSOLVENCY,INS2,2025-10-06T15:10:00.000000
97661,LEGAL,LEG VERIF 1,2025-10-06T16:53:21.000000
76500,PAYING,PAY CURR,2025-10-06T17:28:21.000000
44286,INSOLVENCY,INS1,2025-10-06T23:51:37.000000
16402,TRACE,GONEAWAY,2025-10-07T00:22:43.000000
82526,SETTLED,SETTLED,2025-10-07T07:11:32.000000
54549,TRACE,GONEAWAY,2025-10-07T10:17:40.000000
95324,PAYING,PAY PROP,2025-10-07T13:54:47.000000
28504,COLLECTIONS,PAY OVER,2025-10-07T16:11:11.000000
34083,INSOLVENCY,INS2,2025-10-07T20:12:22.000000
21415,SETTLED,SETTLED,2025-10-07T21:14:42.000000
14184,SETTLED,SETTLED,2025-10-07T23:11:09.000000
31233,COLLECTIONS,PAY OVER,2025-10-08T01:28:19.000000
60048,PAYING,PAY CURR,2025-10-08T04:49:24.000000
81469,LEGAL,LEG_NOT,2025-10-08T05:36:13.000000
27223,COLLECTIONS,TELSOLUTIONS1,2025-10-08T07:58:10.000000
48354,OTHER,ARCHIVED,2025-10-08T12:11:59.000000
66755,OTHER,ARCHIVED,2025-10-08T15:41:38.000000
44060,LEGAL,LEG_NOT,2025-10-08T16:10:53.000000
87432,OTHER,ARCHIVED,2025-10-08T19:35:14.000000
42252,COLLECTIONS,TELSOLUTIONS4,2025-10-08T19:42:49.000000
17993,COLLECTIONS,TELSOLUTIONS1,2025-10-08T19:53:23.000000
91710,LEGAL,HOLD FO,2025-10-08T21:20:09.000000
27800,LEGAL,LEG_NOT,2025-10-08T23:58:04.000000
91537,INSOLVENCY,INS3,2025-10-10T06:38:09.000000
13124,SETTLED,SETTLED,2025-10-10T13:01:58.000000
86015,LEGAL,LEG_TIT,2025-10-10T19:40:45.000000
63223,TRACE,GONEAWAY,2025-10-10T20:56:07.000000
40856,TRACE,GONEAWAY,2025-10-12T07:26:07.000000
78078,COLLECTIONS,CANCEL2,2025-10-12T11:06:11.000000
43108,TRACE,GONEAWAY,2025-10-12T15:33:06.000000
54885,SETTLED,SETTLED,2025-10-12T19:49:58.000000
89946,INSOLVENCY,INSP,2025-10-13T03:35:03.000000
28382,TRACE,GONEAWAY,2025-10-13T08:38:08.000000
19675,SETTLED,SETTLED,2025-10-13T08:52:12.000000
33783,PAYING,PAY PROP,2025-10-13T10:33:49.000000
17413,SETTLED,SETTLED,2025-10-13T10:44:33.000000
99694,TRACE,GONEAWAY,2025-10-13T15:03:01.000000
96772,TRACE,GONEAWAY,2025-10-13T15:06:52.000000
97989,LEGAL,HOLD FO,2025-10-13T15:51:39.000000
49823,OTHER,ARCHIVED,2025-10-14T01:00:49.000000
10388,PAYING,PAY CURR,2025-10-14T01:27:00.000000
39629,TRACE,GONEAWAY,2025-10-14T01:50:10.000000
26066,PAYING,PAY PROP,2025-10-14T03:31:31.000000
36810,PAYING,PAY PROP,2025-10-14T06:05:49.000000
95230,INSOLVENCY,INSP,2025-10-14T06:31:53.000000
98794,PAYING,PAY CURR,2025-10-14T07:25:29.000000
82526,PAYING,PAY CURR,2025-10-14T10:28:01.000000
31658,PAYING,PAY PROP,2025-10-14T15:19:04.000000
42247,PAYING,PAY PROP,2025-10-14T17:01:55.000000
42371,PAYING,PAY CURR,2025-10-14T21:24:15.000000
91710,LEGAL,LEG_TIT,2025-10-14T22:04:04.000000
47532,COLLECTIONS,CASSIST2,2025-10-14T22:32:07.000000
25000,OTHER,ARCHIVED,2025-10-14T23:48:24.000000
20507,PAYING,PAY PROP,2025-10-15T00:23:22.000000
46986,SETTLED,SETTLED,2025-10-15T01:14:13.000000
97132,PAYING,PAY PROP,2025-10-15T04:04:54.000000
86347,COLLECTIONS,PRIME_D,2025-10-15T04:05:03.000000
64246,COLLECTIONS,CANCEL4,2025-10-15T04:14:52.000000
89637,TRACE,GONEAWAY,2025-10-15T04:51:12.000000
33347,TRACE,GONEAWAY,2025-10-15T05:06:16.000000
44476,INSOLVENCY,INS1,2025-10-15T06:04:17.000000
92889,TRACE,GONEAWAY,2025-10-15T09:52:10.000000
47808,INSOLVENCY,INSP,2025-10-15T16:04:05.000000
40856,PAYING,PAY CURR,2025-10-15T19:42:46.000000
52609,TRACE,GONEAWAY,2025-10-16T00:13:25.000000
42371,INSOLVENCY,INS2,2025-10-16T01:54:34.000000
37988,SETTLED,SETTLED,2025-10-16T05:02:58.000000
68861,INSOLVENCY,INS1,2025-10-16T11:18:41.000000
77535,TRACE,GONEAWAY,2025-10-16T12:41:52.000000
90213,COLLECTIONS,PRIME_D,2025-10-16T14:23:16.000000
91678,SETTLED,SETTLED,2025-10-16T14:48:42.000000
21453,TRACE,GONEAWAY,2025-10-16T15:43:13.000000
40733,INSOLVENCY,INS4,2025-10-16T15:53:47.000000
47808,SETTLED,SETTLED,2025-10-16T18:05:07.000000
19986,LEGAL,LEG VERIF 2,2025-10-16T20:07:21.000000
46986,INSOLVENCY,INSP,2025-10-16T22:24:32.000000
85173,LEGAL,LEG_TIT,2025-10-17T05:29:11.000000
78416,PAYING,PAY PROP,2025-10-17T05:36:59.000000
11352,SETTLED,SETTLED,2025-10-17T10:00:33.000000
38621,SETTLED,SETTLED,2025-10-17T15:27:23.000000
67396,SETTLED,SETTLED,2025-10-17T16:46:25.000000
16077,TRACE,GONEAWAY,2025-10-17T16:47:58.000000
31658,OTHER,ARCHIVED,2025-10-17T17:15:32.000000
34223,LEGAL,LEG VERIF 2,2025-10-18T00:12:49.000000
70437,SETTLED,SETTLED,2025-10-18T00:38:16.000000
20507,LEGAL,HOLD FO,2025-10-18T02:33:31.000000
67687,TRACE,GONEAWAY,2025-10-18T02:42:45.000000
72278,COLLECTIONS,CASSIST2,2025-10-18T03:08:56.000000
38899,SETTLED,SETTLED,2025-10-18T04:47:26.000000
39175,COLLECTIONS,CASSIST2,2025-10-18T15:26:00.000000
82526,SETTLED,SETTLED,2025-10-18T18:03:56.000000
72340,TRACE,GONEAWAY,2025-10-18T19:57:19.000000
85869,SETTLED,SETTLED,2025-10-18T23:20:29.000000
30943,LEGAL,LEG_TIT,2025-10-19T01:35:52.000000
34083,INSOLVENCY,INS2,2025-10-19T02:12:11.000000
57819,SETTLED,SETTLED,2025-10-19T05:36:47.000000
98172,SETTLED,SETTLED,2025-10-19T06:41:27.000000
62495,COLLECTIONS,CANCEL4,2025-10-19T10:31:47.000000
14671,LEGAL,LEG VERIF 2,2025-10-19T12:00:29.000000
33687,INSOLVENCY,INS4,2025-10-19T13:14:21.000000
82735,INSOLVENCY,INS1,2025-10-19T14:49:11.000000
46155,INSOLVENCY,INS2,2025-10-19T16:51:40.000000
44289,LEGAL,LEG VERIF 2,2025-10-19T17:41:37.000000
20307,COLLECTIONS,CASSIST2,2025-10-19T19:38:50.000000
94400,LEGAL,LEG VERIF 1,2025-10-20T00:01:10.000000
15757,COLLECTIONS,TELSOLUTIONS1,2025-10-20T00:56:36.000000
72838,OTHER,ARCHIVED,2025-10-20T01:43:23.000000
67701,COLLECTIONS,TELSOLUTIONS4,2025-10-20T02:23:33.000000
50515,LEGAL,LEG VERIF 1,2025-10-20T02:39:49.000000
86543,LEGAL,LEG VERIF 2,2025-10-20T04:21:21.000000
33347,OTHER,ARCHIVED,2025-10-20T06:15:21.000000
90725,OTHER,ARCHIVED,2025-10-20T07:46:47.000000
88060,LEGAL,LEG_TIT,2025-10-20T08:16:25.000000
31527,TRACE,GONEAWAY,2025-10-20T12:24:26.000000
33347,OTHER,ARCHIVED,2025-10-20T13:51:42.000000
85869,SETTLED,SETTLED,2025-10-20T19:20:01.000000
54296,INSOLVENCY,INS1,2025-10-20T19:24:21.000000
61550,TRACE,GONEAWAY,2025-10-20T22:22:59.000000
47103,INSOLVENCY,INS3,2025-10-20T23:31:53.000000
66755,SETTLED,SETTLED,2025-10-21T00:13:56.000000
84455,OTHER,ARCHIVED,2025-10-21T01:30:39.000000
77395,TRACE,GONEAWAY,2025-10-21T05:08:26.000000
42747,TRACE,GONEAWAY,2025-10-21T06:20:15.000000
26686,LEGAL,LEG_TIT,2025-10-21T06:44:06.000000
29593,TRACE,GONEAWAY,2025-10-21T07:43:54.000000
82324,LEGAL,LEG VERIF 2,2025-10-21T09:33:01.000000
13861,SETTLED,SETTLED,2025-10-21T10:00:09.000000
41979,COLLECTIONS,CASSIST2,2025-10-21T10:11:50.000000
16198,INSOLVENCY,INSP,2025-10-21T12:09:28.000000
99694,OTHER,ARCHIVED,2025-10-21T12:44:28.000000
86086,TRACE,GONEAWAY,2025-10-21T13:31:15.000000
32832,INSOLVENCY,INSP,2025-10-21T16:25:58.000000
89178,COLLECTIONS,PAY OVER,2025-10-21T18:47:19.000000
71048,TRACE,GONEAWAY,2025-10-21T19:04:33.000000
59639,PAYING,PAY PROP,2025-10-21T19:24:44.000000
23982,PAYING,PAY CURR,2025-10-21T20:34:30.000000
42747,TRACE,GONEAWAY,2025-10-21T21:17:50.000000
23780,PAYING,PAY CURR,2025-10-21T23:29:16.000000
19099,COLLECTIONS,PRIME,2025-10-21T23:55:01.000000
47103,COLLECTIONS,PAY OVER,2025-10-22T05:45:19.000000
43882,OTHER,ARCHIVED,2025-10-22T07:33:10.000000
43108,INSOLVENCY,INSP,2025-10-23T00:17:13.000000
97132,COLLECTIONS,PAY OVER,2025-10-23T02:13:24.000000
54765,SETTLED,SETTLED,2025-10-23T02:50:57.000000
75723,SETTLED,SETTLED,2025-10-23T03:25:35.000000
14671,INSOLVENCY,INS4,2025-10-23T05:17:07.000000
30817,SETTLED,SETTLED,2025-10-23T06:32:58.000000
27497,TRACE,GONEAWAY,2025-10-23T07:25:38.000000
59505,PAYING,PAY PROP,2025-10-23T07:27:04.000000
32687,PAYING,PAY CURR,2025-10-23T12:02:28.000000
95291,INSOLVENCY,INS4,2025-10-23T14:48:53.000000
12247,PAYING,PAY PROP,2025-10-23T15:04:39.000000
71242,PAYING,PAY PROP,2025-10-23T16:23:24.000000
37781,TRACE,GONEAWAY,2025-10-23T16:56:52.000000
63368,TRACE,GONEAWAY,2025-10-23T22:13:33.000000
47543,PAYING,PAY CURR,2025-10-23T22:33:24.000000
19986,TRACE,GONEAWAY,2025-10-23T23:21:14.000000
82095,OTHER,ARCHIVED,2025-10-25T00:31:48.000000
58892,LEGAL,LEG VERIF 2,2025-10-25T03:07:26.000000
97132,LEGAL,LEG_TIT,2025-10-25T04:36:09.000000
13883,PAYING,PAY PROP,2025-10-25T05:12:20.000000
27482,LEGAL,LEG_NOT,2025-10-25T07:57:38.000000
17880,COLLECTIONS,CANCEL2,2025-10-25T15:59:56.000000
15248,LEGAL,LEG VERIF 2,2025-10-25T18:55:58.000000
52697,SETTLED,SETTLED,2025-10-26T03:00:51.000000
52219,OTHER,ARCHIVED,2025-10-26T04:27:56.000000
37781,INSOLVENCY,INSP,2025-10-26T13:32:26.000000
16913,TRACE,GONEAWAY,2025-10-27T00:31:25.000000
10388,OTHER,ARCHIVED,2025-10-27T00:50:04.000000
84211,PAYING,PAY CURR,2025-10-27T03:25:13.000000
78078,TRACE,GONEAWAY,2025-10-27T03:58:44.000000
34083,SETTLED,SETTLED,2025-10-27T05:00:10.000000
44289,LEGAL,LEG VERIF 1,2025-10-27T06:29:00.000000
61279,OTHER,ARCHIVED,2025-10-27T06:35:55.000000
56961,COLLECTIONS,TELSOLUTIONS1,2025-10-27T07:50:05.000000
84211,INSOLVENCY,INS3,2025-10-27T08:32:12.000000
89176,SETTLED,SETTLED,2025-10-27T08:37:57.000000
17346,COLLECTIONS,PRIME_D,2025-10-27T09:04:13.000000
52137,COLLECTIONS,CANCEL2,2025-10-27T10:15:50.000000
77262,INSOLVENCY,INS3,2025-10-27T10:28:37.000000
63368,SETTLED,SETTLED,2025-10-27T11:34:33.000000
54341,OTHER,ARCHIVED,2025-10-27T13:27:48.000000
98254,OTHER,ARCHIVED,2025-10-27T14:16:17.000000
35919,TRACE,GONEAWAY,2025-10-27T14:56:00.000000
53017,PAYING,PAY PROP,2025-10-27T15:50:10.000000
48606,TRACE,GONEAWAY,2025-10-27T21:04:33.000000
45495,TRACE,GONEAWAY,2025-10-27T22:02:44.000000
30817,LEGAL,LEG_TIT,2025-10-28T20:26:40.000000
45393,INSOLVENCY,INS3,2025-10-28T23:22:53.000000
61582,INSOLVENCY,INSP,2025-10-29T00:41:54.000000
26686,TRACE,GONEAWAY,2025-10-29T03:03:46.000000
77262,PAYING,PAY PROP,2025-10-29T03:22:46.000000
14006,INSOLVENCY,INS3,2025-10-29T04:41:16.000000
82735,OTHER,ARCHIVED,2025-10-29T05:58:44.000000
59399,COLLECTIONS,PRIME,2025-10-29T07:39:56.000000
21399,TRACE,GONEAWAY,2025-10-29T10:15:45.000000
30496,INSOLVENCY,INS1,2025-10-29T13:10:44.000000
37781,INSOLVENCY,INS1,2025-10-29T14:53:48.000000
99755,INSOLVENCY,INS3,2025-10-29T17:32:14.000000
79521,INSOLVENCY,INS4,2025-10-29T17:48:02.000000
83652,SETTLED,SETTLED,2025-10-29T21:40:31.000000
34083,PAYING,PAY CURR,2025-10-29T23:21:21.000000
14567,OTHER,ARCHIVED,2025-10-29T23:35:36.000000
35401,OTHER,ARCHIVED,2025-10-30T02:34:53.000000
97730,OTHER,ARCHIVED,2025-10-30T06:16:21.000000
65156,INSOLVENCY,INS3,2025-10-30T10:35:42.000000
47532,PAYING,PAY PROP,2025-10-30T11:04:12.000000
55992,INSOLVENCY,INSP,2025-10-30T17:45:15.000000
55558,TRACE,GONEAWAY,2025-10-30T18:27:08.000000
70219,LEGAL,LEG_NOT,2025-10-30T20:16:06.000000
66158,OTHER,ARCHIVED,2025-10-30T23:17:59.000000
91658,COLLECTIONS,TELSOLUTIONS1,2025-10-31T00:47:39.000000
77356,INSOLVENCY,INS2,2025-10-31T01:03:05.000000
40987,INSOLVENCY,INS3,2025-10-31T05:38:02.000000
13206,TRACE,GONEAWAY,2025-10-31T07:37:54.000000
10585,PAYING,PAY PROP,2025-10-31T11:40:01.000000
85557,LEGAL,LEG_TIT,2025-10-31T11:58:57.000000
76500,LEGAL,HOLD FO,2025-10-31T12:11:54.000000
15757,SETTLED,SETTLED,2025-10-31T13:28:31.000000
72758,COLLECTIONS,PRIME,2025-10-31T15:43:42.000000
31933,SETTLED,SETTLED,2025-10-31T15:58:20.000000
60663,INSOLVENCY,INS2,2025-10-31T16:33:08.000000
93890,COLLECTIONS,PRIME,2025-10-31T17:56:56.000000
28504,OTHER,ARCHIVED,2025-10-31T18:22:38.000000
92889,SETTLED,SETTLED,2025-10-31T19:56:30.000000
46662,LEGAL,HOLD FO,2025-10-31T19:59:08.000000
73634,INSOLVENCY,INS2,2025-10-31T21:13:40.000000
52017,SETTLED,SETTLED,2025-10-31T23:04:35.000000
35227,COLLECTIONS,CANCEL4,2025-11-01T03:33:35.000000
90869,TRACE,GONEAWAY,2025-11-01T03:49:04.000000
44060,OTHER,ARCHIVED,2025-11-01T06:19:39.000000
43882,COLLECTIONS,CASSIST2,2025-11-01T07:56:52.000000
86646,SETTLED,SETTLED,2025-11-01T08:20:39.000000
92829,OTHER,ARCHIVED,2025-11-01T10:32:23.000000
15248,PAYING,PAY PROP,2025-11-01T11:43:56.000000
52219,SETTLED,SETTLED,2025-11-01T13:34:30.000000
45539,LEGAL,HOLD FO,2025-11-01T16:04:29.000000
31903,OTHER,ARCHIVED,2025-11-01T16:54:56.000000
72758,PAYING,PAY CURR,2025-11-01T16:55:46.000000
74428,PAYING,PAY CURR,2025-11-01T18:37:23.000000
47933,COLLECTIONS,CANCEL4,2025-11-01T22:44:48.000000
92221,OTHER,ARCHIVED,2025-11-01T23:19:44.000000
76500,TRACE,GONEAWAY,2025-11-02T01:21:33.000000
14961,SETTLED,SETTLED,2025-11-02T20:27:07.000000
56539,SETTLED,SETTLED,2025-11-03T00:25:39.000000
65864,SETTLED,SETTLED,2025-11-03T01:01:47.000000
36459,INSOLVENCY,INS2,2025-11-03T02:10:57.000000
26168,PAYING,PAY CURR,2025-11-03T10:47:42.000000
63285,INSOLVENCY,INSP,2025-11-03T13:39:52.000000
95324,LEGAL,LEG_NOT,2025-11-03T13:50:55.000000
19099,LEGAL,LEG_TIT,2025-11-03T17:03:19.000000
71914,TRACE,GONEAWAY,2025-11-03T17:25:12.000000
50973,TRACE,GONEAWAY,2025-11-03T17:42:41.000000
97730,PAYING,PAY CURR,2025-11-04T02:22:05.000000
30943,COLLECTIONS,CANCEL2,2025-11-04T04:16:28.000000
63099,SETTLED,SETTLED,2025-11-04T09:19:59.000000
63285,LEGAL,LEG_TIT,2025-11-04T15:07:19.000000
97661,OTHER,ARCHIVED,2025-11-04T19:30:37.000000
53131,SETTLED,SETTLED,2025-11-04T21:17:43.000000
15004,SETTLED,SETTLED,2025-11-04T23:04:02.000000
55886,SETTLED,SETTLED,2025-11-05T02:12:53.000000
20233,PAYING,PAY CURR,2025-11-05T03:17:18.000000
36810,SETTLED,SETTLED,2025-11-05T04:05:12.000000
31233,LEGAL,LEG_TIT,2025-11-05T05:18:21.000000
55047,LEGAL,LEG VERIF 1,2025-11-05T06:30:46.000000
11352,OTHER,ARCHIVED,2025-11-05T08:51:21.000000
61279,LEGAL,LEG VERIF 1,2025-11-05T10:25:53.000000
62836,INSOLVENCY,INS1,2025-11-05T11:52:43.000000
48880,PAYING,PAY PROP,2025-11-05T13:45:55.000000
84640,PAYING,PAY PROP,2025-11-05T14:03:13.000000
63538,OTHER,ARCHIVED,2025-11-05T14:16:37.000000
31233,COLLECTIONS,CASSIST2,2025-11-05T16:00:36.000000
94714,PAYING,PAY PROP,2025-11-05T18:24:47.000000
58473,TRACE,GONEAWAY,2025-11-05T18:38:32.000000
45393,INSOLVENCY,INS2,2025-11-05T21:00:52.000000
84211,TRACE,GONEAWAY,2025-11-05T22:10:03.000000
76500,TRACE,GONEAWAY,2025-11-05T23:18:00.000000
42494,SETTLED,SETTLED,2025-11-05T23:26:20.000000
33376,SETTLED,SETTLED,2025-11-05T23:40:05.000000
63285,OTHER,ARCHIVED,2025-11-06T00:13:30.000000
19986,SETTLED,SETTLED,2025-11-06T00:34:36.000000
77513,COLLECTIONS,CANCEL4,2025-11-06T01:02:07.000000
84455,TRACE,GONEAWAY,2025-11-06T03:54:23.000000
80893,INSOLVENCY,INS2,2025-11-06T06:21:56.000000
27620,COLLECTIONS,TELSOLUTIONS4,2025-11-06T08:38:52.000000
20457,PAYING,PAY PROP,2025-11-06T08:58:45.000000
41979,COLLECTIONS,CASSIST2,2025-11-06T10:01:46.000000
13057,TRACE,GONEAWAY,2025-11-06T12:44:57.000000
84211,PAYING,PAY CURR,2025-11-06T13:09:37.000000
30746,SETTLED,SETTLED,2025-11-06T14:53:09.000000
61708,SETTLED,SETTLED,2025-11-06T15:22:24.000000
48786,PAYING,PAY CURR,2025-11-06T17:19:45.000000
94714,COLLECTIONS,PRIME_D,2025-11-06T18:22:55.000000
73732,LEGAL,LEG VERIF 1,2025-11-06T19:11:30.000000
55886,PAYING,PAY CURR,2025-11-06T20:00:06.000000
47801,INSOLVENCY,INSP,2025-11-06T23:38:18.000000
47857,PAYING,PAY PROP,2025-11-07T03:17:00.000000
94928,PAYING,PAY CURR,2025-11-07T04:11:28.000000
34002,PAYING,PAY PROP,2025-11-07T06:21:59.000000
30943,INSOLVENCY,INS3,2025-11-07T07:13:04.000000
66216,PAYING,PAY CURR,2025-11-07T09:01:58.000000
98794,TRACE,GONEAWAY,2025-11-07T09:22:14.000000
78633,INSOLVENCY,INS3,2025-11-07T13:38:43.000000
27223,TRACE,GONEAWAY,2025-11-07T14:27:06.000000
91402,OTHER,ARCHIVED,2025-11-07T14:30:16.000000
13664,LEGAL,LEG VERIF 1,2025-11-07T15:43:36.000000
60048,TRACE,GONEAWAY,2025-11-07T16:02:05.000000
80451,INSOLVENCY,INS4,2025-11-07T17:03:19.000000
10388,TRACE,GONEAWAY,2025-11-07T17:53:06.000000
84118,PAYING,PAY PROP,2025-11-07T18:18:31.000000
94193,LEGAL,HOLD FO,2025-11-07T19:11:35.000000
62836,OTHER,ARCHIVED,2025-11-07T20:38:49.000000
91001,INSOLVENCY,INS1,2025-11-07T21:21:52.000000
23982,SETTLED,SETTLED,2025-11-08T00:09:21.000000
62377,PAYING,PAY CURR,2025-11-08T00:55:33.000000
13356,TRACE,GONEAWAY,2025-11-08T01:06:23.000000
49171,TRACE,GONEAWAY,2025-11-08T02:48:15.000000
82487,LEGAL,LEG VERIF 2,2025-11-08T04:49:58.000000
21453,OTHER,ARCHIVED,2025-11-08T06:30:56.000000
92829,TRACE,GONEAWAY,2025-11-08T06:34:09.000000
70219,COLLECTIONS,PRIME,2025-11-08T09:06:00.000000
40659,OTHER,ARCHIVED,2025-11-08T10:51:04.000000
91402,SETTLED,SETTLED,2025-11-08T14:04:32.000000
36291,INSOLVENCY,INS3,2025-11-08T16:53:22.000000
66106,PAYING,PAY CURR,2025-11-08T17:35:42.000000
13416,PAYING,PAY CURR,2025-11-08T19:12:59.000000
71048,PAYING,PAY CURR,2025-11-08T19:31:52.000000
58434,COLLECTIONS,PAY OVER,2025-11-08T23:22:00.000000
19413,INSOLVENCY,INS4,2025-11-09T00:51:26.000000
11352,LEGAL,LEG_TIT,2025-11-09T01:06:17.000000
19949,PAYING,PAY CURR,2025-11-09T01:08:34.000000
91712,OTHER,ARCHIVED,2025-11-09T02:26:23.000000
54341,SETTLED,SETTLED,2025-11-09T03:24:15.000000
26918,SETTLED,SETTLED,2025-11-09T05:31:29.000000
82269,TRACE,GONEAWAY,2025-11-09T06:07:20.000000
57791,PAYING,PAY PROP,2025-11-09T06:17:02.000000
54549,INSOLVENCY,INSP,2025-11-09T07:13:21.000000
57819,INSOLVENCY,INS1,2025-11-09T07:29:38.000000
10869,COLLECTIONS,CANCEL4,2025-11-09T13:39:45.000000
96772,OTHER,ARCHIVED,2025-11-09T17:39:46.000000
89176,COLLECTIONS,CANCEL4,2025-11-09T18:07:38.000000
85466,LEGAL,HOLD FO,2025-11-09T18:50:37.000000
57663,LEGAL,LEG_TIT,2025-11-09T19:41:46.000000
69313,INSOLVENCY,INS4,2025-11-09T19:53:58.000000
33376,COLLECTIONS,PAY OVER,2025-11-09T21:49:27.000000
93890,COLLECTIONS,PAY OVER,2025-11-09T22:15:38.000000
86693,OTHER,ARCHIVED,2025-11-09T22:42:59.000000
77513,COLLECTIONS,CASSIST2,2025-11-09T23:48:53.000000
97730,LEGAL,HOLD FO,2025-11-10T01:04:33.000000
91558,INSOLVENCY,INS4,2025-11-10T04:03:41.000000
19986,LEGAL,LEG_NOT,2025-11-10T05:18:49.000000
95232,PAYING,PAY CURR,2025-11-10T05:27:42.000000
30531,TRACE,GONEAWAY,2025-11-10T05:45:16.000000
14961,SETTLED,SETTLED,2025-11-10T06:47:43.000000
22385,INSOLVENCY,INS1,2025-11-10T11:04:26.000000
52219,OTHER,ARCHIVED,2025-11-10T13:26:30.000000
94193,OTHER,ARCHIVED,2025-11-10T17:15:30.000000
31527,SETTLED,SETTLED,2025-11-10T19:09:22.000000
54296,TRACE,GONEAWAY,2025-11-10T19:38:09.000000
42494,COLLECTIONS,PRIME,2025-11-10T23:49:33.000000
40198,PAYING,PAY PROP,2025-11-10T23:59:44.000000
90540,LEGAL,LEG_TIT,2025-11-11T02:11:12.000000
11356,LEGAL,LEG VERIF 2,2025-11-11T05:34:49.000000
44502,COLLECTIONS,CANCEL4,2025-11-11T07:34:16.000000
68126,INSOLVENCY,INS1,2025-11-11T11:46:08.000000
13057,SETTLED,SETTLED,2025-11-11T14:31:36.000000
69833,COLLECTIONS,CANCEL2,2025-11-11T16:04:49.000000
95291,LEGAL,LEG VERIF 1,2025-11-11T16:46:05.000000
32998,TRACE,GONEAWAY,2025-11-11T19:37:34.000000
73980,COLLECTIONS,CANCEL4,2025-11-11T20:30:43.000000
11916,SETTLED,SETTLED,2025-11-12T01:02:55.000000
32832,PAYING,PAY PROP,2025-11-12T01:09:00.000000
90467,SETTLED,SETTLED,2025-11-12T03:18:28.000000
87921,SETTLED,SETTLED,2025-11-12T03:24:10.000000
70180,OTHER,ARCHIVED,2025-11-12T04:29:55.000000
59399,TRACE,GONEAWAY,2025-11-12T05:34:44.000000
77145,OTHER,ARCHIVED,2025-11-12T05:50:05.000000
34177,INSOLVENCY,INS4,2025-11-12T06:22:53.000000
70629,INSOLVENCY,INS3,2025-11-12T06:47:41.000000
11336,LEGAL,LEG_TIT,2025-11-12T10:36:16.000000
31233,PAYING,PAY CURR,2025-11-12T11:32:37.000000
25073,LEGAL,LEG VERIF 2,2025-11-12T13:16:57.000000
26066,PAYING,PAY PROP,2025-11-12T15:30:27.000000
76500,PAYING,PAY CURR,2025-11-12T16:28:23.000000
26686,TRACE,GONEAWAY,2025-11-12T17:58:03.000000
61550,INSOLVENCY,INS3,2025-11-12T19:48:26.000000
90467,COLLECTIONS,TELSOLUTIONS1,2025-11-12T22:00:35.000000
97280,INSOLVENCY,INS4,2025-11-12T22:39:15.000000
62106,PAYING,PAY PROP,2025-11-13T00:20:53.000000
11356,TRACE,GONEAWAY,2025-11-13T01:52:38.000000
40659,INSOLVENCY,INS4,2025-11-13T04:34:09.000000
58434,TRACE,GONEAWAY,2025-11-13T06:38:24.000000
36313,PAYING,PAY CURR,2025-11-13T07:00:45.000000
11916,SETTLED,SETTLED,2025-11-13T07:47:52.000000
52609,PAYING,PAY PROP,2025-11-13T09:47:22.000000
73332,TRACE,GONEAWAY,2025-11-13T11:53:49.000000
91678,OTHER,ARCHIVED,2025-11-13T14:23:33.000000
14006,TRACE,GONEAWAY,2025-11-13T20:03:09.000000
86556,SETTLED,SETTLED,2025-11-13T23:29:58.000000
88060,COLLECTIONS,PAY OVER,2025-11-14T05:20:21.000000
67504,PAYING,PAY PROP,2025-11-14T08:38:02.000000
24213,OTHER,ARCHIVED,2025-11-14T09:17:21.000000
93496,INSOLVENCY,INS2,2025-11-14T12:06:26.000000
10506,TRACE,GONEAWAY,2025-11-14T12:41:20.000000
66463,LEGAL,HOLD FO,2025-11-14T14:45:49.000000
43314,COLLECTIONS,PRIME,2025-11-14T15:41:23.000000
51089,COLLECTIONS,CANCEL4,2025-11-14T16:15:03.000000
35919,COLLECTIONS,PRIME,2025-11-14T18:16:44.000000
35861,SETTLED,SETTLED,2025-11-15T03:14:46.000000
26066,INSOLVENCY,INSP,2025-11-15T04:49:30.000000
55992,INSOLVENCY,INSP,2025-11-15T05:10:15.000000
70219,PAYING,PAY PROP,2025-11-15T05:47:40.000000
52087,PAYING,PAY PROP,2025-11-15T06:34:47.000000
70219,INSOLVENCY,INS3,2025-11-15T15:01:28.000000
98172,PAYING,PAY PROP,2025-11-15T15:38:23.000000
86347,LEGAL,HOLD FO,2025-11-15T23:06:15.000000
74894,LEGAL,LEG VERIF 1,2025-11-16T00:15:49.000000
72278,COLLECTIONS,PAY OVER,2025-11-16T01:55:19.000000
67396,COLLECTIONS,CASSIST2,2025-11-16T02:19:57.000000
85466,OTHER,ARCHIVED,2025-11-16T04:18:43.000000
93496,COLLECTIONS,CASSIST2,2025-11-16T07:45:22.000000
97918,OTHER,ARCHIVED,2025-11-16T09:07:10.000000
33057,TRACE,GONEAWAY,2025-11-16T09:59:08.000000
59505,OTHER,ARCHIVED,2025-11-16T20:26:49.000000
67701,OTHER,ARCHIVED,2025-11-16T23:35:44.000000
34002,TRACE,GONEAWAY,2025-11-18T07:05:34.000000
78987,TRACE,GONEAWAY,2025-11-18T08:17:35.000000
27800,PAYING,PAY CURR,2025-11-18T10:54:07.000000
71048,TRACE,GONEAWAY,2025-11-18T10:58:52.000000
67443,LEGAL,LEG_TIT,2025-11-18T13:43:23.000000
70180,PAYING,PAY CURR,2025-11-18T19:42:28.000000
81634,PAYING,PAY PROP,2025-11-18T23:02:31.000000
27620,PAYING,PAY CURR,2025-11-18T23:27:55.000000
91435,LEGAL,HOLD FO,2025-11-19T00:32:51.000000
85173,SETTLED,SETTLED,2025-11-19T00:50:19.000000
51596,LEGAL,LEG_NOT,2025-11-19T01:50:55.000000
61279,SETTLED,SETTLED,2025-11-19T06:00:53.000000
59505,PAYING,PAY PROP,2025-11-19T06:18:55.000000
55992,PAYING,PAY PROP,2025-11-19T07:38:27.000000
83620,COLLECTIONS,PRIME,2025-11-19T08:01:28.000000
97661,LEGAL,LEG_TIT,2025-11-19T11:44:12.000000
52697,OTHER,ARCHIVED,2025-11-19T13:57:16.000000
58244,COLLECTIONS,PRIME_D,2025-11-19T16:09:34.000000
10180,PAYING,PAY CURR,2025-11-19T17:36:45.000000
63538,OTHER,ARCHIVED,2025-11-19T18:23:01.000000
11336,LEGAL,HOLD FO,2025-11-19T18:37:00.000000
58244,INSOLVENCY,INS3,2025-11-19T19:30:59.000000
89637,TRACE,GONEAWAY,2025-11-19T21:14:24.000000
36313,OTHER,ARCHIVED,2025-11-19T21:45:44.000000
21453,PAYING,PAY PROP,2025-11-19T23:54:43.000000
83620,PAYING,PAY PROP,2025-11-20T00:49:58.000000
58892,TRACE,GONEAWAY,2025-11-20T01:00:23.000000
22047,LEGAL,HOLD FO,2025-11-20T02:24:24.000000
73332,SETTLED,SETTLED,2025-11-20T02:58:53.000000
94706,INSOLVENCY,INS2,2025-11-20T06:28:51.000000
19086,SETTLED,SETTLED,2025-11-20T09:34:46.000000
86650,COLLECTIONS,CASSIST2,2025-11-20T09:47:26.000000
64246,LEGAL,LEG_NOT,2025-11-20T10:02:19.000000
17320,COLLECTIONS,CASSIST2,2025-11-20T11:52:32.000000
17993,COLLECTIONS,CASSIST2,2025-11-20T12:01:04.000000
10869,TRACE,GONEAWAY,2025-11-20T12:20:58.000000
21418,INSOLVENCY,INS1,2025-11-20T12:36:43.000000
37781,LEGAL,LEG VERIF 1,2025-11-20T13:58:43.000000
95948,SETTLED,SETTLED,2025-11-20T17:32:28.000000
90540,LEGAL,LEG_TIT,2025-11-20T18:41:37.000000
86494,PAYING,PAY CURR,2025-11-20T22:13:23.000000
19372,OTHER,ARCHIVED,2025-11-20T23:15:53.000000
77521,SETTLED,SETTLED,2025-11-21T03:04:24.000000
56539,TRACE,GONEAWAY,2025-11-21T03:48:16.000000
83943,PAYING,PAY CURR,2025-11-21T09:53:36.000000
28504,TRACE,GONEAWAY,2025-11-21T10:53:20.000000
13057,INSOLVENCY,INS2,2025-11-21T13:00:18.000000
16077,LEGAL,LEG VERIF 2,2025-11-21T16:18:50.000000
77356,COLLECTIONS,PRIME_D,2025-11-21T17:50:38.000000
57726,OTHER,ARCHIVED,2025-11-21T22:55:04.000000
37798,PAYING,PAY PROP,2025-11-22T04:08:19.000000
32283,SETTLED,SETTLED,2025-11-22T05:37:19.000000
67504,PAYING,PAY CURR,2025-11-22T07:52:55.000000
10869,SETTLED,SETTLED,2025-11-22T14:52:16.000000
63848,PAYING,PAY CURR,2025-11-22T19:54:50.000000
65773,SETTLED,SETTLED,2025-11-22T20:06:21.000000
17346,SETTLED,SETTLED,2025-11-22T20:56:02.000000
86086,TRACE,GONEAWAY,2025-11-22T21:08:04.000000
88333,LEGAL,LEG VERIF 2,2025-11-22T21:47:44.000000
58473,TRACE,GONEAWAY,2025-11-22T22:13:50.000000
55044,OTHER,ARCHIVED,2025-11-23T00:04:43.000000
40198,COLLECTIONS,CANCEL4,2025-11-23T03:15:51.000000
19523,COLLECTIONS,CANCEL4,2025-11-23T04:13:42.000000
72278,TRACE,GONEAWAY,2025-11-23T06:56:14.000000
26742,SETTLED,SETTLED,2025-11-23T07:43:43.000000
27620,OTHER,ARCHIVED,2025-11-23T09:35:18.000000
32832,INSOLVENCY,INSP,2025-11-23T12:14:14.000000
17346,COLLECTIONS,CANCEL4,2025-11-23T12:22:31.000000
65773,OTHER,ARCHIVED,2025-11-23T14:53:44.000000
21453,LEGAL,LEG VERIF 2,2025-11-23T18:14:03.000000
63285,OTHER,ARCHIVED,2025-11-23T20:52:44.000000
27223,PAYING,PAY PROP,2025-11-23T21:54:53.000000
53016,PAYING,PAY CURR,2025-11-23T22:23:51.000000
63538,SETTLED,SETTLED,2025-11-23T22:52:01.000000
29593,INSOLVENCY,INSP,2025-11-23T23:36:45.000000
94638,COLLECTIONS,PRIME,2025-11-24T02:04:46.000000
95232,LEGAL,LEG VERIF 2,2025-11-24T10:58:36.000000
34002,COLLECTIONS,CANCEL4,2025-11-24T13:04:40.000000
53131,PAYING,PAY PROP,2025-11-24T17:07:49.000000
30746,INSOLVENCY,INS3,2025-11-24T19:38:15.000000
15004,SETTLED,SETTLED,2025-11-26T01:31:07.000000
83776,OTHER,ARCHIVED,2025-11-26T03:14:05.000000
79212,SETTLED,SETTLED,2025-11-26T04:08:31.000000
33057,PAYING,PAY PROP,2025-11-26T05:38:25.000000
85241,OTHER,ARCHIVED,2025-11-26T06:06:21.000000
53131,INSOLVENCY,INS1,2025-11-26T07:29:36.000000
29210,TRACE,GONEAWAY,2025-11-26T08:30:49.000000
82269,LEGAL,LEG VERIF 2,2025-11-26T09:31:40.000000
21415,COLLECTIONS,CASSIST2,2025-11-26T09:39:41.000000
92829,OTHER,ARCHIVED,2025-11-26T10:08:13.000000
11449,OTHER,ARCHIVED,2025-11-26T11:19:23.000000
52436,TRACE,GONEAWAY,2025-11-26T12:31:36.000000
54765,INSOLVENCY,INSP,2025-11-26T13:13:37.000000
64713,COLLECTIONS,CANCEL4,2025-11-26T13:36:37.000000
19413,PAYING,PAY CURR,2025-11-26T19:05:06.000000
30496,OTHER,ARCHIVED,2025-11-26T20:52:22.000000
86086,SETTLED,SETTLED,2025-11-26T22:53:31.000000
73332,OTHER,ARCHIVED,2025-11-26T23:42:04.000000
