account_id,queue,status,month
26686,PAYING,PAY PROP,2024-11-01
48388,OTHER,ARCHIVED,2024-11-01
81634,COLLECTIONS,CANCEL2,2024-11-01
39776,INSOLVENCY,INS4,2024-11-01
70437,LEGAL,LEG VERIF 2,2024-11-01
25635,INSOLVENCY,INSP,2024-11-01
72278,INSOLVENCY,INS1,2024-11-01
43314,INSOLVENCY,INSP,2024-11-01
77262,LEGAL,LEG VERIF 2,2024-11-01
68484,OTHER,ARCHIVED,2024-11-01
54341,LEGAL,HOLD FO,2024-11-01
25733,PAYING,PAY CURR,2024-11-01
83776,PAYING,PAY PROP,2024-11-01
10506,OTHER,ARCHIVED,2024-11-01
54275,COLLECTIONS,CANCEL4,2024-11-01
78353,OTHER,ARCHIVED,2024-11-01
91558,SETTLED,SETTLED,2024-11-01
85922,OTHER,ARCHIVED,2024-11-01
44476,TRACE,GONEAWAY,2024-11-01
15757,SETTLED,SETTLED,2024-11-01
55044,LEGAL,HOLD FO,2024-11-01
26918,INSOLVENCY,INS4,2024-11-01
11916,COLLECTIONS,TELSOLUTIONS1,2024-11-01
91710,PAYING,PAY PROP,2024-11-01
15004,INSOLVENCY,INS4,2024-11-01
40659,OTHER,ARCHIVED,2024-11-01
98254,SETTLED,SETTLED,2024-11-01
43882,INSOLVENCY,INS4,2024-11-01
54718,SETTLED,SETTLED,2024-11-01
61582,OTHER,ARCHIVED,2024-11-01
60011,COLLECTIONS,PAY OVER,2024-11-01
94400,INSOLVENCY,INS1,2024-11-01
92221,INSOLVENCY,INSP,2024-11-01
46992,SETTLED,SETTLED,2024-11-01
91142,COLLECTIONS,TELSOLUTIONS1,2024-11-01
26686,LEGAL,LEG_NOT,2024-12-01
48388,OTHER,ARCHIVED,2024-12-01
81634,OTHER,ARCHIVED,2024-12-01
39776,LEGAL,LEG VERIF 2,2024-12-01
70437,LEGAL,LEG VERIF 2,2024-12-01
25635,COLLECTIONS,TELSOLUTIONS4,2024-12-01
72278,LEGAL,HOLD FO,2024-12-01
43314,SETTLED,SETTLED,2024-12-01
77262,PAYING,PAY CURR,2024-12-01
68484,OTHER,ARCHIVED,2024-12-01
54341,LEGAL,HOLD FO,2024-12-01
25733,PAYING,PAY CURR,2024-12-01
83776,PAYING,PAY PROP,2024-12-01
10506,OTHER,ARCHIVED,2024-12-01
54275,TRACE,GONEAWAY,2024-12-01
78353,LEGAL,LEG_TIT,2024-12-01
91558,SETTLED,SETTLED,2024-12-01
85922,OTHER,ARCHIVED,2024-12-01
44476,TRACE,GONEAWAY,2024-12-01
15757,PAYING,PAY PROP,2024-12-01
55044,TRACE,GONEAWAY,2024-12-01
26918,INSOLVENCY,INS4,2024-12-01
11916,COLLECTIONS,TELSOLUTIONS1,2024-12-01
91710,PAYING,PAY PROP,2024-12-01
15004,INSOLVENCY,INS4,2024-12-01
40659,OTHER,ARCHIVED,2024-12-01
98254,PAYING,PAY PROP,2024-12-01
43882,INSOLVENCY,INS4,2024-12-01
54718,TRACE,GONEAWAY,2024-12-01
61582,OTHER,ARCHIVED,2024-12-01
60011,PAYING,PAY PROP,2024-12-01
94400,TRACE,GONEAWAY,2024-12-01
92221,INSOLVENCY,INSP,2024-12-01
46992,SETTLED,SETTLED,2024-12-01
91142,COLLECTIONS,TELSOLUTIONS1,2024-12-01
46155,PAYING,PAY PROP,2024-12-01
88654,COLLECTIONS,PRIME,2024-12-01
19372,COLLECTIONS,PAY OVER,2024-12-01
58984,COLLECTIONS,PRIME,2024-12-01
49823,INSOLVENCY,INS3,2024-12-01
54296,TRACE,GONEAWAY,2024-12-01
44286,LEGAL,LEG VERIF 2,2024-12-01
11449,LEGAL,LEG_TIT,2024-12-01
33347,TRACE,GONEAWAY,2024-12-01
19523,INSOLVENCY,INS3,2024-12-01
44502,TRACE,GONEAWAY,2024-12-01
89313,SETTLED,SETTLED,2024-12-01
19675,COLLECTIONS,TELSOLUTIONS4,2024-12-01
83943,SETTLED,SETTLED,2024-12-01
68861,COLLECTIONS,PRIME,2024-12-01
53017,OTHER,ARCHIVED,2024-12-01
55992,TRACE,GONEAWAY,2024-12-01
53016,INSOLVENCY,INS4,2024-12-01
10474,LEGAL,LEG_TIT,2024-12-01
95274,PAYING,PAY PROP,2024-12-01
47933,COLLECTIONS,CANCEL2,2024-12-01
19099,LEGAL,LEG VERIF 1,2024-12-01
39629,TRACE,GONEAWAY,2024-12-01
28442,LEGAL,LEG VERIF 2,2024-12-01
95324,OTHER,ARCHIVED,2024-12-01
98172,OTHER,ARCHIVED,2024-12-01
27789,INSOLVENCY,INS3,2024-12-01
59344,LEGAL,LEG VERIF 1,2024-12-01
31233,LEGAL,HOLD FO,2024-12-01
42494,PAYING,PAY PROP,2024-12-01
93257,LEGAL,LEG_NOT,2024-12-01
28382,LEGAL,LEG VERIF 1,2024-12-01
91658,OTHER,ARCHIVED,2024-12-01
69791,PAYING,PAY CURR,2024-12-01
41546,SETTLED,SETTLED,2024-12-01
65559,INSOLVENCY,INS4,2024-12-01
13787,LEGAL,LEG VERIF 1,2024-12-01
83652,INSOLVENCY,INS1,2024-12-01
71125,COLLECTIONS,TELSOLUTIONS4,2024-12-01
35227,OTHER,ARCHIVED,2024-12-01
17413,OTHER,ARCHIVED,2024-12-01
38921,TRACE,GONEAWAY,2024-12-01
95230,OTHER,ARCHIVED,2024-12-01
13861,LEGAL,LEG_TIT,2024-12-01
21707,PAYING,PAY PROP,2024-12-01
13206,OTHER,ARCHIVED,2024-12-01
15248,PAYING,PAY PROP,2024-12-01
95291,SETTLED,SETTLED,2024-12-01
84640,COLLECTIONS,TELSOLUTIONS1,2024-12-01
95157,LEGAL,LEG_NOT,2024-12-01
79792,PAYING,PAY CURR,2024-12-01
98794,OTHER,ARCHIVED,2024-12-01
90869,COLLECTIONS,PRIME_D,2024-12-01
39313,COLLECTIONS,CASSIST2,2024-12-01
21453,SETTLED,SETTLED,2024-12-01
60001,COLLECTIONS,PRIME_D,2024-12-01
77917,COLLECTIONS,CASSIST2,2024-12-01
63848,PAYING,PAY CURR,2024-12-01
55047,TRACE,GONEAWAY,2024-12-01
58434,LEGAL,HOLD FO,2024-12-01
99694,SETTLED,SETTLED,2024-12-01
77521,COLLECTIONS,PRIME_D,2024-12-01
42247,TRACE,GONEAWAY,2024-12-01
50973,COLLECTIONS,CANCEL2,2024-12-01
91099,OTHER,ARCHIVED,2024-12-01
61934,COLLECTIONS,CANCEL4,2024-12-01
16077,SETTLED,SETTLED,2024-12-01
46986,PAYING,PAY CURR,2024-12-01
57074,OTHER,ARCHIVED,2024-12-01
66138,INSOLVENCY,INSP,2024-12-01
13883,INSOLVENCY,INS1,2024-12-01
62345,TRACE,GONEAWAY,2024-12-01
94956,INSOLVENCY,INS2,2024-12-01
29836,OTHER,ARCHIVED,2024-12-01
13057,INSOLVENCY,INS2,2024-12-01
18486,OTHER,ARCHIVED,2024-12-01
13664,LEGAL,LEG_TIT,2024-12-01
63538,INSOLVENCY,INS4,2024-12-01
34223,TRACE,GONEAWAY,2024-12-01
39966,INSOLVENCY,INS3,2024-12-01
46662,PAYING,PAY PROP,2024-12-01
14671,SETTLED,SETTLED,2024-12-01
32998,LEGAL,LEG_TIT,2024-12-01
91678,SETTLED,SETTLED,2024-12-01
94751,OTHER,ARCHIVED,2024-12-01
39643,INSOLVENCY,INS4,2024-12-01
97918,COLLECTIONS,CANCEL2,2024-12-01
33057,PAYING,PAY PROP,2024-12-01
14567,LEGAL,LEG_NOT,2024-12-01
25726,INSOLVENCY,INS3,2024-12-01
74670,SETTLED,SETTLED,2024-12-01
11254,SETTLED,SETTLED,2024-12-01
18838,TRACE,GONEAWAY,2024-12-01
93774,INSOLVENCY,INS1,2024-12-01
64136,OTHER,ARCHIVED,2024-12-01
70219,OTHER,ARCHIVED,2024-12-01
45153,INSOLVENCY,INSP,2024-12-01
85441,TRACE,GONEAWAY,2024-12-01
21489,TRACE,GONEAWAY,2024-12-01
94714,INSOLVENCY,INS2,2024-12-01
72340,INSOLVENCY,INSP,2024-12-01
59940,OTHER,ARCHIVED,2024-12-01
66216,PAYING,PAY PROP,2024-12-01
60840,SETTLED,SETTLED,2024-12-01
75723,OTHER,ARCHIVED,2024-12-01
40540,COLLECTIONS,PRIME_D,2024-12-01
52087,INSOLVENCY,INS2,2024-12-01
73732,PAYING,PAY CURR,2024-12-01
47543,OTHER,ARCHIVED,2024-12-01
13989,SETTLED,SETTLED,2024-12-01
86013,LEGAL,LEG_TIT,2024-12-01
21698,SETTLED,SETTLED,2024-12-01
57417,PAYING,PAY CURR,2024-12-01
23382,LEGAL,HOLD FO,2024-12-01
46494,TRACE,GONEAWAY,2024-12-01
70629,OTHER,ARCHIVED,2024-12-01
93496,COLLECTIONS,CANCEL2,2024-12-01
86086,OTHER,ARCHIVED,2024-12-01
17821,OTHER,ARCHIVED,2024-12-01
27543,LEGAL,LEG_NOT,2024-12-01
89176,TRACE,GONEAWAY,2024-12-01
13124,PAYING,PAY CURR,2024-12-01
22367,PAYING,PAY CURR,2024-12-01
74428,SETTLED,SETTLED,2024-12-01
47450,SETTLED,SETTLED,2024-12-01
68126,SETTLED,SETTLED,2024-12-01
37988,SETTLED,SETTLED,2024-12-01
97661,OTHER,ARCHIVED,2024-12-01
87813,PAYING,PAY PROP,2024-12-01
78078,TRACE,GONEAWAY,2024-12-01
47103,OTHER,ARCHIVED,2024-12-01
37628,INSOLVENCY,INS1,2024-12-01
31658,TRACE,GONEAWAY,2024-12-01
88060,OTHER,ARCHIVED,2024-12-01
25000,COLLECTIONS,CANCEL2,2024-12-01
31172,PAYING,PAY CURR,2024-12-01
64246,PAYING,PAY PROP,2024-12-01
91435,TRACE,GONEAWAY,2024-12-01
21415,TRACE,GONEAWAY,2024-12-01
52697,SETTLED,SETTLED,2024-12-01
75042,OTHER,ARCHIVED,2024-12-01
84256,LEGAL,LEG_NOT,2024-12-01
20507,INSOLVENCY,INSP,2024-12-01
34108,COLLECTIONS,CANCEL2,2024-12-01
45495,INSOLVENCY,INS3,2024-12-01
22047,INSOLVENCY,INS2,2024-12-01
91712,INSOLVENCY,INS3,2024-12-01
77145,LEGAL,LEG_NOT,2024-12-01
57663,INSOLVENCY,INS1,2024-12-01
30496,LEGAL,LEG_TIT,2024-12-01
99755,PAYING,PAY PROP,2024-12-01
67443,COLLECTIONS,PAY OVER,2024-12-01
39175,COLLECTIONS,CANCEL4,2024-12-01
52219,COLLECTIONS,CANCEL4,2024-12-01
77395,INSOLVENCY,INS4,2024-12-01
91001,COLLECTIONS,CASSIST2,2024-12-01
47857,LEGAL,HOLD FO,2024-12-01
82789,PAYING,PAY CURR,2024-12-01
67303,COLLECTIONS,TELSOLUTIONS1,2024-12-01
31527,COLLECTIONS,PAY OVER,2024-12-01
67701,COLLECTIONS,TELSOLUTIONS4,2024-12-01
27800,TRACE,GONEAWAY,2024-12-01
71914,INSOLVENCY,INSP,2024-12-01
93809,PAYING,PAY PROP,2024-12-01
55200,COLLECTIONS,CASSIST2,2024-12-01
27620,LEGAL,HOLD FO,2024-12-01
43108,OTHER,ARCHIVED,2024-12-01
79521,INSOLVENCY,INS2,2024-12-01
59505,COLLECTIONS,CANCEL4,2024-12-01
32832,SETTLED,SETTLED,2024-12-01
45539,INSOLVENCY,INS3,2024-12-01
64713,COLLECTIONS,CANCEL4,2024-12-01
35504,PAYING,PAY PROP,2024-12-01
24815,INSOLVENCY,INS4,2024-12-01
19986,INSOLVENCY,INS2,2024-12-01
85173,LEGAL,HOLD FO,2024-12-01
66463,PAYING,PAY CURR,2024-12-01
92889,TRACE,GONEAWAY,2024-12-01
97280,SETTLED,SETTLED,2024-12-01
40198,LEGAL,LEG_NOT,2024-12-01
71048,SETTLED,SETTLED,2024-12-01
96772,OTHER,ARCHIVED,2024-12-01
62106,TRACE,GONEAWAY,2024-12-01
38899,SETTLED,SETTLED,2024-12-01
56961,OTHER,ARCHIVED,2024-12-01
89612,INSOLVENCY,INS1,2024-12-01
52609,COLLECTIONS,PRIME_D,2024-12-01
78528,PAYING,PAY CURR,2024-12-01
88706,SETTLED,SETTLED,2024-12-01
28504,OTHER,ARCHIVED,2024-12-01
11356,OTHER,ARCHIVED,2024-12-01
47808,TRACE,GONEAWAY,2024-12-01
14961,TRACE,GONEAWAY,2024-12-01
76500,TRACE,GONEAWAY,2024-12-01
66106,TRACE,GONEAWAY,2024-12-01
64070,COLLECTIONS,CANCEL4,2024-12-01
24213,COLLECTIONS,CANCEL4,2024-12-01
36291,TRACE,GONEAWAY,2024-12-01
34629,OTHER,ARCHIVED,2024-12-01
41740,TRACE,GONEAWAY,2024-12-01
84211,SETTLED,SETTLED,2024-12-01
61279,INSOLVENCY,INS2,2024-12-01
82526,LEGAL,LEG_TIT,2024-12-01
81029,SETTLED,SETTLED,2024-12-01
16402,PAYING,PAY PROP,2024-12-01
17880,COLLECTIONS,CASSIST2,2024-12-01
87432,COLLECTIONS,TELSOLUTIONS1,2024-12-01
55886,COLLECTIONS,CASSIST2,2024-12-01
61550,COLLECTIONS,CASSIST2,2024-12-01
62692,INSOLVENCY,INSP,2024-12-01
51596,OTHER,ARCHIVED,2024-12-01
94706,TRACE,GONEAWAY,2024-12-01
58892,LEGAL,LEG VERIF 2,2024-12-01
45393,OTHER,ARCHIVED,2024-12-01
74699,COLLECTIONS,CANCEL2,2024-12-01
65864,INSOLVENCY,INS1,2024-12-01
74894,TRACE,GONEAWAY,2024-12-01
90467,PAYING,PAY PROP,2024-12-01
86693,LEGAL,HOLD FO,2024-12-01
67504,SETTLED,SETTLED,2024-12-01
32252,OTHER,ARCHIVED,2024-12-01
16628,OTHER,ARCHIVED,2024-12-01
31903,INSOLVENCY,INSP,2024-12-01
20233,SETTLED,SETTLED,2024-12-01
27223,COLLECTIONS,PAY OVER,2024-12-01
99999,LEGAL,LEG_NOT,2024-12-01
26686,INSOLVENCY,INS3,2025-01-01
48388,OTHER,ARCHIVED,2025-01-01
81634,OTHER,ARCHIVED,2025-01-01
39776,INSOLVENCY,INS3,2025-01-01
70437,LEGAL,LEG VERIF 2,2025-01-01
25635,SETTLED,SETTLED,2025-01-01
72278,LEGAL,HOLD FO,2025-01-01
43314,LEGAL,LEG_TIT,2025-01-01
77262,PAYING,PAY CURR,2025-01-01
68484,TRACE,GONEAWAY,2025-01-01
54341,LEGAL,HOLD FO,2025-01-01
25733,COLLECTIONS,PAY OVER,2025-01-01
83776,PAYING,PAY PROP,2025-01-01
10506,OTHER,ARCHIVED,2025-01-01
54275,SETTLED,SETTLED,2025-01-01
78353,LEGAL,LEG VERIF 1,2025-01-01
91558,SETTLED,SETTLED,2025-01-01
85922,OTHER,ARCHIVED,2025-01-01
44476,TRACE,GONEAWAY,2025-01-01
15757,COLLECTIONS,PRIME_D,2025-01-01
55044,TRACE,GONEAWAY,2025-01-01
26918,INSOLVENCY,INS4,2025-01-01
11916,PAYING,PAY CURR,2025-01-01
91710,PAYING,PAY PROP,2025-01-01
15004,INSOLVENCY,INS4,2025-01-01
40659,SETTLED,SETTLED,2025-01-01
98254,PAYING,PAY CURR,2025-01-01
43882,INSOLVENCY,INS4,2025-01-01
54718,TRACE,GONEAWAY,2025-01-01
61582,OTHER,ARCHIVED,2025-01-01
60011,PAYING,PAY PROP,2025-01-01
94400,TRACE,GONEAWAY,2025-01-01
92221,INSOLVENCY,INSP,2025-01-01
46992,COLLECTIONS,CANCEL4,2025-01-01
91142,COLLECTIONS,TELSOLUTIONS1,2025-01-01
46155,LEGAL,HOLD FO,2025-01-01
88654,OTHER,ARCHIVED,2025-01-01
19372,TRACE,GONEAWAY,2025-01-01
58984,OTHER,ARCHIVED,2025-01-01
49823,INSOLVENCY,INS3,2025-01-01
54296,TRACE,GONEAWAY,2025-01-01
44286,LEGAL,LEG VERIF 2,2025-01-01
11449,LEGAL,LEG_TIT,2025-01-01
33347,TRACE,GONEAWAY,2025-01-01
19523,INSOLVENCY,INS3,2025-01-01
44502,COLLECTIONS,PRIME_D,2025-01-01
89313,SETTLED,SETTLED,2025-01-01
19675,COLLECTIONS,TELSOLUTIONS4,2025-01-01
83943,SETTLED,SETTLED,2025-01-01
68861,COLLECTIONS,PRIME,2025-01-01
53017,TRACE,GONEAWAY,2025-01-01
55992,OTHER,ARCHIVED,2025-01-01
53016,OTHER,ARCHIVED,2025-01-01
10474,COLLECTIONS,TELSOLUTIONS1,2025-01-01
95274,PAYING,PAY PROP,2025-01-01
47933,SETTLED,SETTLED,2025-01-01
19099,LEGAL,LEG VERIF 1,2025-01-01
39629,SETTLED,SETTLED,2025-01-01
28442,COLLECTIONS,CASSIST2,2025-01-01
95324,PAYING,PAY CURR,2025-01-01
98172,OTHER,ARCHIVED,2025-01-01
27789,INSOLVENCY,INS3,2025-01-01
59344,LEGAL,LEG VERIF 1,2025-01-01
31233,LEGAL,HOLD FO,2025-01-01
42494,PAYING,PAY PROP,2025-01-01
93257,LEGAL,LEG_NOT,2025-01-01
28382,LEGAL,LEG_NOT,2025-01-01
91658,COLLECTIONS,TELSOLUTIONS4,2025-01-01
69791,PAYING,PAY CURR,2025-01-01
41546,TRACE,GONEAWAY,2025-01-01
65559,INSOLVENCY,INS4,2025-01-01
13787,LEGAL,LEG VERIF 1,2025-01-01
83652,COLLECTIONS,PRIME,2025-01-01
71125,COLLECTIONS,TELSOLUTIONS4,2025-01-01
35227,INSOLVENCY,INS1,2025-01-01
17413,OTHER,ARCHIVED,2025-01-01
38921,TRACE,GONEAWAY,2025-01-01
95230,OTHER,ARCHIVED,2025-01-01
13861,LEGAL,LEG_TIT,2025-01-01
21707,INSOLVENCY,INS4,2025-01-01
13206,OTHER,ARCHIVED,2025-01-01
15248,LEGAL,LEG VERIF 1,2025-01-01
95291,OTHER,ARCHIVED,2025-01-01
84640,COLLECTIONS,TELSOLUTIONS1,2025-01-01
95157,LEGAL,LEG_NOT,2025-01-01
79792,PAYING,PAY CURR,2025-01-01
98794,OTHER,ARCHIVED,2025-01-01
90869,COLLECTIONS,PRIME_D,2025-01-01
39313,COLLECTIONS,CASSIST2,2025-01-01
21453,SETTLED,SETTLED,2025-01-01
60001,LEGAL,HOLD FO,2025-01-01
77917,COLLECTIONS,CASSIST2,2025-01-01
63848,INSOLVENCY,INSP,2025-01-01
55047,COLLECTIONS,TELSOLUTIONS1,2025-01-01
58434,LEGAL,HOLD FO,2025-01-01
99694,SETTLED,SETTLED,2025-01-01
77521,PAYING,PAY CURR,2025-01-01
42247,TRACE,GONEAWAY,2025-01-01
50973,OTHER,ARCHIVED,2025-01-01
91099,LEGAL,HOLD FO,2025-01-01
61934,COLLECTIONS,CANCEL2,2025-01-01
16077,SETTLED,SETTLED,2025-01-01
46986,PAYING,PAY CURR,2025-01-01
57074,OTHER,ARCHIVED,2025-01-01
66138,INSOLVENCY,INSP,2025-01-01
13883,INSOLVENCY,INSP,2025-01-01
62345,COLLECTIONS,CASSIST2,2025-01-01
94956,INSOLVENCY,INS2,2025-01-01
29836,OTHER,ARCHIVED,2025-01-01
13057,INSOLVENCY,INS2,2025-01-01
18486,PAYING,PAY CURR,2025-01-01
13664,LEGAL,LEG_TIT,2025-01-01
63538,INSOLVENCY,INS4,2025-01-01
34223,TRACE,GONEAWAY,2025-01-01
39966,INSOLVENCY,INS3,2025-01-01
46662,PAYING,PAY PROP,2025-01-01
14671,SETTLED,SETTLED,2025-01-01
32998,LEGAL,LEG_TIT,2025-01-01
91678,SETTLED,SETTLED,2025-01-01
94751,OTHER,ARCHIVED,2025-01-01
39643,INSOLVENCY,INS4,2025-01-01
97918,COLLECTIONS,TELSOLUTIONS4,2025-01-01
33057,PAYING,PAY PROP,2025-01-01
14567,PAYING,PAY CURR,2025-01-01
25726,INSOLVENCY,INS2,2025-01-01
74670,COLLECTIONS,PAY OVER,2025-01-01
11254,OTHER,ARCHIVED,2025-01-01
18838,TRACE,GONEAWAY,2025-01-01
93774,INSOLVENCY,INS1,2025-01-01
64136,TRACE,GONEAWAY,2025-01-01
70219,SETTLED,SETTLED,2025-01-01
45153,INSOLVENCY,INSP,2025-01-01
85441,OTHER,ARCHIVED,2025-01-01
21489,TRACE,GONEAWAY,2025-01-01
94714,INSOLVENCY,INS2,2025-01-01
72340,INSOLVENCY,INSP,2025-01-01
59940,COLLECTIONS,PRIME,2025-01-01
66216,PAYING,PAY PROP,2025-01-01
60840,SETTLED,SETTLED,2025-01-01
75723,OTHER,ARCHIVED,2025-01-01
40540,COLLECTIONS,PRIME_D,2025-01-01
52087,INSOLVENCY,INS2,2025-01-01
73732,PAYING,PAY CURR,2025-01-01
47543,OTHER,ARCHIVED,2025-01-01
13989,SETTLED,SETTLED,2025-01-01
86013,LEGAL,LEG_TIT,2025-01-01
21698,SETTLED,SETTLED,2025-01-01
57417,OTHER,ARCHIVED,2025-01-01
23382,LEGAL,LEG VERIF 1,2025-01-01
46494,TRACE,GONEAWAY,2025-01-01
70629,OTHER,ARCHIVED,2025-01-01
93496,COLLECTIONS,CANCEL2,2025-01-01
86086,OTHER,ARCHIVED,2025-01-01
17821,OTHER,ARCHIVED,2025-01-01
27543,LEGAL,LEG_NOT,2025-01-01
89176,TRACE,GONEAWAY,2025-01-01
13124,PAYING,PAY CURR,2025-01-01
22367,LEGAL,LEG_NOT,2025-01-01
74428,SETTLED,SETTLED,2025-01-01
47450,SETTLED,SETTLED,2025-01-01
68126,INSOLVENCY,INS1,2025-01-01
37988,SETTLED,SETTLED,2025-01-01
97661,OTHER,ARCHIVED,2025-01-01
87813,PAYING,PAY CURR,2025-01-01
78078,SETTLED,SETTLED,2025-01-01
47103,OTHER,ARCHIVED,2025-01-01
37628,INSOLVENCY,INS1,2025-01-01
31658,LEGAL,HOLD FO,2025-01-01
88060,OTHER,ARCHIVED,2025-01-01
25000,COLLECTIONS,CANCEL2,2025-01-01
31172,LEGAL,LEG VERIF 2,2025-01-01
64246,PAYING,PAY PROP,2025-01-01
91435,TRACE,GONEAWAY,2025-01-01
21415,OTHER,ARCHIVED,2025-01-01
52697,SETTLED,SETTLED,2025-01-01
75042,OTHER,ARCHIVED,2025-01-01
84256,LEGAL,LEG_NOT,2025-01-01
20507,INSOLVENCY,INSP,2025-01-01
34108,COLLECTIONS,CANCEL2,2025-01-01
45495,INSOLVENCY,INS3,2025-01-01
22047,OTHER,ARCHIVED,2025-01-01
91712,COLLECTIONS,PAY OVER,2025-01-01
77145,PAYING,PAY PROP,2025-01-01
57663,INSOLVENCY,INS1,2025-01-01
30496,LEGAL,LEG_TIT,2025-01-01
99755,PAYING,PAY PROP,2025-01-01
67443,COLLECTIONS,PAY OVER,2025-01-01
39175,COLLECTIONS,CANCEL4,2025-01-01
52219,COLLECTIONS,CANCEL4,2025-01-01
77395,TRACE,GONEAWAY,2025-01-01
91001,COLLECTIONS,CASSIST2,2025-01-01
47857,LEGAL,HOLD FO,2025-01-01
82789,PAYING,PAY CURR,2025-01-01
67303,TRACE,GONEAWAY,2025-01-01
31527,COLLECTIONS,PAY OVER,2025-01-01
67701,COLLECTIONS,TELSOLUTIONS4,2025-01-01
27800,OTHER,ARCHIVED,2025-01-01
71914,INSOLVENCY,INSP,2025-01-01
93809,COLLECTIONS,CANCEL4,2025-01-01
55200,OTHER,ARCHIVED,2025-01-01
27620,COLLECTIONS,CANCEL4,2025-01-01
43108,OTHER,ARCHIVED,2025-01-01
79521,INSOLVENCY,INS2,2025-01-01
59505,INSOLVENCY,INS1,2025-01-01
32832,SETTLED,SETTLED,2025-01-01
45539,LEGAL,LEG VERIF 2,2025-01-01
64713,OTHER,ARCHIVED,2025-01-01
35504,SETTLED,SETTLED,2025-01-01
24815,INSOLVENCY,INS4,2025-01-01
19986,OTHER,ARCHIVED,2025-01-01
85173,LEGAL,HOLD FO,2025-01-01
66463,PAYING,PAY CURR,2025-01-01
92889,TRACE,GONEAWAY,2025-01-01
97280,SETTLED,SETTLED,2025-01-01
40198,LEGAL,LEG_NOT,2025-01-01
71048,SETTLED,SETTLED,2025-01-01
96772,OTHER,ARCHIVED,2025-01-01
62106,TRACE,GONEAWAY,2025-01-01
38899,COLLECTIONS,PRIME,2025-01-01
56961,OTHER,ARCHIVED,2025-01-01
89612,INSOLVENCY,INS1,2025-01-01
52609,COLLECTIONS,PRIME_D,2025-01-01
78528,PAYING,PAY CURR,2025-01-01
88706,COLLECTIONS,PRIME,2025-01-01
28504,OTHER,ARCHIVED,2025-01-01
11356,OTHER,ARCHIVED,2025-01-01
47808,PAYING,PAY PROP,2025-01-01
14961,LEGAL,LEG VERIF 2,2025-01-01
76500,COLLECTIONS,CASSIST2,2025-01-01
66106,PAYING,PAY CURR,2025-01-01
64070,COLLECTIONS,CANCEL4,2025-01-01
24213,COLLECTIONS,CANCEL4,2025-01-01
36291,TRACE,GONEAWAY,2025-01-01
34629,OTHER,ARCHIVED,2025-01-01
41740,OTHER,ARCHIVED,2025-01-01
84211,SETTLED,SETTLED,2025-01-01
61279,INSOLVENCY,INS2,2025-01-01
82526,LEGAL,LEG_TIT,2025-01-01
81029,SETTLED,SETTLED,2025-01-01
16402,PAYING,PAY PROP,2025-01-01
17880,TRACE,GONEAWAY,2025-01-01
87432,TRACE,GONEAWAY,2025-01-01
55886,COLLECTIONS,CASSIST2,2025-01-01
61550,SETTLED,SETTLED,2025-01-01
62692,INSOLVENCY,INSP,2025-01-01
51596,OTHER,ARCHIVED,2025-01-01
94706,TRACE,GONEAWAY,2025-01-01
58892,LEGAL,LEG VERIF 2,2025-01-01
45393,OTHER,ARCHIVED,2025-01-01
74699,COLLECTIONS,CANCEL2,2025-01-01
65864,INSOLVENCY,INS1,2025-01-01
74894,OTHER,ARCHIVED,2025-01-01
90467,PAYING,PAY PROP,2025-01-01
86693,LEGAL,HOLD FO,2025-01-01
67504,SETTLED,SETTLED,2025-01-01
32252,OTHER,ARCHIVED,2025-01-01
16628,SETTLED,SETTLED,2025-01-01
31903,TRACE,GONEAWAY,2025-01-01
20233,COLLECTIONS,CANCEL2,2025-01-01
27223,COLLECTIONS,PAY OVER,2025-01-01
49999,INSOLVENCY,INS4,2025-01-01
52137,OTHER,ARCHIVED,2025-01-01
83620,TRACE,GONEAWAY,2025-01-01
49171,OTHER,ARCHIVED,2025-01-01
60663,SETTLED,SETTLED,2025-01-01
46545,OTHER,ARCHIVED,2025-01-01
48786,SETTLED,SETTLED,2025-01-01
94638,TRACE,GONEAWAY,2025-01-01
98298,PAYING,PAY PROP,2025-01-01
86556,SETTLED,SETTLED,2025-01-01
90725,TRACE,GONEAWAY,2025-01-01
14117,LEGAL,HOLD FO,2025-01-01
63099,LEGAL,LEG_NOT,2025-01-01
82095,OTHER,ARCHIVED,2025-01-01
84455,COLLECTIONS,TELSOLUTIONS1,2025-01-01
73556,COLLECTIONS,CANCEL4,2025-01-01
53131,PAYING,PAY PROP,2025-01-01
23982,LEGAL,HOLD FO,2025-01-01
48880,TRACE,GONEAWAY,2025-01-01
82007,LEGAL,LEG VERIF 1,2025-01-01
14006,OTHER,ARCHIVED,2025-01-01
26168,LEGAL,LEG_NOT,2025-01-01
33783,LEGAL,LEG_TIT,2025-01-01
35401,TRACE,GONEAWAY,2025-01-01
26696,OTHER,ARCHIVED,2025-01-01
20307,SETTLED,SETTLED,2025-01-01
80451,COLLECTIONS,CANCEL2,2025-01-01
85241,SETTLED,SETTLED,2025-01-01
95997,PAYING,PAY PROP,2025-01-01
94928,OTHER,ARCHIVED,2025-01-01
29210,PAYING,PAY PROP,2025-01-01
58244,SETTLED,SETTLED,2025-01-01
70180,TRACE,GONEAWAY,2025-01-01
78633,COLLECTIONS,CANCEL2,2025-01-01
86015,PAYING,PAY CURR,2025-01-01
91402,COLLECTIONS,CANCEL2,2025-01-01
59399,PAYING,PAY PROP,2025-01-01
31933,LEGAL,LEG_TIT,2025-01-01
45548,INSOLVENCY,INS4,2025-01-01
27497,INSOLVENCY,INS4,2025-01-01
86646,COLLECTIONS,CANCEL4,2025-01-01
21399,SETTLED,SETTLED,2025-01-01
95599,OTHER,ARCHIVED,2025-01-01
37781,COLLECTIONS,PAY OVER,2025-01-01
26514,TRACE,GONEAWAY,2025-01-01
11352,LEGAL,LEG VERIF 1,2025-01-01
44060,OTHER,ARCHIVED,2025-01-01
29623,COLLECTIONS,PAY OVER,2025-01-01
19413,COLLECTIONS,CASSIST2,2025-01-01
95232,OTHER,ARCHIVED,2025-01-01
38621,COLLECTIONS,TELSOLUTIONS1,2025-01-01
92669,LEGAL,LEG VERIF 1,2025-01-01
13416,LEGAL,LEG_NOT,2025-01-01
32283,TRACE,GONEAWAY,2025-01-01
88716,TRACE,GONEAWAY,2025-01-01
84845,PAYING,PAY CURR,2025-01-01
47984,PAYING,PAY PROP,2025-01-01
82269,INSOLVENCY,INS4,2025-01-01
60048,COLLECTIONS,TELSOLUTIONS4,2025-01-01
65773,INSOLVENCY,INSP,2025-01-01
29600,SETTLED,SETTLED,2025-01-01
80893,PAYING,PAY PROP,2025-01-01
34083,INSOLVENCY,INS1,2025-01-01
51089,PAYING,PAY CURR,2025-01-01
74104,TRACE,GONEAWAY,2025-01-01
35861,TRACE,GONEAWAY,2025-01-01
69313,COLLECTIONS,CANCEL4,2025-01-01
72758,COLLECTIONS,PAY OVER,2025-01-01
78987,INSOLVENCY,INS3,2025-01-01
95948,LEGAL,LEG_TIT,2025-01-01
97132,LEGAL,LEG_TIT,2025-01-01
82735,INSOLVENCY,INS4,2025-01-01
87394,TRACE,GONEAWAY,2025-01-01
62377,SETTLED,SETTLED,2025-01-01
66755,TRACE,GONEAWAY,2025-01-01
68436,LEGAL,LEG_NOT,2025-01-01
45571,OTHER,ARCHIVED,2025-01-01
91331,TRACE,GONEAWAY,2025-01-01
85557,TRACE,GONEAWAY,2025-01-01
12247,INSOLVENCY,INS1,2025-01-01
29593,OTHER,ARCHIVED,2025-01-01
48354,TRACE,GONEAWAY,2025-01-01
30531,TRACE,GONEAWAY,2025-01-01
58120,PAYING,PAY CURR,2025-01-01
67687,COLLECTIONS,PAY OVER,2025-01-01
98909,TRACE,GONEAWAY,2025-01-01
20457,PAYING,PAY PROP,2025-01-01
99999,LEGAL,LEG_NOT,2025-01-01
26686,INSOLVENCY,INS3,2025-02-01
48388,TRACE,GONEAWAY,2025-02-01
81634,COLLECTIONS,CASSIST2,2025-02-01
39776,COLLECTIONS,PRIME_D,2025-02-01
70437,LEGAL,LEG VERIF 2,2025-02-01
25635,SETTLED,SETTLED,2025-02-01
72278,LEGAL,HOLD FO,2025-02-01
43314,SETTLED,SETTLED,2025-02-01
77262,PAYING,PAY CURR,2025-02-01
68484,COLLECTIONS,TELSOLUTIONS4,2025-02-01
54341,LEGAL,HOLD FO,2025-02-01
25733,LEGAL,LEG_NOT,2025-02-01
83776,COLLECTIONS,PRIME_D,2025-02-01
10506,OTHER,ARCHIVED,2025-02-01
54275,SETTLED,SETTLED,2025-02-01
78353,LEGAL,LEG VERIF 1,2025-02-01
91558,SETTLED,SETTLED,2025-02-01
85922,COLLECTIONS,PAY OVER,2025-02-01
44476,OTHER,ARCHIVED,2025-02-01
15757,INSOLVENCY,INS1,2025-02-01
55044,TRACE,GONEAWAY,2025-02-01
26918,INSOLVENCY,INS4,2025-02-01
11916,LEGAL,LEG VERIF 2,2025-02-01
91710,PAYING,PAY PROP,2025-02-01
15004,INSOLVENCY,INS4,2025-02-01
40659,LEGAL,LEG VERIF 1,2025-02-01
98254,PAYING,PAY CURR,2025-02-01
43882,INSOLVENCY,INS4,2025-02-01
54718,TRACE,GONEAWAY,2025-02-01
61582,OTHER,ARCHIVED,2025-02-01
60011,PAYING,PAY PROP,2025-02-01
94400,SETTLED,SETTLED,2025-02-01
92221,TRACE,GONEAWAY,2025-02-01
46992,OTHER,ARCHIVED,2025-02-01
91142,PAYING,PAY PROP,2025-02-01
46155,LEGAL,HOLD FO,2025-02-01
88654,OTHER,ARCHIVED,2025-02-01
19372,TRACE,GONEAWAY,2025-02-01
58984,PAYING,PAY PROP,2025-02-01
49823,INSOLVENCY,INS3,2025-02-01
54296,TRACE,GONEAWAY,2025-02-01
44286,LEGAL,LEG VERIF 2,2025-02-01
11449,LEGAL,LEG_TIT,2025-02-01
33347,PAYING,PAY PROP,2025-02-01
19523,TRACE,GONEAWAY,2025-02-01
44502,TRACE,GONEAWAY,2025-02-01
89313,SETTLED,SETTLED,2025-02-01
19675,COLLECTIONS,TELSOLUTIONS4,2025-02-01
83943,SETTLED,SETTLED,2025-02-01
68861,PAYING,PAY PROP,2025-02-01
53017,TRACE,GONEAWAY,2025-02-01
55992,OTHER,ARCHIVED,2025-02-01
53016,OTHER,ARCHIVED,2025-02-01
10474,COLLECTIONS,TELSOLUTIONS1,2025-02-01
95274,PAYING,PAY PROP,2025-02-01
47933,COLLECTIONS,CANCEL2,2025-02-01
19099,LEGAL,LEG VERIF 1,2025-02-01
39629,SETTLED,SETTLED,2025-02-01
28442,COLLECTIONS,CASSIST2,2025-02-01
95324,COLLECTIONS,TELSOLUTIONS4,2025-02-01
98172,OTHER,ARCHIVED,2025-02-01
27789,INSOLVENCY,INS3,2025-02-01
59344,OTHER,ARCHIVED,2025-02-01
31233,LEGAL,HOLD FO,2025-02-01
42494,PAYING,PAY CURR,2025-02-01
93257,OTHER,ARCHIVED,2025-02-01
28382,SETTLED,SETTLED,2025-02-01
91658,COLLECTIONS,TELSOLUTIONS4,2025-02-01
69791,PAYING,PAY CURR,2025-02-01
41546,TRACE,GONEAWAY,2025-02-01
65559,COLLECTIONS,PRIME,2025-02-01
13787,LEGAL,LEG VERIF 1,2025-02-01
83652,INSOLVENCY,INS4,2025-02-01
71125,COLLECTIONS,TELSOLUTIONS4,2025-02-01
35227,LEGAL,HOLD FO,2025-02-01
17413,OTHER,ARCHIVED,2025-02-01
38921,PAYING,PAY PROP,2025-02-01
95230,OTHER,ARCHIVED,2025-02-01
13861,LEGAL,LEG_TIT,2025-02-01
21707,INSOLVENCY,INS4,2025-02-01
13206,OTHER,ARCHIVED,2025-02-01
15248,LEGAL,LEG VERIF 1,2025-02-01
95291,OTHER,ARCHIVED,2025-02-01
84640,COLLECTIONS,TELSOLUTIONS1,2025-02-01
95157,OTHER,ARCHIVED,2025-02-01
79792,PAYING,PAY CURR,2025-02-01
98794,OTHER,ARCHIVED,2025-02-01
90869,COLLECTIONS,PRIME_D,2025-02-01
39313,INSOLVENCY,INSP,2025-02-01
21453,PAYING,PAY CURR,2025-02-01
60001,TRACE,GONEAWAY,2025-02-01
77917,COLLECTIONS,CASSIST2,2025-02-01
63848,COLLECTIONS,TELSOLUTIONS1,2025-02-01
55047,TRACE,GONEAWAY,2025-02-01
58434,LEGAL,HOLD FO,2025-02-01
99694,SETTLED,SETTLED,2025-02-01
77521,COLLECTIONS,CANCEL2,2025-02-01
42247,TRACE,GONEAWAY,2025-02-01
50973,OTHER,ARCHIVED,2025-02-01
91099,PAYING,PAY PROP,2025-02-01
61934,COLLECTIONS,CANCEL2,2025-02-01
16077,SETTLED,SETTLED,2025-02-01
46986,OTHER,ARCHIVED,2025-02-01
57074,INSOLVENCY,INS1,2025-02-01
66138,INSOLVENCY,INSP,2025-02-01
13883,LEGAL,HOLD FO,2025-02-01
62345,COLLECTIONS,CASSIST2,2025-02-01
94956,INSOLVENCY,INS2,2025-02-01
29836,OTHER,ARCHIVED,2025-02-01
13057,INSOLVENCY,INS2,2025-02-01
18486,PAYING,PAY CURR,2025-02-01
13664,INSOLVENCY,INS3,2025-02-01
63538,TRACE,GONEAWAY,2025-02-01
34223,TRACE,GONEAWAY,2025-02-01
39966,LEGAL,HOLD FO,2025-02-01
46662,PAYING,PAY PROP,2025-02-01
14671,SETTLED,SETTLED,2025-02-01
32998,TRACE,GONEAWAY,2025-02-01
91678,SETTLED,SETTLED,2025-02-01
94751,INSOLVENCY,INS4,2025-02-01
39643,INSOLVENCY,INS4,2025-02-01
97918,OTHER,ARCHIVED,2025-02-01
33057,PAYING,PAY PROP,2025-02-01
14567,SETTLED,SETTLED,2025-02-01
25726,INSOLVENCY,INS2,2025-02-01
74670,COLLECTIONS,PAY OVER,2025-02-01
11254,INSOLVENCY,INS4,2025-02-01
18838,TRACE,GONEAWAY,2025-02-01
93774,SETTLED,SETTLED,2025-02-01
64136,TRACE,GONEAWAY,2025-02-01
70219,INSOLVENCY,INS4,2025-02-01
45153,SETTLED,SETTLED,2025-02-01
85441,OTHER,ARCHIVED,2025-02-01
21489,PAYING,PAY CURR,2025-02-01
94714,INSOLVENCY,INS2,2025-02-01
72340,INSOLVENCY,INSP,2025-02-01
59940,TRACE,GONEAWAY,2025-02-01
66216,PAYING,PAY PROP,2025-02-01
60840,SETTLED,SETTLED,2025-02-01
75723,COLLECTIONS,PAY OVER,2025-02-01
40540,COLLECTIONS,PRIME_D,2025-02-01
52087,TRACE,GONEAWAY,2025-02-01
73732,OTHER,ARCHIVED,2025-02-01
47543,OTHER,ARCHIVED,2025-02-01
13989,SETTLED,SETTLED,2025-02-01
86013,LEGAL,LEG_NOT,2025-02-01
21698,COLLECTIONS,TELSOLUTIONS1,2025-02-01
57417,TRACE,GONEAWAY,2025-02-01
23382,LEGAL,LEG VERIF 1,2025-02-01
46494,TRACE,GONEAWAY,2025-02-01
70629,TRACE,GONEAWAY,2025-02-01
93496,COLLECTIONS,CANCEL2,2025-02-01
86086,LEGAL,HOLD FO,2025-02-01
17821,SETTLED,SETTLED,2025-02-01
27543,LEGAL,LEG_NOT,2025-02-01
89176,SETTLED,SETTLED,2025-02-01
13124,INSOLVENCY,INS3,2025-02-01
22367,LEGAL,LEG_NOT,2025-02-01
74428,COLLECTIONS,CASSIST2,2025-02-01
47450,OTHER,ARCHIVED,2025-02-01
68126,COLLECTIONS,CANCEL4,2025-02-01
37988,SETTLED,SETTLED,2025-02-01
97661,TRACE,GONEAWAY,2025-02-01
87813,COLLECTIONS,PAY OVER,2025-02-01
78078,SETTLED,SETTLED,2025-02-01
47103,OTHER,ARCHIVED,2025-02-01
37628,TRACE,GONEAWAY,2025-02-01
31658,LEGAL,HOLD FO,2025-02-01
88060,OTHER,ARCHIVED,2025-02-01
25000,TRACE,GONEAWAY,2025-02-01
31172,LEGAL,LEG VERIF 2,2025-02-01
64246,PAYING,PAY PROP,2025-02-01
91435,TRACE,GONEAWAY,2025-02-01
21415,OTHER,ARCHIVED,2025-02-01
52697,SETTLED,SETTLED,2025-02-01
75042,OTHER,ARCHIVED,2025-02-01
84256,PAYING,PAY PROP,2025-02-01
20507,PAYING,PAY PROP,2025-02-01
34108,COLLECTIONS,CANCEL2,2025-02-01
45495,SETTLED,SETTLED,2025-02-01
22047,OTHER,ARCHIVED,2025-02-01
91712,OTHER,ARCHIVED,2025-02-01
77145,PAYING,PAY PROP,2025-02-01
57663,PAYING,PAY CURR,2025-02-01
30496,LEGAL,LEG_TIT,2025-02-01
99755,PAYING,PAY PROP,2025-02-01
67443,COLLECTIONS,PAY OVER,2025-02-01
39175,COLLECTIONS,CANCEL4,2025-02-01
52219,COLLECTIONS,CANCEL4,2025-02-01
77395,PAYING,PAY CURR,2025-02-01
91001,INSOLVENCY,INS4,2025-02-01
47857,LEGAL,HOLD FO,2025-02-01
82789,COLLECTIONS,PAY OVER,2025-02-01
67303,INSOLVENCY,INS1,2025-02-01
31527,COLLECTIONS,PAY OVER,2025-02-01
67701,TRACE,GONEAWAY,2025-02-01
27800,OTHER,ARCHIVED,2025-02-01
71914,INSOLVENCY,INSP,2025-02-01
93809,COLLECTIONS,CANCEL4,2025-02-01
55200,SETTLED,SETTLED,2025-02-01
27620,TRACE,GONEAWAY,2025-02-01
43108,OTHER,ARCHIVED,2025-02-01
79521,TRACE,GONEAWAY,2025-02-01
59505,INSOLVENCY,INS1,2025-02-01
32832,COLLECTIONS,CASSIST2,2025-02-01
45539,SETTLED,SETTLED,2025-02-01
64713,OTHER,ARCHIVED,2025-02-01
35504,LEGAL,LEG VERIF 2,2025-02-01
24815,INSOLVENCY,INS4,2025-02-01
19986,LEGAL,HOLD FO,2025-02-01
85173,LEGAL,HOLD FO,2025-02-01
66463,PAYING,PAY CURR,2025-02-01
92889,TRACE,GONEAWAY,2025-02-01
97280,COLLECTIONS,TELSOLUTIONS4,2025-02-01
40198,PAYING,PAY CURR,2025-02-01
71048,TRACE,GONEAWAY,2025-02-01
96772,LEGAL,LEG_TIT,2025-02-01
62106,TRACE,GONEAWAY,2025-02-01
38899,COLLECTIONS,PRIME,2025-02-01
56961,COLLECTIONS,CANCEL2,2025-02-01
89612,INSOLVENCY,INS1,2025-02-01
52609,COLLECTIONS,PRIME_D,2025-02-01
78528,PAYING,PAY CURR,2025-02-01
88706,COLLECTIONS,PRIME,2025-02-01
28504,OTHER,ARCHIVED,2025-02-01
11356,LEGAL,HOLD FO,2025-02-01
47808,SETTLED,SETTLED,2025-02-01
14961,SETTLED,SETTLED,2025-02-01
76500,COLLECTIONS,CASSIST2,2025-02-01
66106,PAYING,PAY CURR,2025-02-01
64070,LEGAL,HOLD FO,2025-02-01
24213,COLLECTIONS,CANCEL4,2025-02-01
36291,COLLECTIONS,PAY OVER,2025-02-01
34629,OTHER,ARCHIVED,2025-02-01
41740,OTHER,ARCHIVED,2025-02-01
84211,INSOLVENCY,INS2,2025-02-01
61279,INSOLVENCY,INS2,2025-02-01
82526,LEGAL,LEG_TIT,2025-02-01
81029,COLLECTIONS,CASSIST2,2025-02-01
16402,COLLECTIONS,CANCEL4,2025-02-01
17880,TRACE,GONEAWAY,2025-02-01
87432,TRACE,GONEAWAY,2025-02-01
55886,COLLECTIONS,CASSIST2,2025-02-01
61550,SETTLED,SETTLED,2025-02-01
62692,INSOLVENCY,INSP,2025-02-01
51596,OTHER,ARCHIVED,2025-02-01
94706,TRACE,GONEAWAY,2025-02-01
58892,LEGAL,LEG VERIF 2,2025-02-01
45393,OTHER,ARCHIVED,2025-02-01
74699,COLLECTIONS,CANCEL2,2025-02-01
65864,INSOLVENCY,INS1,2025-02-01
74894,INSOLVENCY,INSP,2025-02-01
90467,PAYING,PAY PROP,2025-02-01
86693,LEGAL,HOLD FO,2025-02-01
67504,SETTLED,SETTLED,2025-02-01
32252,SETTLED,SETTLED,2025-02-01
16628,COLLECTIONS,CANCEL2,2025-02-01
31903,LEGAL,LEG VERIF 2,2025-02-01
20233,COLLECTIONS,CANCEL2,2025-02-01
27223,TRACE,GONEAWAY,2025-02-01
49999,TRACE,GONEAWAY,2025-02-01
52137,OTHER,ARCHIVED,2025-02-01
83620,INSOLVENCY,INSP,2025-02-01
49171,OTHER,ARCHIVED,2025-02-01
60663,SETTLED,SETTLED,2025-02-01
46545,TRACE,GONEAWAY,2025-02-01
48786,PAYING,PAY PROP,2025-02-01
94638,TRACE,GONEAWAY,2025-02-01
98298,OTHER,ARCHIVED,2025-02-01
86556,LEGAL,HOLD FO,2025-02-01
90725,TRACE,GONEAWAY,2025-02-01
14117,LEGAL,HOLD FO,2025-02-01
63099,LEGAL,LEG_NOT,2025-02-01
82095,SETTLED,SETTLED,2025-02-01
84455,LEGAL,HOLD FO,2025-02-01
73556,COLLECTIONS,CANCEL4,2025-02-01
53131,PAYING,PAY PROP,2025-02-01
23982,LEGAL,HOLD FO,2025-02-01
48880,OTHER,ARCHIVED,2025-02-01
82007,LEGAL,LEG VERIF 1,2025-02-01
14006,OTHER,ARCHIVED,2025-02-01
26168,LEGAL,LEG_NOT,2025-02-01
33783,LEGAL,LEG_TIT,2025-02-01
35401,SETTLED,SETTLED,2025-02-01
26696,OTHER,ARCHIVED,2025-02-01
20307,PAYING,PAY CURR,2025-02-01
80451,INSOLVENCY,INS2,2025-02-01
85241,INSOLVENCY,INS2,2025-02-01
95997,SETTLED,SETTLED,2025-02-01
94928,OTHER,ARCHIVED,2025-02-01
29210,PAYING,PAY PROP,2025-02-01
58244,TRACE,GONEAWAY,2025-02-01
70180,TRACE,GONEAWAY,2025-02-01
78633,COLLECTIONS,CANCEL2,2025-02-01
86015,PAYING,PAY CURR,2025-02-01
91402,COLLECTIONS,CANCEL2,2025-02-01
59399,OTHER,ARCHIVED,2025-02-01
31933,COLLECTIONS,PAY OVER,2025-02-01
45548,INSOLVENCY,INS4,2025-02-01
27497,TRACE,GONEAWAY,2025-02-01
86646,TRACE,GONEAWAY,2025-02-01
21399,LEGAL,LEG VERIF 2,2025-02-01
95599,OTHER,ARCHIVED,2025-02-01
37781,SETTLED,SETTLED,2025-02-01
26514,COLLECTIONS,TELSOLUTIONS1,2025-02-01
11352,LEGAL,LEG VERIF 1,2025-02-01
44060,OTHER,ARCHIVED,2025-02-01
29623,TRACE,GONEAWAY,2025-02-01
19413,COLLECTIONS,CASSIST2,2025-02-01
95232,LEGAL,LEG VERIF 2,2025-02-01
38621,COLLECTIONS,TELSOLUTIONS1,2025-02-01
92669,LEGAL,LEG VERIF 1,2025-02-01
13416,LEGAL,LEG_NOT,2025-02-01
32283,TRACE,GONEAWAY,2025-02-01
88716,TRACE,GONEAWAY,2025-02-01
84845,COLLECTIONS,PRIME,2025-02-01
47984,PAYING,PAY PROP,2025-02-01
82269,INSOLVENCY,INS4,2025-02-01
60048,COLLECTIONS,TELSOLUTIONS4,2025-02-01
65773,INSOLVENCY,INSP,2025-02-01
29600,COLLECTIONS,PRIME,2025-02-01
80893,PAYING,PAY CURR,2025-02-01
34083,LEGAL,LEG_NOT,2025-02-01
51089,PAYING,PAY CURR,2025-02-01
74104,TRACE,GONEAWAY,2025-02-01
35861,OTHER,ARCHIVED,2025-02-01
69313,COLLECTIONS,TELSOLUTIONS1,2025-02-01
72758,COLLECTIONS,PAY OVER,2025-02-01
78987,TRACE,GONEAWAY,2025-02-01
95948,COLLECTIONS,TELSOLUTIONS4,2025-02-01
97132,LEGAL,LEG_TIT,2025-02-01
82735,OTHER,ARCHIVED,2025-02-01
87394,COLLECTIONS,CANCEL2,2025-02-01
62377,PAYING,PAY CURR,2025-02-01
66755,INSOLVENCY,INS3,2025-02-01
68436,LEGAL,LEG VERIF 1,2025-02-01
45571,INSOLVENCY,INS3,2025-02-01
91331,TRACE,GONEAWAY,2025-02-01
85557,OTHER,ARCHIVED,2025-02-01
12247,INSOLVENCY,INS1,2025-02-01
29593,LEGAL,LEG_TIT,2025-02-01
48354,TRACE,GONEAWAY,2025-02-01
30531,COLLECTIONS,PAY OVER,2025-02-01
58120,PAYING,PAY CURR,2025-02-01
67687,PAYING,PAY CURR,2025-02-01
98909,COLLECTIONS,CANCEL4,2025-02-01
20457,TRACE,GONEAWAY,2025-02-01
91537,INSOLVENCY,INS3,2025-02-01
37924,LEGAL,HOLD FO,2025-02-01
39116,PAYING,PAY CURR,2025-02-01
90213,OTHER,ARCHIVED,2025-02-01
40079,COLLECTIONS,CANCEL2,2025-02-01
63223,COLLECTIONS,PAY OVER,2025-02-01
89178,LEGAL,LEG_TIT,2025-02-01
60199,OTHER,ARCHIVED,2025-02-01
65156,COLLECTIONS,CASSIST2,2025-02-01
58473,TRACE,GONEAWAY,2025-02-01
35919,COLLECTIONS,PRIME,2025-02-01
19086,SETTLED,SETTLED,2025-02-01
51216,INSOLVENCY,INS3,2025-02-01
17320,TRACE,GONEAWAY,2025-02-01
94606,INSOLVENCY,INS4,2025-02-01
87459,COLLECTIONS,CANCEL2,2025-02-01
52017,PAYING,PAY PROP,2025-02-01
16913,INSOLVENCY,INS4,2025-02-01
96425,SETTLED,SETTLED,2025-02-01
39453,PAYING,PAY CURR,2025-02-01
62495,INSOLVENCY,INS4,2025-02-01
78416,LEGAL,LEG VERIF 1,2025-02-01
21418,PAYING,PAY PROP,2025-02-01
50515,OTHER,ARCHIVED,2025-02-01
60947,SETTLED,SETTLED,2025-02-01
36810,TRACE,GONEAWAY,2025-02-01
61708,OTHER,ARCHIVED,2025-02-01
65428,TRACE,GONEAWAY,2025-02-01
25073,SETTLED,SETTLED,2025-02-01
63285,PAYING,PAY CURR,2025-02-01
40856,TRACE,GONEAWAY,2025-02-01
13356,LEGAL,LEG VERIF 1,2025-02-01
86543,LEGAL,LEG VERIF 1,2025-02-01
96035,LEGAL,LEG VERIF 2,2025-02-01
32687,COLLECTIONS,CANCEL4,2025-02-01
62836,OTHER,ARCHIVED,2025-02-01
43403,OTHER,ARCHIVED,2025-02-01
82324,SETTLED,SETTLED,2025-02-01
23780,COLLECTIONS,PRIME_D,2025-02-01
83051,OTHER,ARCHIVED,2025-02-01
92829,COLLECTIONS,CANCEL2,2025-02-01
85466,SETTLED,SETTLED,2025-02-01
66158,TRACE,GONEAWAY,2025-02-01
30943,OTHER,ARCHIVED,2025-02-01
52055,INSOLVENCY,INS3,2025-02-01
11336,TRACE,GONEAWAY,2025-02-01
66787,INSOLVENCY,INS3,2025-02-01
92255,TRACE,GONEAWAY,2025-02-01
77513,LEGAL,LEG_NOT,2025-02-01
42371,COLLECTIONS,CANCEL2,2025-02-01
10180,COLLECTIONS,TELSOLUTIONS1,2025-02-01
94193,SETTLED,SETTLED,2025-02-01
33376,OTHER,ARCHIVED,2025-02-01
47532,PAYING,PAY CURR,2025-02-01
44289,PAYING,PAY CURR,2025-02-01
17346,COLLECTIONS,PRIME,2025-02-01
36459,LEGAL,LEG VERIF 2,2025-02-01
57819,OTHER,ARCHIVED,2025-02-01
40987,INSOLVENCY,INS1,2025-02-01
26066,SETTLED,SETTLED,2025-02-01
63368,OTHER,ARCHIVED,2025-02-01
31463,COLLECTIONS,CASSIST2,2025-02-01
69833,INSOLVENCY,INS2,2025-02-01
62595,INSOLVENCY,INS2,2025-02-01
73634,COLLECTIONS,CANCEL2,2025-02-01
82487,OTHER,ARCHIVED,2025-02-01
34002,TRACE,GONEAWAY,2025-02-01
86494,OTHER,ARCHIVED,2025-02-01
46369,OTHER,ARCHIVED,2025-02-01
30817,LEGAL,HOLD FO,2025-02-01
99999,LEGAL,LEG_NOT,2025-02-01
26686,INSOLVENCY,INS3,2025-03-01
48388,SETTLED,SETTLED,2025-03-01
81634,COLLECTIONS,CASSIST2,2025-03-01
39776,COLLECTIONS,PRIME_D,2025-03-01
70437,LEGAL,LEG VERIF 2,2025-03-01
25635,LEGAL,LEG_NOT,2025-03-01
72278,TRACE,GONEAWAY,2025-03-01
43314,SETTLED,SETTLED,2025-03-01
77262,COLLECTIONS,TELSOLUTIONS1,2025-03-01
68484,INSOLVENCY,INS3,2025-03-01
54341,LEGAL,HOLD FO,2025-03-01
25733,LEGAL,LEG_NOT,2025-03-01
83776,COLLECTIONS,PRIME_D,2025-03-01
10506,LEGAL,LEG VERIF 2,2025-03-01
54275,SETTLED,SETTLED,2025-03-01
78353,LEGAL,LEG VERIF 1,2025-03-01
91558,SETTLED,SETTLED,2025-03-01
85922,TRACE,GONEAWAY,2025-03-01
44476,INSOLVENCY,INS4,2025-03-01
15757,INSOLVENCY,INS1,2025-03-01
55044,TRACE,GONEAWAY,2025-03-01
26918,COLLECTIONS,TELSOLUTIONS1,2025-03-01
11916,LEGAL,LEG VERIF 2,2025-03-01
91710,INSOLVENCY,INS4,2025-03-01
15004,PAYING,PAY CURR,2025-03-01
40659,LEGAL,LEG VERIF 1,2025-03-01
98254,PAYING,PAY CURR,2025-03-01
43882,INSOLVENCY,INS4,2025-03-01
54718,TRACE,GONEAWAY,2025-03-01
61582,OTHER,ARCHIVED,2025-03-01
60011,PAYING,PAY PROP,2025-03-01
94400,SETTLED,SETTLED,2025-03-01
92221,PAYING,PAY CURR,2025-03-01
46992,OTHER,ARCHIVED,2025-03-01
91142,COLLECTIONS,CASSIST2,2025-03-01
46155,LEGAL,HOLD FO,2025-03-01
88654,OTHER,ARCHIVED,2025-03-01
19372,COLLECTIONS,PRIME,2025-03-01
58984,PAYING,PAY PROP,2025-03-01
49823,COLLECTIONS,PRIME,2025-03-01
54296,TRACE,GONEAWAY,2025-03-01
44286,LEGAL,LEG VERIF 2,2025-03-01
11449,OTHER,ARCHIVED,2025-03-01
33347,COLLECTIONS,PAY OVER,2025-03-01
19523,TRACE,GONEAWAY,2025-03-01
44502,TRACE,GONEAWAY,2025-03-01
89313,SETTLED,SETTLED,2025-03-01
19675,TRACE,GONEAWAY,2025-03-01
83943,SETTLED,SETTLED,2025-03-01
68861,PAYING,PAY PROP,2025-03-01
53017,TRACE,GONEAWAY,2025-03-01
55992,OTHER,ARCHIVED,2025-03-01
53016,OTHER,ARCHIVED,2025-03-01
10474,OTHER,ARCHIVED,2025-03-01
95274,OTHER,ARCHIVED,2025-03-01
47933,COLLECTIONS,CANCEL2,2025-03-01
19099,LEGAL,LEG VERIF 1,2025-03-01
39629,SETTLED,SETTLED,2025-03-01
28442,SETTLED,SETTLED,2025-03-01
95324,OTHER,ARCHIVED,2025-03-01
98172,OTHER,ARCHIVED,2025-03-01
27789,PAYING,PAY CURR,2025-03-01
59344,PAYING,PAY PROP,2025-03-01
31233,INSOLVENCY,INS3,2025-03-01
42494,PAYING,PAY CURR,2025-03-01
93257,LEGAL,LEG_TIT,2025-03-01
28382,SETTLED,SETTLED,2025-03-01
91658,COLLECTIONS,TELSOLUTIONS4,2025-03-01
69791,TRACE,GONEAWAY,2025-03-01
41546,TRACE,GONEAWAY,2025-03-01
65559,SETTLED,SETTLED,2025-03-01
13787,INSOLVENCY,INS2,2025-03-01
83652,INSOLVENCY,INS4,2025-03-01
71125,COLLECTIONS,TELSOLUTIONS4,2025-03-01
35227,LEGAL,HOLD FO,2025-03-01
17413,OTHER,ARCHIVED,2025-03-01
38921,COLLECTIONS,CANCEL2,2025-03-01
95230,OTHER,ARCHIVED,2025-03-01
13861,LEGAL,LEG_TIT,2025-03-01
21707,INSOLVENCY,INS4,2025-03-01
13206,LEGAL,LEG_TIT,2025-03-01
15248,LEGAL,LEG VERIF 1,2025-03-01
95291,OTHER,ARCHIVED,2025-03-01
84640,COLLECTIONS,TELSOLUTIONS1,2025-03-01
95157,OTHER,ARCHIVED,2025-03-01
79792,INSOLVENCY,INS3,2025-03-01
98794,OTHER,ARCHIVED,2025-03-01
90869,PAYING,PAY PROP,2025-03-01
39313,INSOLVENCY,INSP,2025-03-01
21453,OTHER,ARCHIVED,2025-03-01
60001,OTHER,ARCHIVED,2025-03-01
77917,INSOLVENCY,INS3,2025-03-01
63848,OTHER,ARCHIVED,2025-03-01
55047,TRACE,GONEAWAY,2025-03-01
58434,PAYING,PAY CURR,2025-03-01
99694,LEGAL,LEG_NOT,2025-03-01
77521,SETTLED,SETTLED,2025-03-01
42247,TRACE,GONEAWAY,2025-03-01
50973,PAYING,PAY PROP,2025-03-01
91099,PAYING,PAY PROP,2025-03-01
61934,SETTLED,SETTLED,2025-03-01
16077,TRACE,GONEAWAY,2025-03-01
46986,TRACE,GONEAWAY,2025-03-01
57074,INSOLVENCY,INS4,2025-03-01
66138,INSOLVENCY,INSP,2025-03-01
13883,COLLECTIONS,CANCEL2,2025-03-01
62345,PAYING,PAY CURR,2025-03-01
94956,INSOLVENCY,INS2,2025-03-01
29836,SETTLED,SETTLED,2025-03-01
13057,INSOLVENCY,INS2,2025-03-01
18486,PAYING,PAY CURR,2025-03-01
13664,COLLECTIONS,PRIME,2025-03-01
63538,TRACE,GONEAWAY,2025-03-01
34223,LEGAL,LEG VERIF 1,2025-03-01
39966,LEGAL,HOLD FO,2025-03-01
46662,PAYING,PAY CURR,2025-03-01
14671,SETTLED,SETTLED,2025-03-01
32998,TRACE,GONEAWAY,2025-03-01
91678,SETTLED,SETTLED,2025-03-01
94751,INSOLVENCY,INS4,2025-03-01
39643,INSOLVENCY,INS4,2025-03-01
97918,INSOLVENCY,INS2,2025-03-01
33057,PAYING,PAY PROP,2025-03-01
14567,COLLECTIONS,TELSOLUTIONS4,2025-03-01
25726,TRACE,GONEAWAY,2025-03-01
74670,COLLECTIONS,PAY OVER,2025-03-01
11254,INSOLVENCY,INS4,2025-03-01
18838,TRACE,GONEAWAY,2025-03-01
93774,SETTLED,SETTLED,2025-03-01
64136,TRACE,GONEAWAY,2025-03-01
70219,INSOLVENCY,INS4,2025-03-01
45153,SETTLED,SETTLED,2025-03-01
85441,SETTLED,SETTLED,2025-03-01
21489,PAYING,PAY CURR,2025-03-01
94714,INSOLVENCY,INS2,2025-03-01
72340,INSOLVENCY,INSP,2025-03-01
59940,LEGAL,LEG_NOT,2025-03-01
66216,OTHER,ARCHIVED,2025-03-01
60840,PAYING,PAY CURR,2025-03-01
75723,COLLECTIONS,PAY OVER,2025-03-01
40540,INSOLVENCY,INSP,2025-03-01
52087,OTHER,ARCHIVED,2025-03-01
73732,OTHER,ARCHIVED,2025-03-01
47543,OTHER,ARCHIVED,2025-03-01
13989,PAYING,PAY CURR,2025-03-01
86013,COLLECTIONS,TELSOLUTIONS1,2025-03-01
21698,TRACE,GONEAWAY,2025-03-01
57417,TRACE,GONEAWAY,2025-03-01
23382,COLLECTIONS,PRIME,2025-03-01
46494,TRACE,GONEAWAY,2025-03-01
70629,COLLECTIONS,CANCEL2,2025-03-01
93496,INSOLVENCY,INS4,2025-03-01
86086,LEGAL,LEG_NOT,2025-03-01
17821,SETTLED,SETTLED,2025-03-01
27543,INSOLVENCY,INS2,2025-03-01
89176,LEGAL,LEG VERIF 2,2025-03-01
13124,SETTLED,SETTLED,2025-03-01
22367,LEGAL,LEG_NOT,2025-03-01
74428,COLLECTIONS,CASSIST2,2025-03-01
47450,PAYING,PAY PROP,2025-03-01
68126,OTHER,ARCHIVED,2025-03-01
37988,PAYING,PAY CURR,2025-03-01
97661,SETTLED,SETTLED,2025-03-01
87813,TRACE,GONEAWAY,2025-03-01
78078,COLLECTIONS,PRIME,2025-03-01
47103,INSOLVENCY,INS2,2025-03-01
37628,TRACE,GONEAWAY,2025-03-01
31658,LEGAL,HOLD FO,2025-03-01
88060,TRACE,GONEAWAY,2025-03-01
25000,LEGAL,LEG_TIT,2025-03-01
31172,PAYING,PAY CURR,2025-03-01
64246,LEGAL,LEG_NOT,2025-03-01
91435,TRACE,GONEAWAY,2025-03-01
21415,OTHER,ARCHIVED,2025-03-01
52697,SETTLED,SETTLED,2025-03-01
75042,OTHER,ARCHIVED,2025-03-01
84256,PAYING,PAY PROP,2025-03-01
20507,PAYING,PAY PROP,2025-03-01
34108,COLLECTIONS,CANCEL2,2025-03-01
45495,TRACE,GONEAWAY,2025-03-01
22047,PAYING,PAY CURR,2025-03-01
91712,TRACE,GONEAWAY,2025-03-01
77145,PAYING,PAY PROP,2025-03-01
57663,OTHER,ARCHIVED,2025-03-01
30496,OTHER,ARCHIVED,2025-03-01
99755,PAYING,PAY PROP,2025-03-01
67443,PAYING,PAY PROP,2025-03-01
39175,COLLECTIONS,TELSOLUTIONS1,2025-03-01
52219,COLLECTIONS,CANCEL4,2025-03-01
77395,COLLECTIONS,TELSOLUTIONS4,2025-03-01
91001,PAYING,PAY PROP,2025-03-01
47857,LEGAL,HOLD FO,2025-03-01
82789,COLLECTIONS,PAY OVER,2025-03-01
67303,INSOLVENCY,INS1,2025-03-01
31527,PAYING,PAY CURR,2025-03-01
67701,INSOLVENCY,INS2,2025-03-01
27800,PAYING,PAY PROP,2025-03-01
71914,SETTLED,SETTLED,2025-03-01
93809,LEGAL,LEG VERIF 1,2025-03-01
55200,PAYING,PAY PROP,2025-03-01
27620,TRACE,GONEAWAY,2025-03-01
43108,SETTLED,SETTLED,2025-03-01
79521,INSOLVENCY,INS3,2025-03-01
59505,INSOLVENCY,INS1,2025-03-01
32832,SETTLED,SETTLED,2025-03-01
45539,TRACE,GONEAWAY,2025-03-01
64713,OTHER,ARCHIVED,2025-03-01
35504,LEGAL,LEG VERIF 2,2025-03-01
24815,PAYING,PAY CURR,2025-03-01
19986,LEGAL,HOLD FO,2025-03-01
85173,INSOLVENCY,INS4,2025-03-01
66463,OTHER,ARCHIVED,2025-03-01
92889,TRACE,GONEAWAY,2025-03-01
97280,COLLECTIONS,TELSOLUTIONS4,2025-03-01
40198,PAYING,PAY CURR,2025-03-01
71048,TRACE,GONEAWAY,2025-03-01
96772,LEGAL,LEG_TIT,2025-03-01
62106,TRACE,GONEAWAY,2025-03-01
38899,LEGAL,LEG VERIF 2,2025-03-01
56961,COLLECTIONS,CANCEL2,2025-03-01
89612,INSOLVENCY,INS3,2025-03-01
52609,COLLECTIONS,PRIME_D,2025-03-01
78528,PAYING,PAY CURR,2025-03-01
88706,COLLECTIONS,PRIME,2025-03-01
28504,OTHER,ARCHIVED,2025-03-01
11356,LEGAL,HOLD FO,2025-03-01
47808,LEGAL,LEG_NOT,2025-03-01
14961,LEGAL,HOLD FO,2025-03-01
76500,TRACE,GONEAWAY,2025-03-01
66106,SETTLED,SETTLED,2025-03-01
64070,LEGAL,LEG_NOT,2025-03-01
24213,COLLECTIONS,CANCEL4,2025-03-01
36291,COLLECTIONS,PAY OVER,2025-03-01
34629,TRACE,GONEAWAY,2025-03-01
41740,LEGAL,LEG_NOT,2025-03-01
84211,INSOLVENCY,INS2,2025-03-01
61279,INSOLVENCY,INS2,2025-03-01
82526,OTHER,ARCHIVED,2025-03-01
81029,TRACE,GONEAWAY,2025-03-01
16402,COLLECTIONS,CANCEL4,2025-03-01
17880,TRACE,GONEAWAY,2025-03-01
87432,TRACE,GONEAWAY,2025-03-01
55886,COLLECTIONS,CASSIST2,2025-03-01
61550,SETTLED,SETTLED,2025-03-01
62692,LEGAL,LEG_NOT,2025-03-01
51596,OTHER,ARCHIVED,2025-03-01
94706,COLLECTIONS,CANCEL4,2025-03-01
58892,PAYING,PAY PROP,2025-03-01
45393,OTHER,ARCHIVED,2025-03-01
74699,COLLECTIONS,CANCEL2,2025-03-01
65864,SETTLED,SETTLED,2025-03-01
74894,PAYING,PAY PROP,2025-03-01
90467,TRACE,GONEAWAY,2025-03-01
86693,LEGAL,HOLD FO,2025-03-01
67504,SETTLED,SETTLED,2025-03-01
32252,SETTLED,SETTLED,2025-03-01
16628,OTHER,ARCHIVED,2025-03-01
31903,LEGAL,LEG VERIF 2,2025-03-01
20233,COLLECTIONS,CANCEL2,2025-03-01
27223,TRACE,GONEAWAY,2025-03-01
49999,OTHER,ARCHIVED,2025-03-01
52137,COLLECTIONS,CASSIST2,2025-03-01
83620,INSOLVENCY,INSP,2025-03-01
49171,TRACE,GONEAWAY,2025-03-01
60663,SETTLED,SETTLED,2025-03-01
46545,COLLECTIONS,CANCEL4,2025-03-01
48786,PAYING,PAY PROP,2025-03-01
94638,TRACE,GONEAWAY,2025-03-01
98298,OTHER,ARCHIVED,2025-03-01
86556,OTHER,ARCHIVED,2025-03-01
90725,LEGAL,LEG_NOT,2025-03-01
14117,LEGAL,HOLD FO,2025-03-01
63099,INSOLVENCY,INSP,2025-03-01
82095,SETTLED,SETTLED,2025-03-01
84455,LEGAL,HOLD FO,2025-03-01
73556,SETTLED,SETTLED,2025-03-01
53131,PAYING,PAY PROP,2025-03-01
23982,LEGAL,HOLD FO,2025-03-01
48880,OTHER,ARCHIVED,2025-03-01
82007,LEGAL,LEG VERIF 1,2025-03-01
14006,OTHER,ARCHIVED,2025-03-01
26168,OTHER,ARCHIVED,2025-03-01
33783,LEGAL,LEG_TIT,2025-03-01
35401,TRACE,GONEAWAY,2025-03-01
26696,LEGAL,LEG VERIF 2,2025-03-01
20307,PAYING,PAY CURR,2025-03-01
80451,INSOLVENCY,INS2,2025-03-01
85241,TRACE,GONEAWAY,2025-03-01
95997,SETTLED,SETTLED,2025-03-01
94928,OTHER,ARCHIVED,2025-03-01
29210,LEGAL,LEG VERIF 2,2025-03-01
58244,PAYING,PAY CURR,2025-03-01
70180,SETTLED,SETTLED,2025-03-01
78633,PAYING,PAY CURR,2025-03-01
86015,LEGAL,LEG VERIF 1,2025-03-01
91402,COLLECTIONS,CANCEL2,2025-03-01
59399,INSOLVENCY,INS3,2025-03-01
31933,COLLECTIONS,PAY OVER,2025-03-01
45548,INSOLVENCY,INS4,2025-03-01
27497,TRACE,GONEAWAY,2025-03-01
86646,TRACE,GONEAWAY,2025-03-01
21399,TRACE,GONEAWAY,2025-03-01
95599,INSOLVENCY,INS3,2025-03-01
37781,INSOLVENCY,INS1,2025-03-01
26514,COLLECTIONS,TELSOLUTIONS1,2025-03-01
11352,LEGAL,LEG VERIF 1,2025-03-01
44060,OTHER,ARCHIVED,2025-03-01
29623,OTHER,ARCHIVED,2025-03-01
19413,COLLECTIONS,CASSIST2,2025-03-01
95232,INSOLVENCY,INS3,2025-03-01
38621,COLLECTIONS,TELSOLUTIONS1,2025-03-01
92669,LEGAL,LEG VERIF 1,2025-03-01
13416,LEGAL,LEG VERIF 2,2025-03-01
32283,TRACE,GONEAWAY,2025-03-01
88716,TRACE,GONEAWAY,2025-03-01
84845,COLLECTIONS,PRIME,2025-03-01
47984,PAYING,PAY PROP,2025-03-01
82269,INSOLVENCY,INS4,2025-03-01
60048,PAYING,PAY CURR,2025-03-01
65773,INSOLVENCY,INSP,2025-03-01
29600,COLLECTIONS,PRIME,2025-03-01
80893,PAYING,PAY PROP,2025-03-01
34083,LEGAL,LEG_NOT,2025-03-01
51089,PAYING,PAY PROP,2025-03-01
74104,TRACE,GONEAWAY,2025-03-01
35861,OTHER,ARCHIVED,2025-03-01
69313,COLLECTIONS,TELSOLUTIONS1,2025-03-01
72758,COLLECTIONS,PRIME_D,2025-03-01
78987,TRACE,GONEAWAY,2025-03-01
95948,COLLECTIONS,PAY OVER,2025-03-01
97132,LEGAL,LEG_TIT,2025-03-01
82735,TRACE,GONEAWAY,2025-03-01
87394,TRACE,GONEAWAY,2025-03-01
62377,COLLECTIONS,CASSIST2,2025-03-01
66755,OTHER,ARCHIVED,2025-03-01
68436,OTHER,ARCHIVED,2025-03-01
45571,INSOLVENCY,INS3,2025-03-01
91331,TRACE,GONEAWAY,2025-03-01
85557,PAYING,PAY PROP,2025-03-01
12247,INSOLVENCY,INSP,2025-03-01
29593,LEGAL,LEG_TIT,2025-03-01
48354,TRACE,GONEAWAY,2025-03-01
30531,LEGAL,LEG_TIT,2025-03-01
58120,PAYING,PAY CURR,2025-03-01
67687,PAYING,PAY CURR,2025-03-01
98909,COLLECTIONS,CANCEL4,2025-03-01
20457,TRACE,GONEAWAY,2025-03-01
91537,INSOLVENCY,INS3,2025-03-01
37924,LEGAL,HOLD FO,2025-03-01
39116,PAYING,PAY CURR,2025-03-01
90213,OTHER,ARCHIVED,2025-03-01
40079,COLLECTIONS,CANCEL2,2025-03-01
63223,COLLECTIONS,PAY OVER,2025-03-01
89178,LEGAL,LEG_TIT,2025-03-01
60199,COLLECTIONS,PRIME,2025-03-01
65156,TRACE,GONEAWAY,2025-03-01
58473,TRACE,GONEAWAY,2025-03-01
35919,TRACE,GONEAWAY,2025-03-01
19086,SETTLED,SETTLED,2025-03-01
51216,TRACE,GONEAWAY,2025-03-01
17320,PAYING,PAY PROP,2025-03-01
94606,OTHER,ARCHIVED,2025-03-01
87459,COLLECTIONS,CANCEL2,2025-03-01
52017,TRACE,GONEAWAY,2025-03-01
16913,LEGAL,HOLD FO,2025-03-01
96425,COLLECTIONS,TELSOLUTIONS4,2025-03-01
39453,INSOLVENCY,INSP,2025-03-01
62495,INSOLVENCY,INSP,2025-03-01
78416,LEGAL,LEG VERIF 1,2025-03-01
21418,SETTLED,SETTLED,2025-03-01
50515,TRACE,GONEAWAY,2025-03-01
60947,SETTLED,SETTLED,2025-03-01
36810,TRACE,GONEAWAY,2025-03-01
61708,OTHER,ARCHIVED,2025-03-01
65428,TRACE,GONEAWAY,2025-03-01
25073,SETTLED,SETTLED,2025-03-01
63285,PAYING,PAY CURR,2025-03-01
40856,LEGAL,LEG VERIF 2,2025-03-01
13356,SETTLED,SETTLED,2025-03-01
86543,LEGAL,LEG VERIF 1,2025-03-01
96035,LEGAL,LEG VERIF 2,2025-03-01
32687,OTHER,ARCHIVED,2025-03-01
62836,INSOLVENCY,INS1,2025-03-01
43403,OTHER,ARCHIVED,2025-03-01
82324,SETTLED,SETTLED,2025-03-01
23780,INSOLVENCY,INS1,2025-03-01
83051,OTHER,ARCHIVED,2025-03-01
92829,PAYING,PAY CURR,2025-03-01
85466,LEGAL,LEG_NOT,2025-03-01
66158,TRACE,GONEAWAY,2025-03-01
30943,COLLECTIONS,PAY OVER,2025-03-01
52055,INSOLVENCY,INS3,2025-03-01
11336,TRACE,GONEAWAY,2025-03-01
66787,INSOLVENCY,INS3,2025-03-01
92255,TRACE,GONEAWAY,2025-03-01
77513,LEGAL,LEG_NOT,2025-03-01
42371,COLLECTIONS,CANCEL2,2025-03-01
10180,OTHER,ARCHIVED,2025-03-01
94193,INSOLVENCY,INS1,2025-03-01
33376,OTHER,ARCHIVED,2025-03-01
47532,PAYING,PAY CURR,2025-03-01
44289,PAYING,PAY CURR,2025-03-01
17346,COLLECTIONS,PRIME,2025-03-01
36459,SETTLED,SETTLED,2025-03-01
57819,OTHER,ARCHIVED,2025-03-01
40987,COLLECTIONS,PAY OVER,2025-03-01
26066,SETTLED,SETTLED,2025-03-01
63368,OTHER,ARCHIVED,2025-03-01
31463,COLLECTIONS,CASSIST2,2025-03-01
69833,INSOLVENCY,INS2,2025-03-01
62595,COLLECTIONS,TELSOLUTIONS4,2025-03-01
73634,COLLECTIONS,CANCEL2,2025-03-01
82487,SETTLED,SETTLED,2025-03-01
34002,TRACE,GONEAWAY,2025-03-01
86494,LEGAL,LEG_NOT,2025-03-01
46369,OTHER,ARCHIVED,2025-03-01
30817,PAYING,PAY CURR,2025-03-01
54765,OTHER,ARCHIVED,2025-03-01
42747,SETTLED,SETTLED,2025-03-01
54885,SETTLED,SETTLED,2025-03-01
17948,OTHER,ARCHIVED,2025-03-01
79212,LEGAL,LEG_TIT,2025-03-01
54549,COLLECTIONS,TELSOLUTIONS1,2025-03-01
47801,PAYING,PAY PROP,2025-03-01
73332,COLLECTIONS,TELSOLUTIONS4,2025-03-01
89946,INSOLVENCY,INS3,2025-03-01
33687,LEGAL,LEG_TIT,2025-03-01
41979,PAYING,PAY PROP,2025-03-01
15680,SETTLED,SETTLED,2025-03-01
55558,PAYING,PAY PROP,2025-03-01
30746,TRACE,GONEAWAY,2025-03-01
89082,SETTLED,SETTLED,2025-03-01
37744,COLLECTIONS,PRIME_D,2025-03-01
46588,LEGAL,LEG_TIT,2025-03-01
14184,TRACE,GONEAWAY,2025-03-01
91173,PAYING,PAY CURR,2025-03-01
74228,INSOLVENCY,INS2,2025-03-01
86347,PAYING,PAY CURR,2025-03-01
16198,COLLECTIONS,PRIME,2025-03-01
97989,PAYING,PAY PROP,2025-03-01
13484,PAYING,PAY PROP,2025-03-01
81469,COLLECTIONS,PRIME_D,2025-03-01
48606,PAYING,PAY CURR,2025-03-01
57791,INSOLVENCY,INSP,2025-03-01
89637,COLLECTIONS,PRIME,2025-03-01
58064,TRACE,GONEAWAY,2025-03-01
55030,LEGAL,HOLD FO,2025-03-01
87921,PAYING,PAY CURR,2025-03-01
83785,TRACE,GONEAWAY,2025-03-01
57726,PAYING,PAY PROP,2025-03-01
90540,LEGAL,LEG VERIF 2,2025-03-01
54123,OTHER,ARCHIVED,2025-03-01
10585,PAYING,PAY CURR,2025-03-01
84118,PAYING,PAY CURR,2025-03-01
73980,SETTLED,SETTLED,2025-03-01
77356,COLLECTIONS,PRIME_D,2025-03-01
99999,LEGAL,LEG_NOT,2025-03-01
26686,INSOLVENCY,INS3,2025-04-01
48388,COLLECTIONS,TELSOLUTIONS4,2025-04-01
81634,INSOLVENCY,INS1,2025-04-01
39776,COLLECTIONS,PRIME_D,2025-04-01
70437,LEGAL,LEG VERIF 2,2025-04-01
25635,LEGAL,LEG_NOT,2025-04-01
72278,TRACE,GONEAWAY,2025-04-01
43314,SETTLED,SETTLED,2025-04-01
77262,COLLECTIONS,TELSOLUTIONS1,2025-04-01
68484,INSOLVENCY,INSP,2025-04-01
54341,LEGAL,LEG VERIF 1,2025-04-01
25733,LEGAL,LEG_NOT,2025-04-01
83776,COLLECTIONS,PRIME,2025-04-01
10506,LEGAL,LEG VERIF 2,2025-04-01
54275,SETTLED,SETTLED,2025-04-01
78353,LEGAL,LEG VERIF 1,2025-04-01
91558,SETTLED,SETTLED,2025-04-01
85922,OTHER,ARCHIVED,2025-04-01
44476,OTHER,ARCHIVED,2025-04-01
15757,SETTLED,SETTLED,2025-04-01
55044,INSOLVENCY,INS4,2025-04-01
26918,COLLECTIONS,TELSOLUTIONS1,2025-04-01
11916,SETTLED,SETTLED,2025-04-01
91710,INSOLVENCY,INS4,2025-04-01
15004,SETTLED,SETTLED,2025-04-01
40659,LEGAL,HOLD FO,2025-04-01
98254,INSOLVENCY,INS3,2025-04-01
43882,INSOLVENCY,INS4,2025-04-01
54718,COLLECTIONS,CANCEL4,2025-04-01
61582,TRACE,GONEAWAY,2025-04-01
60011,PAYING,PAY PROP,2025-04-01
94400,SETTLED,SETTLED,2025-04-01
92221,PAYING,PAY CURR,2025-04-01
46992,LEGAL,LEG VERIF 2,2025-04-01
91142,COLLECTIONS,CASSIST2,2025-04-01
46155,LEGAL,HOLD FO,2025-04-01
88654,OTHER,ARCHIVED,2025-04-01
19372,LEGAL,HOLD FO,2025-04-01
58984,INSOLVENCY,INSP,2025-04-01
49823,TRACE,GONEAWAY,2025-04-01
54296,TRACE,GONEAWAY,2025-04-01
44286,LEGAL,LEG VERIF 2,2025-04-01
11449,OTHER,ARCHIVED,2025-04-01
33347,COLLECTIONS,PAY OVER,2025-04-01
19523,PAYING,PAY CURR,2025-04-01
44502,SETTLED,SETTLED,2025-04-01
89313,SETTLED,SETTLED,2025-04-01
19675,TRACE,GONEAWAY,2025-04-01
83943,SETTLED,SETTLED,2025-04-01
68861,LEGAL,LEG VERIF 2,2025-04-01
53017,TRACE,GONEAWAY,2025-04-01
55992,LEGAL,LEG VERIF 2,2025-04-01
53016,OTHER,ARCHIVED,2025-04-01
10474,OTHER,ARCHIVED,2025-04-01
95274,OTHER,ARCHIVED,2025-04-01
47933,INSOLVENCY,INS4,2025-04-01
19099,LEGAL,LEG VERIF 1,2025-04-01
39629,SETTLED,SETTLED,2025-04-01
28442,SETTLED,SETTLED,2025-04-01
95324,OTHER,ARCHIVED,2025-04-01
98172,PAYING,PAY PROP,2025-04-01
27789,PAYING,PAY CURR,2025-04-01
59344,PAYING,PAY PROP,2025-04-01
31233,INSOLVENCY,INS3,2025-04-01
42494,LEGAL,HOLD FO,2025-04-01
93257,LEGAL,LEG_TIT,2025-04-01
28382,LEGAL,LEG_NOT,2025-04-01
91658,COLLECTIONS,TELSOLUTIONS4,2025-04-01
69791,PAYING,PAY CURR,2025-04-01
41546,OTHER,ARCHIVED,2025-04-01
65559,INSOLVENCY,INSP,2025-04-01
13787,INSOLVENCY,INS2,2025-04-01
83652,INSOLVENCY,INS4,2025-04-01
71125,COLLECTIONS,TELSOLUTIONS4,2025-04-01
35227,LEGAL,HOLD FO,2025-04-01
17413,OTHER,ARCHIVED,2025-04-01
38921,COLLECTIONS,CANCEL2,2025-04-01
95230,PAYING,PAY CURR,2025-04-01
13861,LEGAL,LEG_TIT,2025-04-01
21707,SETTLED,SETTLED,2025-04-01
13206,OTHER,ARCHIVED,2025-04-01
15248,LEGAL,HOLD FO,2025-04-01
95291,OTHER,ARCHIVED,2025-04-01
84640,COLLECTIONS,TELSOLUTIONS1,2025-04-01
95157,COLLECTIONS,CASSIST2,2025-04-01
79792,INSOLVENCY,INS3,2025-04-01
98794,LEGAL,LEG_TIT,2025-04-01
90869,COLLECTIONS,TELSOLUTIONS4,2025-04-01
39313,INSOLVENCY,INSP,2025-04-01
21453,OTHER,ARCHIVED,2025-04-01
60001,TRACE,GONEAWAY,2025-04-01
77917,PAYING,PAY PROP,2025-04-01
63848,OTHER,ARCHIVED,2025-04-01
55047,TRACE,GONEAWAY,2025-04-01
58434,PAYING,PAY CURR,2025-04-01
99694,LEGAL,LEG_NOT,2025-04-01
77521,SETTLED,SETTLED,2025-04-01
42247,TRACE,GONEAWAY,2025-04-01
50973,PAYING,PAY PROP,2025-04-01
91099,PAYING,PAY PROP,2025-04-01
61934,INSOLVENCY,INS2,2025-04-01
16077,COLLECTIONS,CANCEL4,2025-04-01
46986,TRACE,GONEAWAY,2025-04-01
57074,INSOLVENCY,INS4,2025-04-01
66138,INSOLVENCY,INSP,2025-04-01
13883,LEGAL,LEG_TIT,2025-04-01
62345,PAYING,PAY CURR,2025-04-01
94956,INSOLVENCY,INSP,2025-04-01
29836,OTHER,ARCHIVED,2025-04-01
13057,INSOLVENCY,INS2,2025-04-01
18486,LEGAL,HOLD FO,2025-04-01
13664,COLLECTIONS,PRIME,2025-04-01
63538,SETTLED,SETTLED,2025-04-01
34223,INSOLVENCY,INS3,2025-04-01
39966,PAYING,PAY CURR,2025-04-01
46662,OTHER,ARCHIVED,2025-04-01
14671,SETTLED,SETTLED,2025-04-01
32998,TRACE,GONEAWAY,2025-04-01
91678,SETTLED,SETTLED,2025-04-01
94751,INSOLVENCY,INS4,2025-04-01
39643,OTHER,ARCHIVED,2025-04-01
97918,INSOLVENCY,INS2,2025-04-01
33057,PAYING,PAY PROP,2025-04-01
14567,COLLECTIONS,TELSOLUTIONS4,2025-04-01
25726,TRACE,GONEAWAY,2025-04-01
74670,COLLECTIONS,PAY OVER,2025-04-01
11254,INSOLVENCY,INS4,2025-04-01
18838,TRACE,GONEAWAY,2025-04-01
93774,OTHER,ARCHIVED,2025-04-01
64136,TRACE,GONEAWAY,2025-04-01
70219,INSOLVENCY,INS4,2025-04-01
45153,SETTLED,SETTLED,2025-04-01
85441,SETTLED,SETTLED,2025-04-01
21489,SETTLED,SETTLED,2025-04-01
94714,INSOLVENCY,INS2,2025-04-01
72340,INSOLVENCY,INSP,2025-04-01
59940,LEGAL,LEG_NOT,2025-04-01
66216,LEGAL,LEG VERIF 1,2025-04-01
60840,INSOLVENCY,INS3,2025-04-01
75723,COLLECTIONS,PAY OVER,2025-04-01
40540,COLLECTIONS,PAY OVER,2025-04-01
52087,LEGAL,LEG_NOT,2025-04-01
73732,OTHER,ARCHIVED,2025-04-01
47543,OTHER,ARCHIVED,2025-04-01
13989,COLLECTIONS,PAY OVER,2025-04-01
86013,SETTLED,SETTLED,2025-04-01
21698,TRACE,GONEAWAY,2025-04-01
57417,TRACE,GONEAWAY,2025-04-01
23382,SETTLED,SETTLED,2025-04-01
46494,COLLECTIONS,PAY OVER,2025-04-01
70629,SETTLED,SETTLED,2025-04-01
93496,INSOLVENCY,INS4,2025-04-01
86086,INSOLVENCY,INSP,2025-04-01
17821,PAYING,PAY PROP,2025-04-01
27543,PAYING,PAY CURR,2025-04-01
89176,LEGAL,LEG VERIF 2,2025-04-01
13124,SETTLED,SETTLED,2025-04-01
22367,OTHER,ARCHIVED,2025-04-01
74428,PAYING,PAY CURR,2025-04-01
47450,PAYING,PAY PROP,2025-04-01
68126,OTHER,ARCHIVED,2025-04-01
37988,INSOLVENCY,INS2,2025-04-01
97661,LEGAL,LEG VERIF 2,2025-04-01
87813,OTHER,ARCHIVED,2025-04-01
78078,COLLECTIONS,PRIME,2025-04-01
47103,PAYING,PAY PROP,2025-04-01
37628,LEGAL,HOLD FO,2025-04-01
31658,INSOLVENCY,INS1,2025-04-01
88060,TRACE,GONEAWAY,2025-04-01
25000,LEGAL,LEG_NOT,2025-04-01
31172,PAYING,PAY CURR,2025-04-01
64246,LEGAL,LEG_NOT,2025-04-01
91435,TRACE,GONEAWAY,2025-04-01
21415,OTHER,ARCHIVED,2025-04-01
52697,TRACE,GONEAWAY,2025-04-01
75042,TRACE,GONEAWAY,2025-04-01
84256,PAYING,PAY PROP,2025-04-01
20507,PAYING,PAY PROP,2025-04-01
34108,COLLECTIONS,CANCEL2,2025-04-01
45495,PAYING,PAY PROP,2025-04-01
22047,COLLECTIONS,CANCEL2,2025-04-01
91712,OTHER,ARCHIVED,2025-04-01
77145,PAYING,PAY CURR,2025-04-01
57663,INSOLVENCY,INS2,2025-04-01
30496,LEGAL,LEG VERIF 2,2025-04-01
99755,PAYING,PAY PROP,2025-04-01
67443,PAYING,PAY PROP,2025-04-01
39175,SETTLED,SETTLED,2025-04-01
52219,COLLECTIONS,CANCEL4,2025-04-01
77395,SETTLED,SETTLED,2025-04-01
91001,PAYING,PAY PROP,2025-04-01
47857,LEGAL,HOLD FO,2025-04-01
82789,COLLECTIONS,PAY OVER,2025-04-01
67303,INSOLVENCY,INS1,2025-04-01
31527,TRACE,GONEAWAY,2025-04-01
67701,INSOLVENCY,INS2,2025-04-01
27800,PAYING,PAY PROP,2025-04-01
71914,SETTLED,SETTLED,2025-04-01
93809,PAYING,PAY PROP,2025-04-01
55200,COLLECTIONS,CANCEL2,2025-04-01
27620,SETTLED,SETTLED,2025-04-01
43108,SETTLED,SETTLED,2025-04-01
79521,INSOLVENCY,INS3,2025-04-01
59505,INSOLVENCY,INS1,2025-04-01
32832,SETTLED,SETTLED,2025-04-01
45539,TRACE,GONEAWAY,2025-04-01
64713,OTHER,ARCHIVED,2025-04-01
35504,PAYING,PAY CURR,2025-04-01
24815,PAYING,PAY CURR,2025-04-01
19986,LEGAL,HOLD FO,2025-04-01
85173,INSOLVENCY,INS4,2025-04-01
66463,OTHER,ARCHIVED,2025-04-01
92889,TRACE,GONEAWAY,2025-04-01
97280,LEGAL,LEG VERIF 1,2025-04-01
40198,LEGAL,HOLD FO,2025-04-01
71048,TRACE,GONEAWAY,2025-04-01
96772,SETTLED,SETTLED,2025-04-01
62106,OTHER,ARCHIVED,2025-04-01
38899,LEGAL,LEG VERIF 2,2025-04-01
56961,COLLECTIONS,CANCEL2,2025-04-01
89612,COLLECTIONS,CASSIST2,2025-04-01
52609,COLLECTIONS,PRIME_D,2025-04-01
78528,LEGAL,LEG VERIF 2,2025-04-01
88706,COLLECTIONS,CANCEL4,2025-04-01
28504,OTHER,ARCHIVED,2025-04-01
11356,LEGAL,HOLD FO,2025-04-01
47808,LEGAL,LEG_NOT,2025-04-01
14961,LEGAL,HOLD FO,2025-04-01
76500,TRACE,GONEAWAY,2025-04-01
66106,SETTLED,SETTLED,2025-04-01
64070,LEGAL,LEG_NOT,2025-04-01
24213,COLLECTIONS,CANCEL4,2025-04-01
36291,TRACE,GONEAWAY,2025-04-01
34629,PAYING,PAY CURR,2025-04-01
41740,LEGAL,LEG_NOT,2025-04-01
84211,PAYING,PAY PROP,2025-04-01
61279,INSOLVENCY,INS2,2025-04-01
82526,OTHER,ARCHIVED,2025-04-01
81029,TRACE,GONEAWAY,2025-04-01
16402,COLLECTIONS,CANCEL4,2025-04-01
17880,TRACE,GONEAWAY,2025-04-01
87432,SETTLED,SETTLED,2025-04-01
55886,COLLECTIONS,CASSIST2,2025-04-01
61550,PAYING,PAY CURR,2025-04-01
62692,COLLECTIONS,TELSOLUTIONS4,2025-04-01
51596,OTHER,ARCHIVED,2025-04-01
94706,COLLECTIONS,CANCEL4,2025-04-01
58892,PAYING,PAY PROP,2025-04-01
45393,SETTLED,SETTLED,2025-04-01
74699,COLLECTIONS,CANCEL2,2025-04-01
65864,SETTLED,SETTLED,2025-04-01
74894,PAYING,PAY PROP,2025-04-01
90467,COLLECTIONS,CASSIST2,2025-04-01
86693,TRACE,GONEAWAY,2025-04-01
67504,SETTLED,SETTLED,2025-04-01
32252,COLLECTIONS,PRIME_D,2025-04-01
16628,INSOLVENCY,INS2,2025-04-01
31903,LEGAL,LEG VERIF 2,2025-04-01
20233,COLLECTIONS,PRIME_D,2025-04-01
27223,TRACE,GONEAWAY,2025-04-01
49999,SETTLED,SETTLED,2025-04-01
52137,COLLECTIONS,CASSIST2,2025-04-01
83620,INSOLVENCY,INSP,2025-04-01
49171,TRACE,GONEAWAY,2025-04-01
60663,SETTLED,SETTLED,2025-04-01
46545,COLLECTIONS,CANCEL4,2025-04-01
48786,PAYING,PAY PROP,2025-04-01
94638,TRACE,GONEAWAY,2025-04-01
98298,TRACE,GONEAWAY,2025-04-01
86556,OTHER,ARCHIVED,2025-04-01
90725,TRACE,GONEAWAY,2025-04-01
14117,TRACE,GONEAWAY,2025-04-01
63099,INSOLVENCY,INSP,2025-04-01
82095,PAYING,PAY CURR,2025-04-01
84455,LEGAL,HOLD FO,2025-04-01
73556,SETTLED,SETTLED,2025-04-01
53131,PAYING,PAY PROP,2025-04-01
23982,PAYING,PAY CURR,2025-04-01
48880,TRACE,GONEAWAY,2025-04-01
82007,PAYING,PAY CURR,2025-04-01
14006,PAYING,PAY PROP,2025-04-01
26168,PAYING,PAY PROP,2025-04-01
33783,LEGAL,LEG_TIT,2025-04-01
35401,TRACE,GONEAWAY,2025-04-01
26696,LEGAL,LEG VERIF 2,2025-04-01
20307,PAYING,PAY CURR,2025-04-01
80451,INSOLVENCY,INS2,2025-04-01
85241,TRACE,GONEAWAY,2025-04-01
95997,TRACE,GONEAWAY,2025-04-01
94928,OTHER,ARCHIVED,2025-04-01
29210,LEGAL,LEG VERIF 2,2025-04-01
58244,INSOLVENCY,INS4,2025-04-01
70180,COLLECTIONS,CANCEL2,2025-04-01
78633,LEGAL,HOLD FO,2025-04-01
86015,LEGAL,LEG VERIF 1,2025-04-01
91402,COLLECTIONS,CANCEL2,2025-04-01
59399,COLLECTIONS,TELSOLUTIONS1,2025-04-01
31933,SETTLED,SETTLED,2025-04-01
45548,INSOLVENCY,INS4,2025-04-01
27497,LEGAL,LEG VERIF 1,2025-04-01
86646,TRACE,GONEAWAY,2025-04-01
21399,TRACE,GONEAWAY,2025-04-01
95599,COLLECTIONS,PRIME,2025-04-01
37781,INSOLVENCY,INS1,2025-04-01
26514,COLLECTIONS,TELSOLUTIONS1,2025-04-01
11352,LEGAL,LEG VERIF 1,2025-04-01
44060,INSOLVENCY,INS1,2025-04-01
29623,OTHER,ARCHIVED,2025-04-01
19413,COLLECTIONS,CASSIST2,2025-04-01
95232,INSOLVENCY,INS3,2025-04-01
38621,TRACE,GONEAWAY,2025-04-01
92669,SETTLED,SETTLED,2025-04-01
13416,LEGAL,LEG VERIF 2,2025-04-01
32283,TRACE,GONEAWAY,2025-04-01
88716,SETTLED,SETTLED,2025-04-01
84845,COLLECTIONS,PRIME,2025-04-01
47984,TRACE,GONEAWAY,2025-04-01
82269,INSOLVENCY,INS4,2025-04-01
60048,TRACE,GONEAWAY,2025-04-01
65773,INSOLVENCY,INSP,2025-04-01
29600,COLLECTIONS,PRIME,2025-04-01
80893,PAYING,PAY PROP,2025-04-01
34083,LEGAL,LEG_NOT,2025-04-01
51089,PAYING,PAY PROP,2025-04-01
74104,TRACE,GONEAWAY,2025-04-01
35861,OTHER,ARCHIVED,2025-04-01
69313,SETTLED,SETTLED,2025-04-01
72758,TRACE,GONEAWAY,2025-04-01
78987,PAYING,PAY PROP,2025-04-01
95948,INSOLVENCY,INS4,2025-04-01
97132,LEGAL,LEG_TIT,2025-04-01
82735,TRACE,GONEAWAY,2025-04-01
87394,TRACE,GONEAWAY,2025-04-01
62377,INSOLVENCY,INS1,2025-04-01
66755,COLLECTIONS,PRIME_D,2025-04-01
68436,OTHER,ARCHIVED,2025-04-01
45571,INSOLVENCY,INS3,2025-04-01
91331,INSOLVENCY,INS1,2025-04-01
85557,PAYING,PAY PROP,2025-04-01
12247,INSOLVENCY,INSP,2025-04-01
29593,COLLECTIONS,PRIME_D,2025-04-01
48354,TRACE,GONEAWAY,2025-04-01
30531,SETTLED,SETTLED,2025-04-01
58120,PAYING,PAY CURR,2025-04-01
67687,PAYING,PAY CURR,2025-04-01
98909,PAYING,PAY PROP,2025-04-01
20457,OTHER,ARCHIVED,2025-04-01
91537,INSOLVENCY,INS3,2025-04-01
37924,LEGAL,HOLD FO,2025-04-01
39116,COLLECTIONS,PAY OVER,2025-04-01
90213,LEGAL,HOLD FO,2025-04-01
40079,TRACE,GONEAWAY,2025-04-01
63223,COLLECTIONS,PAY OVER,2025-04-01
89178,LEGAL,LEG_NOT,2025-04-01
60199,INSOLVENCY,INS1,2025-04-01
65156,TRACE,GONEAWAY,2025-04-01
58473,PAYING,PAY PROP,2025-04-01
35919,TRACE,GONEAWAY,2025-04-01
19086,SETTLED,SETTLED,2025-04-01
51216,TRACE,GONEAWAY,2025-04-01
17320,PAYING,PAY PROP,2025-04-01
94606,OTHER,ARCHIVED,2025-04-01
87459,COLLECTIONS,CANCEL2,2025-04-01
52017,OTHER,ARCHIVED,2025-04-01
16913,LEGAL,HOLD FO,2025-04-01
96425,COLLECTIONS,TELSOLUTIONS4,2025-04-01
39453,LEGAL,LEG VERIF 2,2025-04-01
62495,SETTLED,SETTLED,2025-04-01
78416,LEGAL,LEG VERIF 1,2025-04-01
21418,SETTLED,SETTLED,2025-04-01
50515,TRACE,GONEAWAY,2025-04-01
60947,SETTLED,SETTLED,2025-04-01
36810,TRACE,GONEAWAY,2025-04-01
61708,SETTLED,SETTLED,2025-04-01
65428,TRACE,GONEAWAY,2025-04-01
25073,COLLECTIONS,PAY OVER,2025-04-01
63285,PAYING,PAY CURR,2025-04-01
40856,LEGAL,LEG VERIF 2,2025-04-01
13356,COLLECTIONS,PAY OVER,2025-04-01
86543,LEGAL,LEG VERIF 1,2025-04-01
96035,LEGAL,LEG VERIF 2,2025-04-01
32687,OTHER,ARCHIVED,2025-04-01
62836,SETTLED,SETTLED,2025-04-01
43403,OTHER,ARCHIVED,2025-04-01
82324,LEGAL,LEG_NOT,2025-04-01
23780,TRACE,GONEAWAY,2025-04-01
83051,OTHER,ARCHIVED,2025-04-01
92829,PAYING,PAY CURR,2025-04-01
85466,SETTLED,SETTLED,2025-04-01
66158,PAYING,PAY PROP,2025-04-01
30943,COLLECTIONS,PAY OVER,2025-04-01
52055,INSOLVENCY,INS3,2025-04-01
11336,TRACE,GONEAWAY,2025-04-01
66787,INSOLVENCY,INS3,2025-04-01
92255,TRACE,GONEAWAY,2025-04-01
77513,LEGAL,LEG_NOT,2025-04-01
42371,SETTLED,SETTLED,2025-04-01
10180,OTHER,ARCHIVED,2025-04-01
94193,INSOLVENCY,INS1,2025-04-01
33376,OTHER,ARCHIVED,2025-04-01
47532,SETTLED,SETTLED,2025-04-01
44289,OTHER,ARCHIVED,2025-04-01
17346,COLLECTIONS,PRIME,2025-04-01
36459,PAYING,PAY CURR,2025-04-01
57819,INSOLVENCY,INSP,2025-04-01
40987,COLLECTIONS,PAY OVER,2025-04-01
26066,SETTLED,SETTLED,2025-04-01
63368,SETTLED,SETTLED,2025-04-01
31463,OTHER,ARCHIVED,2025-04-01
69833,INSOLVENCY,INS2,2025-04-01
62595,COLLECTIONS,TELSOLUTIONS4,2025-04-01
73634,COLLECTIONS,TELSOLUTIONS4,2025-04-01
82487,SETTLED,SETTLED,2025-04-01
34002,TRACE,GONEAWAY,2025-04-01
86494,LEGAL,LEG_NOT,2025-04-01
46369,OTHER,ARCHIVED,2025-04-01
30817,PAYING,PAY CURR,2025-04-01
54765,LEGAL,LEG_TIT,2025-04-01
42747,SETTLED,SETTLED,2025-04-01
54885,SETTLED,SETTLED,2025-04-01
17948,LEGAL,LEG_NOT,2025-04-01
79212,LEGAL,LEG_TIT,2025-04-01
54549,INSOLVENCY,INSP,2025-04-01
47801,PAYING,PAY PROP,2025-04-01
73332,COLLECTIONS,TELSOLUTIONS4,2025-04-01
89946,INSOLVENCY,INS3,2025-04-01
33687,LEGAL,LEG_TIT,2025-04-01
41979,PAYING,PAY PROP,2025-04-01
15680,SETTLED,SETTLED,2025-04-01
55558,COLLECTIONS,PAY OVER,2025-04-01
30746,TRACE,GONEAWAY,2025-04-01
89082,TRACE,GONEAWAY,2025-04-01
37744,COLLECTIONS,PRIME_D,2025-04-01
46588,PAYING,PAY CURR,2025-04-01
14184,TRACE,GONEAWAY,2025-04-01
91173,PAYING,PAY CURR,2025-04-01
74228,INSOLVENCY,INS2,2025-04-01
86347,PAYING,PAY CURR,2025-04-01
16198,LEGAL,LEG_NOT,2025-04-01
97989,PAYING,PAY PROP,2025-04-01
13484,INSOLVENCY,INS3,2025-04-01
81469,COLLECTIONS,PRIME_D,2025-04-01
48606,SETTLED,SETTLED,2025-04-01
57791,TRACE,GONEAWAY,2025-04-01
89637,COLLECTIONS,PRIME,2025-04-01
58064,TRACE,GONEAWAY,2025-04-01
55030,LEGAL,HOLD FO,2025-04-01
87921,COLLECTIONS,PAY OVER,2025-04-01
83785,TRACE,GONEAWAY,2025-04-01
57726,PAYING,PAY PROP,2025-04-01
90540,LEGAL,LEG VERIF 2,2025-04-01
54123,OTHER,ARCHIVED,2025-04-01
10585,PAYING,PAY CURR,2025-04-01
84118,PAYING,PAY CURR,2025-04-01
73980,SETTLED,SETTLED,2025-04-01
77356,COLLECTIONS,PRIME_D,2025-04-01
59502,TRACE,GONEAWAY,2025-04-01
27482,COLLECTIONS,CANCEL4,2025-04-01
71242,PAYING,PAY PROP,2025-04-01
25633,COLLECTIONS,CASSIST2,2025-04-01
77426,SETTLED,SETTLED,2025-04-01
51246,LEGAL,LEG_TIT,2025-04-01
17670,OTHER,ARCHIVED,2025-04-01
17232,TRACE,GONEAWAY,2025-04-01
52436,PAYING,PAY PROP,2025-04-01
10869,COLLECTIONS,PRIME_D,2025-04-01
37798,COLLECTIONS,TELSOLUTIONS1,2025-04-01
93890,INSOLVENCY,INS2,2025-04-01
17993,INSOLVENCY,INS2,2025-04-01
77013,INSOLVENCY,INS4,2025-04-01
26742,LEGAL,LEG_NOT,2025-04-01
42252,COLLECTIONS,PRIME,2025-04-01
79279,OTHER,ARCHIVED,2025-04-01
32552,OTHER,ARCHIVED,2025-04-01
72838,INSOLVENCY,INS3,2025-04-01
67396,LEGAL,LEG VERIF 1,2025-04-01
99999,LEGAL,LEG_NOT,2025-04-01
26686,INSOLVENCY,INS3,2025-05-01
48388,COLLECTIONS,TELSOLUTIONS4,2025-05-01
81634,INSOLVENCY,INS3,2025-05-01
39776,OTHER,ARCHIVED,2025-05-01
70437,PAYING,PAY CURR,2025-05-01
25635,LEGAL,LEG_NOT,2025-05-01
72278,TRACE,GONEAWAY,2025-05-01
43314,LEGAL,LEG_NOT,2025-05-01
77262,COLLECTIONS,PRIME_D,2025-05-01
68484,INSOLVENCY,INS1,2025-05-01
54341,LEGAL,HOLD FO,2025-05-01
25733,COLLECTIONS,PRIME_D,2025-05-01
83776,COLLECTIONS,PRIME,2025-05-01
10506,LEGAL,LEG VERIF 2,2025-05-01
54275,SETTLED,SETTLED,2025-05-01
78353,LEGAL,LEG VERIF 1,2025-05-01
91558,SETTLED,SETTLED,2025-05-01
85922,OTHER,ARCHIVED,2025-05-01
44476,TRACE,GONEAWAY,2025-05-01
15757,TRACE,GONEAWAY,2025-05-01
55044,INSOLVENCY,INS4,2025-05-01
26918,COLLECTIONS,TELSOLUTIONS1,2025-05-01
11916,OTHER,ARCHIVED,2025-05-01
91710,INSOLVENCY,INS4,2025-05-01
15004,OTHER,ARCHIVED,2025-05-01
40659,LEGAL,HOLD FO,2025-05-01
98254,LEGAL,LEG VERIF 2,2025-05-01
43882,SETTLED,SETTLED,2025-05-01
54718,COLLECTIONS,CANCEL4,2025-05-01
61582,TRACE,GONEAWAY,2025-05-01
60011,PAYING,PAY PROP,2025-05-01
94400,SETTLED,SETTLED,2025-05-01
92221,PAYING,PAY CURR,2025-05-01
46992,TRACE,GONEAWAY,2025-05-01
91142,COLLECTIONS,CASSIST2,2025-05-01
46155,OTHER,ARCHIVED,2025-05-01
88654,OTHER,ARCHIVED,2025-05-01
19372,LEGAL,HOLD FO,2025-05-01
58984,INSOLVENCY,INSP,2025-05-01
49823,TRACE,GONEAWAY,2025-05-01
54296,TRACE,GONEAWAY,2025-05-01
44286,LEGAL,LEG VERIF 2,2025-05-01
11449,OTHER,ARCHIVED,2025-05-01
33347,COLLECTIONS,PAY OVER,2025-05-01
19523,PAYING,PAY CURR,2025-05-01
44502,SETTLED,SETTLED,2025-05-01
89313,SETTLED,SETTLED,2025-05-01
19675,OTHER,ARCHIVED,2025-05-01
83943,COLLECTIONS,PAY OVER,2025-05-01
68861,LEGAL,LEG VERIF 2,2025-05-01
53017,INSOLVENCY,INS2,2025-05-01
55992,COLLECTIONS,TELSOLUTIONS4,2025-05-01
53016,PAYING,PAY PROP,2025-05-01
10474,INSOLVENCY,INS1,2025-05-01
95274,SETTLED,SETTLED,2025-05-01
47933,PAYING,PAY PROP,2025-05-01
19099,TRACE,GONEAWAY,2025-05-01
39629,PAYING,PAY CURR,2025-05-01
28442,OTHER,ARCHIVED,2025-05-01
95324,TRACE,GONEAWAY,2025-05-01
98172,PAYING,PAY PROP,2025-05-01
27789,PAYING,PAY CURR,2025-05-01
59344,LEGAL,LEG VERIF 1,2025-05-01
31233,INSOLVENCY,INS3,2025-05-01
42494,LEGAL,HOLD FO,2025-05-01
93257,LEGAL,LEG_TIT,2025-05-01
28382,SETTLED,SETTLED,2025-05-01
91658,LEGAL,LEG_NOT,2025-05-01
69791,TRACE,GONEAWAY,2025-05-01
41546,OTHER,ARCHIVED,2025-05-01
65559,PAYING,PAY PROP,2025-05-01
13787,INSOLVENCY,INS2,2025-05-01
83652,INSOLVENCY,INS4,2025-05-01
71125,TRACE,GONEAWAY,2025-05-01
35227,LEGAL,LEG_TIT,2025-05-01
17413,OTHER,ARCHIVED,2025-05-01
38921,INSOLVENCY,INSP,2025-05-01
95230,PAYING,PAY CURR,2025-05-01
13861,TRACE,GONEAWAY,2025-05-01
21707,PAYING,PAY PROP,2025-05-01
13206,OTHER,ARCHIVED,2025-05-01
15248,LEGAL,HOLD FO,2025-05-01
95291,OTHER,ARCHIVED,2025-05-01
84640,COLLECTIONS,TELSOLUTIONS1,2025-05-01
95157,COLLECTIONS,CASSIST2,2025-05-01
79792,INSOLVENCY,INS3,2025-05-01
98794,PAYING,PAY CURR,2025-05-01
90869,PAYING,PAY PROP,2025-05-01
39313,COLLECTIONS,TELSOLUTIONS1,2025-05-01
21453,OTHER,ARCHIVED,2025-05-01
60001,INSOLVENCY,INS3,2025-05-01
77917,PAYING,PAY PROP,2025-05-01
63848,LEGAL,LEG VERIF 1,2025-05-01
55047,COLLECTIONS,CANCEL2,2025-05-01
58434,PAYING,PAY CURR,2025-05-01
99694,LEGAL,LEG_NOT,2025-05-01
77521,SETTLED,SETTLED,2025-05-01
42247,TRACE,GONEAWAY,2025-05-01
50973,PAYING,PAY PROP,2025-05-01
91099,INSOLVENCY,INSP,2025-05-01
61934,INSOLVENCY,INS2,2025-05-01
16077,COLLECTIONS,CANCEL4,2025-05-01
46986,LEGAL,LEG_NOT,2025-05-01
57074,SETTLED,SETTLED,2025-05-01
66138,INSOLVENCY,INS3,2025-05-01
13883,LEGAL,LEG_TIT,2025-05-01
62345,PAYING,PAY CURR,2025-05-01
94956,PAYING,PAY PROP,2025-05-01
29836,PAYING,PAY PROP,2025-05-01
13057,INSOLVENCY,INS2,2025-05-01
18486,COLLECTIONS,TELSOLUTIONS1,2025-05-01
13664,COLLECTIONS,PRIME,2025-05-01
63538,SETTLED,SETTLED,2025-05-01
34223,INSOLVENCY,INS3,2025-05-01
39966,PAYING,PAY CURR,2025-05-01
46662,OTHER,ARCHIVED,2025-05-01
14671,SETTLED,SETTLED,2025-05-01
32998,LEGAL,LEG_NOT,2025-05-01
91678,SETTLED,SETTLED,2025-05-01
94751,INSOLVENCY,INS4,2025-05-01
39643,INSOLVENCY,INS2,2025-05-01
97918,LEGAL,LEG VERIF 2,2025-05-01
33057,PAYING,PAY PROP,2025-05-01
14567,COLLECTIONS,TELSOLUTIONS4,2025-05-01
25726,TRACE,GONEAWAY,2025-05-01
74670,COLLECTIONS,PAY OVER,2025-05-01
11254,INSOLVENCY,INS4,2025-05-01
18838,COLLECTIONS,TELSOLUTIONS1,2025-05-01
93774,OTHER,ARCHIVED,2025-05-01
64136,TRACE,GONEAWAY,2025-05-01
70219,SETTLED,SETTLED,2025-05-01
45153,INSOLVENCY,INS3,2025-05-01
85441,SETTLED,SETTLED,2025-05-01
21489,TRACE,GONEAWAY,2025-05-01
94714,TRACE,GONEAWAY,2025-05-01
72340,INSOLVENCY,INSP,2025-05-01
59940,LEGAL,LEG_TIT,2025-05-01
66216,LEGAL,LEG VERIF 1,2025-05-01
60840,INSOLVENCY,INS3,2025-05-01
75723,LEGAL,LEG_NOT,2025-05-01
40540,COLLECTIONS,PAY OVER,2025-05-01
52087,LEGAL,LEG VERIF 2,2025-05-01
73732,OTHER,ARCHIVED,2025-05-01
47543,OTHER,ARCHIVED,2025-05-01
13989,PAYING,PAY CURR,2025-05-01
86013,TRACE,GONEAWAY,2025-05-01
21698,TRACE,GONEAWAY,2025-05-01
57417,SETTLED,SETTLED,2025-05-01
23382,SETTLED,SETTLED,2025-05-01
46494,OTHER,ARCHIVED,2025-05-01
70629,SETTLED,SETTLED,2025-05-01
93496,LEGAL,LEG VERIF 2,2025-05-01
86086,OTHER,ARCHIVED,2025-05-01
17821,PAYING,PAY PROP,2025-05-01
27543,PAYING,PAY CURR,2025-05-01
89176,TRACE,GONEAWAY,2025-05-01
13124,SETTLED,SETTLED,2025-05-01
22367,OTHER,ARCHIVED,2025-05-01
74428,COLLECTIONS,PAY OVER,2025-05-01
47450,PAYING,PAY CURR,2025-05-01
68126,OTHER,ARCHIVED,2025-05-01
37988,SETTLED,SETTLED,2025-05-01
97661,LEGAL,LEG VERIF 2,2025-05-01
87813,OTHER,ARCHIVED,2025-05-01
78078,COLLECTIONS,PRIME,2025-05-01
47103,INSOLVENCY,INS4,2025-05-01
37628,LEGAL,HOLD FO,2025-05-01
31658,INSOLVENCY,INS1,2025-05-01
88060,INSOLVENCY,INS4,2025-05-01
25000,COLLECTIONS,TELSOLUTIONS4,2025-05-01
31172,PAYING,PAY CURR,2025-05-01
64246,SETTLED,SETTLED,2025-05-01
91435,PAYING,PAY PROP,2025-05-01
21415,OTHER,ARCHIVED,2025-05-01
52697,COLLECTIONS,PRIME,2025-05-01
75042,TRACE,GONEAWAY,2025-05-01
84256,TRACE,GONEAWAY,2025-05-01
20507,TRACE,GONEAWAY,2025-05-01
34108,COLLECTIONS,PRIME,2025-05-01
45495,PAYING,PAY PROP,2025-05-01
22047,COLLECTIONS,CANCEL2,2025-05-01
91712,OTHER,ARCHIVED,2025-05-01
77145,PAYING,PAY CURR,2025-05-01
57663,INSOLVENCY,INS2,2025-05-01
30496,LEGAL,LEG_NOT,2025-05-01
99755,PAYING,PAY PROP,2025-05-01
67443,PAYING,PAY PROP,2025-05-01
39175,TRACE,GONEAWAY,2025-05-01
52219,COLLECTIONS,CANCEL4,2025-05-01
77395,PAYING,PAY PROP,2025-05-01
91001,OTHER,ARCHIVED,2025-05-01
47857,LEGAL,HOLD FO,2025-05-01
82789,COLLECTIONS,PAY OVER,2025-05-01
67303,INSOLVENCY,INS1,2025-05-01
31527,OTHER,ARCHIVED,2025-05-01
67701,INSOLVENCY,INS2,2025-05-01
27800,SETTLED,SETTLED,2025-05-01
71914,SETTLED,SETTLED,2025-05-01
93809,PAYING,PAY PROP,2025-05-01
55200,INSOLVENCY,INS4,2025-05-01
27620,SETTLED,SETTLED,2025-05-01
43108,SETTLED,SETTLED,2025-05-01
79521,OTHER,ARCHIVED,2025-05-01
59505,INSOLVENCY,INS1,2025-05-01
32832,OTHER,ARCHIVED,2025-05-01
45539,SETTLED,SETTLED,2025-05-01
64713,OTHER,ARCHIVED,2025-05-01
35504,PAYING,PAY CURR,2025-05-01
24815,PAYING,PAY CURR,2025-05-01
19986,LEGAL,HOLD FO,2025-05-01
85173,SETTLED,SETTLED,2025-05-01
66463,OTHER,ARCHIVED,2025-05-01
92889,TRACE,GONEAWAY,2025-05-01
97280,OTHER,ARCHIVED,2025-05-01
40198,TRACE,GONEAWAY,2025-05-01
71048,PAYING,PAY CURR,2025-05-01
96772,SETTLED,SETTLED,2025-05-01
62106,TRACE,GONEAWAY,2025-05-01
38899,SETTLED,SETTLED,2025-05-01
56961,COLLECTIONS,CANCEL2,2025-05-01
89612,COLLECTIONS,CASSIST2,2025-05-01
52609,COLLECTIONS,PRIME_D,2025-05-01
78528,TRACE,GONEAWAY,2025-05-01
88706,LEGAL,HOLD FO,2025-05-01
28504,PAYING,PAY CURR,2025-05-01
11356,INSOLVENCY,INS4,2025-05-01
47808,LEGAL,LEG_NOT,2025-05-01
14961,SETTLED,SETTLED,2025-05-01
76500,LEGAL,LEG_TIT,2025-05-01
66106,SETTLED,SETTLED,2025-05-01
64070,LEGAL,LEG_NOT,2025-05-01
24213,TRACE,GONEAWAY,2025-05-01
36291,PAYING,PAY PROP,2025-05-01
34629,PAYING,PAY CURR,2025-05-01
41740,LEGAL,LEG_NOT,2025-05-01
84211,COLLECTIONS,CANCEL2,2025-05-01
61279,INSOLVENCY,INS2,2025-05-01
82526,LEGAL,HOLD FO,2025-05-01
81029,TRACE,GONEAWAY,2025-05-01
16402,COLLECTIONS,CANCEL4,2025-05-01
17880,COLLECTIONS,CANCEL4,2025-05-01
87432,SETTLED,SETTLED,2025-05-01
55886,COLLECTIONS,CASSIST2,2025-05-01
61550,COLLECTIONS,CANCEL4,2025-05-01
62692,COLLECTIONS,TELSOLUTIONS4,2025-05-01
51596,OTHER,ARCHIVED,2025-05-01
94706,LEGAL,LEG VERIF 1,2025-05-01
58892,PAYING,PAY PROP,2025-05-01
45393,SETTLED,SETTLED,2025-05-01
74699,COLLECTIONS,CANCEL2,2025-05-01
65864,SETTLED,SETTLED,2025-05-01
74894,PAYING,PAY PROP,2025-05-01
90467,COLLECTIONS,CASSIST2,2025-05-01
86693,TRACE,GONEAWAY,2025-05-01
67504,PAYING,PAY PROP,2025-05-01
32252,COLLECTIONS,PRIME_D,2025-05-01
16628,INSOLVENCY,INS2,2025-05-01
31903,LEGAL,LEG VERIF 2,2025-05-01
20233,COLLECTIONS,PRIME_D,2025-05-01
27223,TRACE,GONEAWAY,2025-05-01
49999,SETTLED,SETTLED,2025-05-01
52137,COLLECTIONS,PRIME,2025-05-01
83620,INSOLVENCY,INSP,2025-05-01
49171,TRACE,GONEAWAY,2025-05-01
60663,SETTLED,SETTLED,2025-05-01
46545,SETTLED,SETTLED,2025-05-01
48786,OTHER,ARCHIVED,2025-05-01
94638,INSOLVENCY,INS4,2025-05-01
98298,TRACE,GONEAWAY,2025-05-01
86556,COLLECTIONS,PRIME_D,2025-05-01
90725,TRACE,GONEAWAY,2025-05-01
14117,TRACE,GONEAWAY,2025-05-01
63099,SETTLED,SETTLED,2025-05-01
82095,PAYING,PAY CURR,2025-05-01
84455,SETTLED,SETTLED,2025-05-01
73556,SETTLED,SETTLED,2025-05-01
53131,INSOLVENCY,INS3,2025-05-01
23982,PAYING,PAY CURR,2025-05-01
48880,SETTLED,SETTLED,2025-05-01
82007,PAYING,PAY CURR,2025-05-01
14006,PAYING,PAY PROP,2025-05-01
26168,PAYING,PAY PROP,2025-05-01
33783,LEGAL,LEG_TIT,2025-05-01
35401,TRACE,GONEAWAY,2025-05-01
26696,LEGAL,LEG VERIF 2,2025-05-01
20307,TRACE,GONEAWAY,2025-05-01
80451,COLLECTIONS,PRIME,2025-05-01
85241,OTHER,ARCHIVED,2025-05-01
95997,TRACE,GONEAWAY,2025-05-01
94928,COLLECTIONS,PRIME_D,2025-05-01
29210,PAYING,PAY PROP,2025-05-01
58244,INSOLVENCY,INS4,2025-05-01
70180,COLLECTIONS,CANCEL4,2025-05-01
78633,TRACE,GONEAWAY,2025-05-01
86015,LEGAL,LEG VERIF 1,2025-05-01
91402,COLLECTIONS,CANCEL4,2025-05-01
59399,COLLECTIONS,TELSOLUTIONS1,2025-05-01
31933,SETTLED,SETTLED,2025-05-01
45548,INSOLVENCY,INS4,2025-05-01
27497,LEGAL,LEG VERIF 1,2025-05-01
86646,TRACE,GONEAWAY,2025-05-01
21399,LEGAL,LEG VERIF 1,2025-05-01
95599,COLLECTIONS,PRIME,2025-05-01
37781,OTHER,ARCHIVED,2025-05-01
26514,COLLECTIONS,CASSIST2,2025-05-01
11352,LEGAL,LEG VERIF 1,2025-05-01
44060,INSOLVENCY,INS1,2025-05-01
29623,PAYING,PAY PROP,2025-05-01
19413,TRACE,GONEAWAY,2025-05-01
95232,OTHER,ARCHIVED,2025-05-01
38621,TRACE,GONEAWAY,2025-05-01
92669,OTHER,ARCHIVED,2025-05-01
13416,INSOLVENCY,INS1,2025-05-01
32283,PAYING,PAY CURR,2025-05-01
88716,COLLECTIONS,TELSOLUTIONS1,2025-05-01
84845,LEGAL,LEG VERIF 2,2025-05-01
47984,TRACE,GONEAWAY,2025-05-01
82269,COLLECTIONS,PRIME,2025-05-01
60048,TRACE,GONEAWAY,2025-05-01
65773,INSOLVENCY,INSP,2025-05-01
29600,SETTLED,SETTLED,2025-05-01
80893,PAYING,PAY PROP,2025-05-01
34083,TRACE,GONEAWAY,2025-05-01
51089,TRACE,GONEAWAY,2025-05-01
74104,TRACE,GONEAWAY,2025-05-01
35861,OTHER,ARCHIVED,2025-05-01
69313,SETTLED,SETTLED,2025-05-01
72758,INSOLVENCY,INSP,2025-05-01
78987,SETTLED,SETTLED,2025-05-01
95948,COLLECTIONS,PRIME_D,2025-05-01
97132,LEGAL,LEG_TIT,2025-05-01
82735,TRACE,GONEAWAY,2025-05-01
87394,OTHER,ARCHIVED,2025-05-01
62377,INSOLVENCY,INS1,2025-05-01
66755,TRACE,GONEAWAY,2025-05-01
68436,OTHER,ARCHIVED,2025-05-01
45571,TRACE,GONEAWAY,2025-05-01
91331,SETTLED,SETTLED,2025-05-01
85557,PAYING,PAY PROP,2025-05-01
12247,PAYING,PAY CURR,2025-05-01
29593,COLLECTIONS,CASSIST2,2025-05-01
48354,INSOLVENCY,INS3,2025-05-01
30531,SETTLED,SETTLED,2025-05-01
58120,PAYING,PAY CURR,2025-05-01
67687,COLLECTIONS,CANCEL4,2025-05-01
98909,COLLECTIONS,CASSIST2,2025-05-01
20457,INSOLVENCY,INS4,2025-05-01
91537,INSOLVENCY,INS3,2025-05-01
37924,LEGAL,HOLD FO,2025-05-01
39116,COLLECTIONS,PAY OVER,2025-05-01
90213,LEGAL,HOLD FO,2025-05-01
40079,TRACE,GONEAWAY,2025-05-01
63223,COLLECTIONS,PAY OVER,2025-05-01
89178,LEGAL,LEG_NOT,2025-05-01
60199,INSOLVENCY,INS1,2025-05-01
65156,TRACE,GONEAWAY,2025-05-01
58473,COLLECTIONS,TELSOLUTIONS1,2025-05-01
35919,TRACE,GONEAWAY,2025-05-01
19086,LEGAL,LEG VERIF 1,2025-05-01
51216,TRACE,GONEAWAY,2025-05-01
17320,SETTLED,SETTLED,2025-05-01
94606,COLLECTIONS,CANCEL2,2025-05-01
87459,COLLECTIONS,CANCEL2,2025-05-01
52017,PAYING,PAY PROP,2025-05-01
16913,LEGAL,HOLD FO,2025-05-01
96425,COLLECTIONS,TELSOLUTIONS4,2025-05-01
39453,LEGAL,LEG VERIF 2,2025-05-01
62495,SETTLED,SETTLED,2025-05-01
78416,LEGAL,LEG VERIF 1,2025-05-01
21418,SETTLED,SETTLED,2025-05-01
50515,TRACE,GONEAWAY,2025-05-01
60947,SETTLED,SETTLED,2025-05-01
36810,COLLECTIONS,CASSIST2,2025-05-01
61708,SETTLED,SETTLED,2025-05-01
65428,TRACE,GONEAWAY,2025-05-01
25073,COLLECTIONS,PRIME,2025-05-01
63285,TRACE,GONEAWAY,2025-05-01
40856,LEGAL,LEG VERIF 2,2025-05-01
13356,COLLECTIONS,PAY OVER,2025-05-01
86543,LEGAL,LEG VERIF 1,2025-05-01
96035,LEGAL,LEG VERIF 2,2025-05-01
32687,TRACE,GONEAWAY,2025-05-01
62836,SETTLED,SETTLED,2025-05-01
43403,OTHER,ARCHIVED,2025-05-01
82324,SETTLED,SETTLED,2025-05-01
23780,TRACE,GONEAWAY,2025-05-01
83051,OTHER,ARCHIVED,2025-05-01
92829,OTHER,ARCHIVED,2025-05-01
85466,SETTLED,SETTLED,2025-05-01
66158,OTHER,ARCHIVED,2025-05-01
30943,OTHER,ARCHIVED,2025-05-01
52055,INSOLVENCY,INS3,2025-05-01
11336,SETTLED,SETTLED,2025-05-01
66787,OTHER,ARCHIVED,2025-05-01
92255,TRACE,GONEAWAY,2025-05-01
77513,LEGAL,LEG_NOT,2025-05-01
42371,SETTLED,SETTLED,2025-05-01
10180,OTHER,ARCHIVED,2025-05-01
94193,INSOLVENCY,INS1,2025-05-01
33376,OTHER,ARCHIVED,2025-05-01
47532,SETTLED,SETTLED,2025-05-01
44289,OTHER,ARCHIVED,2025-05-01
17346,COLLECTIONS,PRIME,2025-05-01
36459,PAYING,PAY CURR,2025-05-01
57819,LEGAL,LEG_TIT,2025-05-01
40987,OTHER,ARCHIVED,2025-05-01
26066,OTHER,ARCHIVED,2025-05-01
63368,COLLECTIONS,TELSOLUTIONS4,2025-05-01
31463,OTHER,ARCHIVED,2025-05-01
69833,SETTLED,SETTLED,2025-05-01
62595,COLLECTIONS,PRIME_D,2025-05-01
73634,COLLECTIONS,TELSOLUTIONS4,2025-05-01
82487,SETTLED,SETTLED,2025-05-01
34002,TRACE,GONEAWAY,2025-05-01
86494,LEGAL,LEG_NOT,2025-05-01
46369,INSOLVENCY,INS4,2025-05-01
30817,PAYING,PAY CURR,2025-05-01
54765,TRACE,GONEAWAY,2025-05-01
42747,INSOLVENCY,INSP,2025-05-01
54885,PAYING,PAY PROP,2025-05-01
17948,LEGAL,LEG_NOT,2025-05-01
79212,SETTLED,SETTLED,2025-05-01
54549,LEGAL,HOLD FO,2025-05-01
47801,LEGAL,HOLD FO,2025-05-01
73332,OTHER,ARCHIVED,2025-05-01
89946,LEGAL,LEG VERIF 1,2025-05-01
33687,LEGAL,HOLD FO,2025-05-01
41979,PAYING,PAY PROP,2025-05-01
15680,SETTLED,SETTLED,2025-05-01
55558,COLLECTIONS,PAY OVER,2025-05-01
30746,COLLECTIONS,PRIME,2025-05-01
89082,TRACE,GONEAWAY,2025-05-01
37744,COLLECTIONS,PRIME_D,2025-05-01
46588,PAYING,PAY CURR,2025-05-01
14184,TRACE,GONEAWAY,2025-05-01
91173,PAYING,PAY CURR,2025-05-01
74228,PAYING,PAY PROP,2025-05-01
86347,PAYING,PAY PROP,2025-05-01
16198,TRACE,GONEAWAY,2025-05-01
97989,PAYING,PAY PROP,2025-05-01
13484,TRACE,GONEAWAY,2025-05-01
81469,COLLECTIONS,PRIME_D,2025-05-01
48606,LEGAL,LEG_NOT,2025-05-01
57791,TRACE,GONEAWAY,2025-05-01
89637,COLLECTIONS,PRIME,2025-05-01
58064,COLLECTIONS,CANCEL2,2025-05-01
55030,TRACE,GONEAWAY,2025-05-01
87921,COLLECTIONS,TELSOLUTIONS1,2025-05-01
83785,SETTLED,SETTLED,2025-05-01
57726,PAYING,PAY PROP,2025-05-01
90540,PAYING,PAY PROP,2025-05-01
54123,SETTLED,SETTLED,2025-05-01
10585,TRACE,GONEAWAY,2025-05-01
84118,COLLECTIONS,PRIME_D,2025-05-01
73980,SETTLED,SETTLED,2025-05-01
77356,COLLECTIONS,PRIME_D,2025-05-01
59502,TRACE,GONEAWAY,2025-05-01
27482,COLLECTIONS,CANCEL4,2025-05-01
71242,LEGAL,LEG VERIF 1,2025-05-01
25633,LEGAL,LEG_TIT,2025-05-01
77426,OTHER,ARCHIVED,2025-05-01
51246,SETTLED,SETTLED,2025-05-01
17670,OTHER,ARCHIVED,2025-05-01
17232,TRACE,GONEAWAY,2025-05-01
52436,PAYING,PAY PROP,2025-05-01
10869,SETTLED,SETTLED,2025-05-01
37798,LEGAL,LEG_TIT,2025-05-01
93890,LEGAL,LEG_TIT,2025-05-01
17993,INSOLVENCY,INS2,2025-05-01
77013,INSOLVENCY,INS4,2025-05-01
26742,LEGAL,LEG_NOT,2025-05-01
42252,LEGAL,LEG VERIF 2,2025-05-01
79279,TRACE,GONEAWAY,2025-05-01
32552,OTHER,ARCHIVED,2025-05-01
72838,PAYING,PAY CURR,2025-05-01
67396,PAYING,PAY CURR,2025-05-01
59639,SETTLED,SETTLED,2025-05-01
97730,TRACE,GONEAWAY,2025-05-01
36313,INSOLVENCY,INS4,2025-05-01
88333,SETTLED,SETTLED,2025-05-01
81675,PAYING,PAY PROP,2025-05-01
34650,LEGAL,HOLD FO,2025-05-01
26232,SETTLED,SETTLED,2025-05-01
98849,OTHER,ARCHIVED,2025-05-01
88213,OTHER,ARCHIVED,2025-05-01
40733,COLLECTIONS,CANCEL2,2025-05-01
59791,INSOLVENCY,INS3,2025-05-01
34177,TRACE,GONEAWAY,2025-05-01
99999,LEGAL,LEG_NOT,2025-05-01
26686,INSOLVENCY,INS3,2025-06-01
48388,OTHER,ARCHIVED,2025-06-01
81634,LEGAL,LEG_TIT,2025-06-01
39776,TRACE,GONEAWAY,2025-06-01
70437,PAYING,PAY CURR,2025-06-01
25635,LEGAL,LEG_NOT,2025-06-01
72278,TRACE,GONEAWAY,2025-06-01
43314,LEGAL,LEG_NOT,2025-06-01
77262,INSOLVENCY,INS1,2025-06-01
68484,LEGAL,LEG_NOT,2025-06-01
54341,PAYING,PAY CURR,2025-06-01
25733,COLLECTIONS,PRIME_D,2025-06-01
83776,TRACE,GONEAWAY,2025-06-01
10506,LEGAL,LEG VERIF 2,2025-06-01
54275,SETTLED,SETTLED,2025-06-01
78353,LEGAL,LEG VERIF 1,2025-06-01
91558,COLLECTIONS,CASSIST2,2025-06-01
85922,PAYING,PAY PROP,2025-06-01
44476,OTHER,ARCHIVED,2025-06-01
15757,TRACE,GONEAWAY,2025-06-01
55044,LEGAL,LEG_TIT,2025-06-01
26918,COLLECTIONS,TELSOLUTIONS1,2025-06-01
11916,OTHER,ARCHIVED,2025-06-01
91710,INSOLVENCY,INS4,2025-06-01
15004,OTHER,ARCHIVED,2025-06-01
40659,PAYING,PAY PROP,2025-06-01
98254,OTHER,ARCHIVED,2025-06-01
43882,SETTLED,SETTLED,2025-06-01
54718,COLLECTIONS,CANCEL2,2025-06-01
61582,TRACE,GONEAWAY,2025-06-01
60011,PAYING,PAY PROP,2025-06-01
94400,SETTLED,SETTLED,2025-06-01
92221,PAYING,PAY CURR,2025-06-01
46992,INSOLVENCY,INS1,2025-06-01
91142,OTHER,ARCHIVED,2025-06-01
46155,INSOLVENCY,INS1,2025-06-01
88654,OTHER,ARCHIVED,2025-06-01
19372,LEGAL,HOLD FO,2025-06-01
58984,PAYING,PAY CURR,2025-06-01
49823,TRACE,GONEAWAY,2025-06-01
54296,PAYING,PAY PROP,2025-06-01
44286,LEGAL,HOLD FO,2025-06-01
11449,PAYING,PAY CURR,2025-06-01
33347,INSOLVENCY,INS1,2025-06-01
19523,PAYING,PAY CURR,2025-06-01
44502,SETTLED,SETTLED,2025-06-01
89313,SETTLED,SETTLED,2025-06-01
19675,OTHER,ARCHIVED,2025-06-01
83943,COLLECTIONS,PAY OVER,2025-06-01
68861,INSOLVENCY,INS2,2025-06-01
53017,COLLECTIONS,PRIME,2025-06-01
55992,COLLECTIONS,TELSOLUTIONS4,2025-06-01
53016,PAYING,PAY PROP,2025-06-01
10474,PAYING,PAY PROP,2025-06-01
95274,LEGAL,LEG_NOT,2025-06-01
47933,PAYING,PAY PROP,2025-06-01
19099,SETTLED,SETTLED,2025-06-01
39629,PAYING,PAY CURR,2025-06-01
28442,OTHER,ARCHIVED,2025-06-01
95324,TRACE,GONEAWAY,2025-06-01
98172,PAYING,PAY PROP,2025-06-01
27789,PAYING,PAY CURR,2025-06-01
59344,LEGAL,LEG VERIF 1,2025-06-01
31233,INSOLVENCY,INSP,2025-06-01
42494,OTHER,ARCHIVED,2025-06-01
93257,LEGAL,LEG_TIT,2025-06-01
28382,TRACE,GONEAWAY,2025-06-01
91658,LEGAL,LEG_NOT,2025-06-01
69791,TRACE,GONEAWAY,2025-06-01
41546,OTHER,ARCHIVED,2025-06-01
65559,PAYING,PAY PROP,2025-06-01
13787,SETTLED,SETTLED,2025-06-01
83652,INSOLVENCY,INS4,2025-06-01
71125,TRACE,GONEAWAY,2025-06-01
35227,LEGAL,LEG_TIT,2025-06-01
17413,OTHER,ARCHIVED,2025-06-01
38921,PAYING,PAY CURR,2025-06-01
95230,PAYING,PAY CURR,2025-06-01
13861,TRACE,GONEAWAY,2025-06-01
21707,PAYING,PAY PROP,2025-06-01
13206,OTHER,ARCHIVED,2025-06-01
15248,LEGAL,HOLD FO,2025-06-01
95291,OTHER,ARCHIVED,2025-06-01
84640,INSOLVENCY,INS4,2025-06-01
95157,COLLECTIONS,CASSIST2,2025-06-01
79792,INSOLVENCY,INS3,2025-06-01
98794,LEGAL,LEG_NOT,2025-06-01
90869,PAYING,PAY PROP,2025-06-01
39313,LEGAL,LEG VERIF 2,2025-06-01
21453,OTHER,ARCHIVED,2025-06-01
60001,INSOLVENCY,INSP,2025-06-01
77917,PAYING,PAY PROP,2025-06-01
63848,LEGAL,LEG VERIF 1,2025-06-01
55047,COLLECTIONS,CANCEL2,2025-06-01
58434,PAYING,PAY CURR,2025-06-01
99694,SETTLED,SETTLED,2025-06-01
77521,SETTLED,SETTLED,2025-06-01
42247,TRACE,GONEAWAY,2025-06-01
50973,COLLECTIONS,CASSIST2,2025-06-01
91099,INSOLVENCY,INSP,2025-06-01
61934,INSOLVENCY,INS2,2025-06-01
16077,COLLECTIONS,CANCEL4,2025-06-01
46986,LEGAL,LEG_NOT,2025-06-01
57074,COLLECTIONS,CANCEL2,2025-06-01
66138,INSOLVENCY,INS3,2025-06-01
13883,LEGAL,LEG_TIT,2025-06-01
62345,TRACE,GONEAWAY,2025-06-01
94956,PAYING,PAY PROP,2025-06-01
29836,SETTLED,SETTLED,2025-06-01
13057,INSOLVENCY,INS2,2025-06-01
18486,COLLECTIONS,TELSOLUTIONS1,2025-06-01
13664,COLLECTIONS,CASSIST2,2025-06-01
63538,COLLECTIONS,PRIME,2025-06-01
34223,INSOLVENCY,INS3,2025-06-01
39966,PAYING,PAY CURR,2025-06-01
46662,OTHER,ARCHIVED,2025-06-01
14671,SETTLED,SETTLED,2025-06-01
32998,LEGAL,LEG_TIT,2025-06-01
91678,OTHER,ARCHIVED,2025-06-01
94751,COLLECTIONS,TELSOLUTIONS1,2025-06-01
39643,COLLECTIONS,CANCEL4,2025-06-01
97918,SETTLED,SETTLED,2025-06-01
33057,PAYING,PAY PROP,2025-06-01
14567,COLLECTIONS,TELSOLUTIONS4,2025-06-01
25726,SETTLED,SETTLED,2025-06-01
74670,COLLECTIONS,PAY OVER,2025-06-01
11254,INSOLVENCY,INS4,2025-06-01
18838,COLLECTIONS,TELSOLUTIONS1,2025-06-01
93774,OTHER,ARCHIVED,2025-06-01
64136,TRACE,GONEAWAY,2025-06-01
70219,PAYING,PAY CURR,2025-06-01
45153,INSOLVENCY,INS3,2025-06-01
85441,OTHER,ARCHIVED,2025-06-01
21489,TRACE,GONEAWAY,2025-06-01
94714,TRACE,GONEAWAY,2025-06-01
72340,PAYING,PAY CURR,2025-06-01
59940,LEGAL,LEG_TIT,2025-06-01
66216,LEGAL,LEG VERIF 1,2025-06-01
60840,COLLECTIONS,CANCEL4,2025-06-01
75723,OTHER,ARCHIVED,2025-06-01
40540,TRACE,GONEAWAY,2025-06-01
52087,PAYING,PAY CURR,2025-06-01
73732,TRACE,GONEAWAY,2025-06-01
47543,OTHER,ARCHIVED,2025-06-01
13989,PAYING,PAY CURR,2025-06-01
86013,SETTLED,SETTLED,2025-06-01
21698,INSOLVENCY,INS2,2025-06-01
57417,COLLECTIONS,TELSOLUTIONS4,2025-06-01
23382,SETTLED,SETTLED,2025-06-01
46494,OTHER,ARCHIVED,2025-06-01
70629,PAYING,PAY CURR,2025-06-01
93496,LEGAL,LEG VERIF 2,2025-06-01
86086,OTHER,ARCHIVED,2025-06-01
17821,PAYING,PAY PROP,2025-06-01
27543,PAYING,PAY CURR,2025-06-01
89176,TRACE,GONEAWAY,2025-06-01
13124,SETTLED,SETTLED,2025-06-01
22367,COLLECTIONS,TELSOLUTIONS1,2025-06-01
74428,COLLECTIONS,PAY OVER,2025-06-01
47450,PAYING,PAY CURR,2025-06-01
68126,OTHER,ARCHIVED,2025-06-01
37988,SETTLED,SETTLED,2025-06-01
97661,LEGAL,LEG VERIF 2,2025-06-01
87813,LEGAL,LEG VERIF 2,2025-06-01
78078,COLLECTIONS,PRIME,2025-06-01
47103,INSOLVENCY,INS4,2025-06-01
37628,LEGAL,HOLD FO,2025-06-01
31658,INSOLVENCY,INS1,2025-06-01
88060,INSOLVENCY,INS4,2025-06-01
25000,PAYING,PAY CURR,2025-06-01
31172,COLLECTIONS,CANCEL4,2025-06-01
64246,SETTLED,SETTLED,2025-06-01
91435,PAYING,PAY PROP,2025-06-01
21415,PAYING,PAY CURR,2025-06-01
52697,COLLECTIONS,PRIME,2025-06-01
75042,COLLECTIONS,PAY OVER,2025-06-01
84256,TRACE,GONEAWAY,2025-06-01
20507,TRACE,GONEAWAY,2025-06-01
34108,COLLECTIONS,PRIME,2025-06-01
45495,COLLECTIONS,PAY OVER,2025-06-01
22047,COLLECTIONS,CANCEL2,2025-06-01
91712,OTHER,ARCHIVED,2025-06-01
77145,PAYING,PAY CURR,2025-06-01
57663,INSOLVENCY,INS2,2025-06-01
30496,LEGAL,LEG_NOT,2025-06-01
99755,PAYING,PAY PROP,2025-06-01
67443,PAYING,PAY PROP,2025-06-01
39175,TRACE,GONEAWAY,2025-06-01
52219,COLLECTIONS,CANCEL4,2025-06-01
77395,PAYING,PAY PROP,2025-06-01
91001,OTHER,ARCHIVED,2025-06-01
47857,TRACE,GONEAWAY,2025-06-01
82789,COLLECTIONS,PAY OVER,2025-06-01
67303,INSOLVENCY,INS1,2025-06-01
31527,SETTLED,SETTLED,2025-06-01
67701,COLLECTIONS,PRIME,2025-06-01
27800,SETTLED,SETTLED,2025-06-01
71914,INSOLVENCY,INS1,2025-06-01
93809,PAYING,PAY PROP,2025-06-01
55200,INSOLVENCY,INS4,2025-06-01
27620,SETTLED,SETTLED,2025-06-01
43108,SETTLED,SETTLED,2025-06-01
79521,LEGAL,HOLD FO,2025-06-01
59505,LEGAL,HOLD FO,2025-06-01
32832,TRACE,GONEAWAY,2025-06-01
45539,OTHER,ARCHIVED,2025-06-01
64713,OTHER,ARCHIVED,2025-06-01
35504,PAYING,PAY CURR,2025-06-01
24815,PAYING,PAY CURR,2025-06-01
19986,LEGAL,HOLD FO,2025-06-01
85173,SETTLED,SETTLED,2025-06-01
66463,PAYING,PAY CURR,2025-06-01
92889,SETTLED,SETTLED,2025-06-01
97280,OTHER,ARCHIVED,2025-06-01
40198,COLLECTIONS,PRIME,2025-06-01
71048,PAYING,PAY CURR,2025-06-01
96772,SETTLED,SETTLED,2025-06-01
62106,INSOLVENCY,INS4,2025-06-01
38899,SETTLED,SETTLED,2025-06-01
56961,PAYING,PAY PROP,2025-06-01
89612,TRACE,GONEAWAY,2025-06-01
52609,COLLECTIONS,CANCEL4,2025-06-01
78528,PAYING,PAY CURR,2025-06-01
88706,LEGAL,HOLD FO,2025-06-01
28504,COLLECTIONS,TELSOLUTIONS4,2025-06-01
11356,INSOLVENCY,INS4,2025-06-01
47808,LEGAL,LEG_NOT,2025-06-01
14961,SETTLED,SETTLED,2025-06-01
76500,COLLECTIONS,CANCEL4,2025-06-01
66106,SETTLED,SETTLED,2025-06-01
64070,COLLECTIONS,TELSOLUTIONS4,2025-06-01
24213,PAYING,PAY PROP,2025-06-01
36291,PAYING,PAY PROP,2025-06-01
34629,INSOLVENCY,INS4,2025-06-01
41740,OTHER,ARCHIVED,2025-06-01
84211,COLLECTIONS,CANCEL2,2025-06-01
61279,OTHER,ARCHIVED,2025-06-01
82526,SETTLED,SETTLED,2025-06-01
81029,TRACE,GONEAWAY,2025-06-01
16402,COLLECTIONS,CANCEL4,2025-06-01
17880,COLLECTIONS,CANCEL4,2025-06-01
87432,SETTLED,SETTLED,2025-06-01
55886,COLLECTIONS,CASSIST2,2025-06-01
61550,COLLECTIONS,CANCEL4,2025-06-01
62692,TRACE,GONEAWAY,2025-06-01
51596,INSOLVENCY,INS3,2025-06-01
94706,LEGAL,LEG VERIF 1,2025-06-01
58892,PAYING,PAY PROP,2025-06-01
45393,OTHER,ARCHIVED,2025-06-01
74699,COLLECTIONS,CANCEL2,2025-06-01
65864,TRACE,GONEAWAY,2025-06-01
74894,COLLECTIONS,CANCEL4,2025-06-01
90467,COLLECTIONS,CASSIST2,2025-06-01
86693,TRACE,GONEAWAY,2025-06-01
67504,PAYING,PAY PROP,2025-06-01
32252,LEGAL,LEG VERIF 2,2025-06-01
16628,LEGAL,LEG_TIT,2025-06-01
31903,LEGAL,LEG VERIF 2,2025-06-01
20233,COLLECTIONS,PRIME_D,2025-06-01
27223,OTHER,ARCHIVED,2025-06-01
49999,COLLECTIONS,TELSOLUTIONS1,2025-06-01
52137,COLLECTIONS,PRIME,2025-06-01
83620,INSOLVENCY,INSP,2025-06-01
49171,TRACE,GONEAWAY,2025-06-01
60663,OTHER,ARCHIVED,2025-06-01
46545,OTHER,ARCHIVED,2025-06-01
48786,OTHER,ARCHIVED,2025-06-01
94638,INSOLVENCY,INS4,2025-06-01
98298,TRACE,GONEAWAY,2025-06-01
86556,COLLECTIONS,PRIME_D,2025-06-01
90725,TRACE,GONEAWAY,2025-06-01
14117,SETTLED,SETTLED,2025-06-01
63099,SETTLED,SETTLED,2025-06-01
82095,PAYING,PAY CURR,2025-06-01
84455,INSOLVENCY,INS2,2025-06-01
73556,OTHER,ARCHIVED,2025-06-01
53131,SETTLED,SETTLED,2025-06-01
23982,PAYING,PAY CURR,2025-06-01
48880,TRACE,GONEAWAY,2025-06-01
82007,PAYING,PAY CURR,2025-06-01
14006,INSOLVENCY,INS1,2025-06-01
26168,PAYING,PAY PROP,2025-06-01
33783,LEGAL,LEG_TIT,2025-06-01
35401,OTHER,ARCHIVED,2025-06-01
26696,LEGAL,LEG VERIF 2,2025-06-01
20307,OTHER,ARCHIVED,2025-06-01
80451,COLLECTIONS,PRIME,2025-06-01
85241,TRACE,GONEAWAY,2025-06-01
95997,TRACE,GONEAWAY,2025-06-01
94928,COLLECTIONS,PRIME_D,2025-06-01
29210,INSOLVENCY,INS2,2025-06-01
58244,TRACE,GONEAWAY,2025-06-01
70180,SETTLED,SETTLED,2025-06-01
78633,INSOLVENCY,INS2,2025-06-01
86015,LEGAL,LEG VERIF 1,2025-06-01
91402,COLLECTIONS,CANCEL4,2025-06-01
59399,COLLECTIONS,TELSOLUTIONS1,2025-06-01
31933,LEGAL,LEG_NOT,2025-06-01
45548,SETTLED,SETTLED,2025-06-01
27497,LEGAL,LEG VERIF 1,2025-06-01
86646,TRACE,GONEAWAY,2025-06-01
21399,LEGAL,LEG VERIF 1,2025-06-01
95599,COLLECTIONS,PRIME,2025-06-01
37781,OTHER,ARCHIVED,2025-06-01
26514,LEGAL,HOLD FO,2025-06-01
11352,INSOLVENCY,INS1,2025-06-01
44060,INSOLVENCY,INS1,2025-06-01
29623,PAYING,PAY PROP,2025-06-01
19413,TRACE,GONEAWAY,2025-06-01
95232,COLLECTIONS,CANCEL2,2025-06-01
38621,TRACE,GONEAWAY,2025-06-01
92669,OTHER,ARCHIVED,2025-06-01
13416,COLLECTIONS,CASSIST2,2025-06-01
32283,INSOLVENCY,INSP,2025-06-01
88716,SETTLED,SETTLED,2025-06-01
84845,LEGAL,LEG VERIF 2,2025-06-01
47984,TRACE,GONEAWAY,2025-06-01
82269,COLLECTIONS,PRIME,2025-06-01
60048,OTHER,ARCHIVED,2025-06-01
65773,COLLECTIONS,PRIME,2025-06-01
29600,PAYING,PAY PROP,2025-06-01
80893,TRACE,GONEAWAY,2025-06-01
34083,LEGAL,HOLD FO,2025-06-01
51089,LEGAL,HOLD FO,2025-06-01
74104,TRACE,GONEAWAY,2025-06-01
35861,INSOLVENCY,INSP,2025-06-01
69313,SETTLED,SETTLED,2025-06-01
72758,INSOLVENCY,INSP,2025-06-01
78987,SETTLED,SETTLED,2025-06-01
95948,COLLECTIONS,PRIME_D,2025-06-01
97132,LEGAL,LEG_TIT,2025-06-01
82735,TRACE,GONEAWAY,2025-06-01
87394,OTHER,ARCHIVED,2025-06-01
62377,INSOLVENCY,INS1,2025-06-01
66755,TRACE,GONEAWAY,2025-06-01
68436,OTHER,ARCHIVED,2025-06-01
45571,LEGAL,HOLD FO,2025-06-01
91331,SETTLED,SETTLED,2025-06-01
85557,OTHER,ARCHIVED,2025-06-01
12247,PAYING,PAY CURR,2025-06-01
29593,COLLECTIONS,CASSIST2,2025-06-01
48354,INSOLVENCY,INS3,2025-06-01
30531,SETTLED,SETTLED,2025-06-01
58120,COLLECTIONS,PAY OVER,2025-06-01
67687,COLLECTIONS,CANCEL4,2025-06-01
98909,INSOLVENCY,INS2,2025-06-01
20457,INSOLVENCY,INS4,2025-06-01
91537,INSOLVENCY,INS3,2025-06-01
37924,LEGAL,HOLD FO,2025-06-01
39116,COLLECTIONS,PAY OVER,2025-06-01
90213,LEGAL,HOLD FO,2025-06-01
40079,INSOLVENCY,INS3,2025-06-01
63223,COLLECTIONS,CANCEL2,2025-06-01
89178,OTHER,ARCHIVED,2025-06-01
60199,INSOLVENCY,INS1,2025-06-01
65156,INSOLVENCY,INSP,2025-06-01
58473,TRACE,GONEAWAY,2025-06-01
35919,LEGAL,HOLD FO,2025-06-01
19086,INSOLVENCY,INS2,2025-06-01
51216,TRACE,GONEAWAY,2025-06-01
17320,SETTLED,SETTLED,2025-06-01
94606,COLLECTIONS,CANCEL2,2025-06-01
87459,COLLECTIONS,CANCEL2,2025-06-01
52017,PAYING,PAY PROP,2025-06-01
16913,LEGAL,HOLD FO,2025-06-01
96425,COLLECTIONS,TELSOLUTIONS4,2025-06-01
39453,TRACE,GONEAWAY,2025-06-01
62495,SETTLED,SETTLED,2025-06-01
78416,TRACE,GONEAWAY,2025-06-01
21418,PAYING,PAY CURR,2025-06-01
50515,SETTLED,SETTLED,2025-06-01
60947,SETTLED,SETTLED,2025-06-01
36810,TRACE,GONEAWAY,2025-06-01
61708,SETTLED,SETTLED,2025-06-01
65428,TRACE,GONEAWAY,2025-06-01
25073,LEGAL,LEG_TIT,2025-06-01
63285,TRACE,GONEAWAY,2025-06-01
40856,LEGAL,LEG VERIF 2,2025-06-01
13356,LEGAL,LEG VERIF 1,2025-06-01
86543,LEGAL,LEG VERIF 1,2025-06-01
96035,PAYING,PAY CURR,2025-06-01
32687,COLLECTIONS,TELSOLUTIONS1,2025-06-01
62836,TRACE,GONEAWAY,2025-06-01
43403,OTHER,ARCHIVED,2025-06-01
82324,PAYING,PAY PROP,2025-06-01
23780,TRACE,GONEAWAY,2025-06-01
83051,SETTLED,SETTLED,2025-06-01
92829,OTHER,ARCHIVED,2025-06-01
85466,SETTLED,SETTLED,2025-06-01
66158,OTHER,ARCHIVED,2025-06-01
30943,OTHER,ARCHIVED,2025-06-01
52055,INSOLVENCY,INS3,2025-06-01
11336,SETTLED,SETTLED,2025-06-01
66787,OTHER,ARCHIVED,2025-06-01
92255,INSOLVENCY,INS4,2025-06-01
77513,LEGAL,LEG_NOT,2025-06-01
42371,SETTLED,SETTLED,2025-06-01
10180,OTHER,ARCHIVED,2025-06-01
94193,INSOLVENCY,INS1,2025-06-01
33376,OTHER,ARCHIVED,2025-06-01
47532,COLLECTIONS,PAY OVER,2025-06-01
44289,OTHER,ARCHIVED,2025-06-01
17346,COLLECTIONS,TELSOLUTIONS1,2025-06-01
36459,PAYING,PAY CURR,2025-06-01
57819,LEGAL,LEG_TIT,2025-06-01
40987,SETTLED,SETTLED,2025-06-01
26066,OTHER,ARCHIVED,2025-06-01
63368,LEGAL,HOLD FO,2025-06-01
31463,OTHER,ARCHIVED,2025-06-01
69833,INSOLVENCY,INS1,2025-06-01
62595,OTHER,ARCHIVED,2025-06-01
73634,PAYING,PAY PROP,2025-06-01
82487,TRACE,GONEAWAY,2025-06-01
34002,LEGAL,LEG VERIF 1,2025-06-01
86494,LEGAL,LEG_NOT,2025-06-01
46369,PAYING,PAY PROP,2025-06-01
30817,PAYING,PAY CURR,2025-06-01
54765,TRACE,GONEAWAY,2025-06-01
42747,INSOLVENCY,INSP,2025-06-01
54885,PAYING,PAY PROP,2025-06-01
17948,COLLECTIONS,CANCEL2,2025-06-01
79212,COLLECTIONS,PRIME,2025-06-01
54549,LEGAL,HOLD FO,2025-06-01
47801,LEGAL,LEG_TIT,2025-06-01
73332,OTHER,ARCHIVED,2025-06-01
89946,LEGAL,LEG VERIF 1,2025-06-01
33687,LEGAL,HOLD FO,2025-06-01
41979,PAYING,PAY PROP,2025-06-01
15680,INSOLVENCY,INS2,2025-06-01
55558,COLLECTIONS,PAY OVER,2025-06-01
30746,COLLECTIONS,CANCEL4,2025-06-01
89082,TRACE,GONEAWAY,2025-06-01
37744,TRACE,GONEAWAY,2025-06-01
46588,PAYING,PAY CURR,2025-06-01
14184,TRACE,GONEAWAY,2025-06-01
91173,OTHER,ARCHIVED,2025-06-01
74228,LEGAL,LEG VERIF 1,2025-06-01
86347,PAYING,PAY PROP,2025-06-01
16198,TRACE,GONEAWAY,2025-06-01
97989,PAYING,PAY PROP,2025-06-01
13484,COLLECTIONS,PRIME,2025-06-01
81469,COLLECTIONS,PRIME_D,2025-06-01
48606,LEGAL,LEG VERIF 1,2025-06-01
57791,INSOLVENCY,INS1,2025-06-01
89637,COLLECTIONS,PRIME,2025-06-01
58064,TRACE,GONEAWAY,2025-06-01
55030,TRACE,GONEAWAY,2025-06-01
87921,COLLECTIONS,TELSOLUTIONS1,2025-06-01
83785,SETTLED,SETTLED,2025-06-01
57726,COLLECTIONS,CANCEL4,2025-06-01
90540,PAYING,PAY PROP,2025-06-01
54123,SETTLED,SETTLED,2025-06-01
10585,TRACE,GONEAWAY,2025-06-01
84118,COLLECTIONS,PRIME_D,2025-06-01
73980,SETTLED,SETTLED,2025-06-01
77356,LEGAL,LEG_NOT,2025-06-01
59502,SETTLED,SETTLED,2025-06-01
27482,COLLECTIONS,CANCEL4,2025-06-01
71242,LEGAL,LEG VERIF 1,2025-06-01
25633,COLLECTIONS,CANCEL4,2025-06-01
77426,TRACE,GONEAWAY,2025-06-01
51246,TRACE,GONEAWAY,2025-06-01
17670,OTHER,ARCHIVED,2025-06-01
17232,TRACE,GONEAWAY,2025-06-01
52436,PAYING,PAY PROP,2025-06-01
10869,SETTLED,SETTLED,2025-06-01
37798,PAYING,PAY PROP,2025-06-01
93890,SETTLED,SETTLED,2025-06-01
17993,INSOLVENCY,INS2,2025-06-01
77013,INSOLVENCY,INS4,2025-06-01
26742,SETTLED,SETTLED,2025-06-01
42252,TRACE,GONEAWAY,2025-06-01
79279,TRACE,GONEAWAY,2025-06-01
32552,OTHER,ARCHIVED,2025-06-01
72838,PAYING,PAY CURR,2025-06-01
67396,PAYING,PAY CURR,2025-06-01
59639,SETTLED,SETTLED,2025-06-01
97730,TRACE,GONEAWAY,2025-06-01
36313,INSOLVENCY,INS4,2025-06-01
88333,SETTLED,SETTLED,2025-06-01
81675,LEGAL,LEG_TIT,2025-06-01
34650,LEGAL,HOLD FO,2025-06-01
26232,OTHER,ARCHIVED,2025-06-01
98849,LEGAL,HOLD FO,2025-06-01
88213,LEGAL,LEG_NOT,2025-06-01
40733,INSOLVENCY,INS3,2025-06-01
59791,SETTLED,SETTLED,2025-06-01
34177,COLLECTIONS,TELSOLUTIONS4,2025-06-01
85043,LEGAL,LEG VERIF 1,2025-06-01
10388,PAYING,PAY CURR,2025-06-01
26096,INSOLVENCY,INS2,2025-06-01
99999,LEGAL,LEG_NOT,2025-06-01
26686,LEGAL,HOLD FO,2025-07-01
48388,OTHER,ARCHIVED,2025-07-01
81634,OTHER,ARCHIVED,2025-07-01
39776,TRACE,GONEAWAY,2025-07-01
70437,COLLECTIONS,CASSIST2,2025-07-01
25635,LEGAL,LEG_NOT,2025-07-01
72278,LEGAL,LEG_NOT,2025-07-01
43314,LEGAL,LEG_NOT,2025-07-01
77262,OTHER,ARCHIVED,2025-07-01
68484,LEGAL,LEG_NOT,2025-07-01
54341,OTHER,ARCHIVED,2025-07-01
25733,LEGAL,LEG_NOT,2025-07-01
83776,TRACE,GONEAWAY,2025-07-01
10506,INSOLVENCY,INS3,2025-07-01
54275,SETTLED,SETTLED,2025-07-01
78353,LEGAL,LEG VERIF 1,2025-07-01
91558,OTHER,ARCHIVED,2025-07-01
85922,PAYING,PAY CURR,2025-07-01
44476,PAYING,PAY CURR,2025-07-01
15757,TRACE,GONEAWAY,2025-07-01
55044,TRACE,GONEAWAY,2025-07-01
26918,COLLECTIONS,TELSOLUTIONS1,2025-07-01
11916,OTHER,ARCHIVED,2025-07-01
91710,OTHER,ARCHIVED,2025-07-01
15004,OTHER,ARCHIVED,2025-07-01
40659,PAYING,PAY PROP,2025-07-01
98254,COLLECTIONS,CANCEL4,2025-07-01
43882,SETTLED,SETTLED,2025-07-01
54718,PAYING,PAY PROP,2025-07-01
61582,TRACE,GONEAWAY,2025-07-01
60011,PAYING,PAY PROP,2025-07-01
94400,SETTLED,SETTLED,2025-07-01
92221,PAYING,PAY CURR,2025-07-01
46992,OTHER,ARCHIVED,2025-07-01
91142,OTHER,ARCHIVED,2025-07-01
46155,INSOLVENCY,INS1,2025-07-01
88654,OTHER,ARCHIVED,2025-07-01
19372,LEGAL,LEG VERIF 1,2025-07-01
58984,PAYING,PAY CURR,2025-07-01
49823,COLLECTIONS,PAY OVER,2025-07-01
54296,PAYING,PAY PROP,2025-07-01
44286,LEGAL,HOLD FO,2025-07-01
11449,SETTLED,SETTLED,2025-07-01
33347,INSOLVENCY,INS1,2025-07-01
19523,TRACE,GONEAWAY,2025-07-01
44502,SETTLED,SETTLED,2025-07-01
89313,SETTLED,SETTLED,2025-07-01
19675,OTHER,ARCHIVED,2025-07-01
83943,COLLECTIONS,PAY OVER,2025-07-01
68861,PAYING,PAY CURR,2025-07-01
53017,LEGAL,LEG VERIF 2,2025-07-01
55992,COLLECTIONS,TELSOLUTIONS4,2025-07-01
53016,SETTLED,SETTLED,2025-07-01
10474,PAYING,PAY PROP,2025-07-01
95274,TRACE,GONEAWAY,2025-07-01
47933,TRACE,GONEAWAY,2025-07-01
19099,SETTLED,SETTLED,2025-07-01
39629,SETTLED,SETTLED,2025-07-01
28442,OTHER,ARCHIVED,2025-07-01
95324,TRACE,GONEAWAY,2025-07-01
98172,TRACE,GONEAWAY,2025-07-01
27789,PAYING,PAY CURR,2025-07-01
59344,COLLECTIONS,PRIME,2025-07-01
31233,INSOLVENCY,INS1,2025-07-01
42494,OTHER,ARCHIVED,2025-07-01
93257,LEGAL,LEG VERIF 1,2025-07-01
28382,SETTLED,SETTLED,2025-07-01
91658,LEGAL,LEG_TIT,2025-07-01
69791,COLLECTIONS,PRIME,2025-07-01
41546,OTHER,ARCHIVED,2025-07-01
65559,PAYING,PAY PROP,2025-07-01
13787,COLLECTIONS,PRIME_D,2025-07-01
83652,INSOLVENCY,INS4,2025-07-01
71125,COLLECTIONS,CANCEL2,2025-07-01
35227,COLLECTIONS,PAY OVER,2025-07-01
17413,TRACE,GONEAWAY,2025-07-01
38921,TRACE,GONEAWAY,2025-07-01
95230,COLLECTIONS,TELSOLUTIONS4,2025-07-01
13861,PAYING,PAY CURR,2025-07-01
21707,OTHER,ARCHIVED,2025-07-01
13206,OTHER,ARCHIVED,2025-07-01
15248,LEGAL,HOLD FO,2025-07-01
95291,OTHER,ARCHIVED,2025-07-01
84640,INSOLVENCY,INS4,2025-07-01
95157,COLLECTIONS,CASSIST2,2025-07-01
79792,PAYING,PAY CURR,2025-07-01
98794,LEGAL,LEG_NOT,2025-07-01
90869,PAYING,PAY PROP,2025-07-01
39313,LEGAL,LEG VERIF 2,2025-07-01
21453,INSOLVENCY,INS1,2025-07-01
60001,PAYING,PAY PROP,2025-07-01
77917,PAYING,PAY PROP,2025-07-01
63848,LEGAL,LEG VERIF 1,2025-07-01
55047,INSOLVENCY,INS3,2025-07-01
58434,PAYING,PAY CURR,2025-07-01
99694,SETTLED,SETTLED,2025-07-01
77521,SETTLED,SETTLED,2025-07-01
42247,TRACE,GONEAWAY,2025-07-01
50973,SETTLED,SETTLED,2025-07-01
91099,INSOLVENCY,INSP,2025-07-01
61934,SETTLED,SETTLED,2025-07-01
16077,PAYING,PAY CURR,2025-07-01
46986,LEGAL,LEG_NOT,2025-07-01
57074,COLLECTIONS,CANCEL2,2025-07-01
66138,COLLECTIONS,PRIME_D,2025-07-01
13883,PAYING,PAY PROP,2025-07-01
62345,TRACE,GONEAWAY,2025-07-01
94956,SETTLED,SETTLED,2025-07-01
29836,SETTLED,SETTLED,2025-07-01
13057,INSOLVENCY,INS2,2025-07-01
18486,COLLECTIONS,TELSOLUTIONS4,2025-07-01
13664,COLLECTIONS,CANCEL4,2025-07-01
63538,COLLECTIONS,PRIME,2025-07-01
34223,INSOLVENCY,INS3,2025-07-01
39966,SETTLED,SETTLED,2025-07-01
46662,OTHER,ARCHIVED,2025-07-01
14671,SETTLED,SETTLED,2025-07-01
32998,LEGAL,LEG VERIF 2,2025-07-01
91678,PAYING,PAY CURR,2025-07-01
94751,COLLECTIONS,TELSOLUTIONS1,2025-07-01
39643,OTHER,ARCHIVED,2025-07-01
97918,SETTLED,SETTLED,2025-07-01
33057,COLLECTIONS,PRIME_D,2025-07-01
14567,COLLECTIONS,TELSOLUTIONS4,2025-07-01
25726,SETTLED,SETTLED,2025-07-01
74670,COLLECTIONS,PAY OVER,2025-07-01
11254,INSOLVENCY,INS4,2025-07-01
18838,COLLECTIONS,TELSOLUTIONS1,2025-07-01
93774,OTHER,ARCHIVED,2025-07-01
64136,TRACE,GONEAWAY,2025-07-01
70219,PAYING,PAY CURR,2025-07-01
45153,OTHER,ARCHIVED,2025-07-01
85441,INSOLVENCY,INS4,2025-07-01
21489,LEGAL,LEG_TIT,2025-07-01
94714,TRACE,GONEAWAY,2025-07-01
72340,PAYING,PAY CURR,2025-07-01
59940,LEGAL,LEG_TIT,2025-07-01
66216,OTHER,ARCHIVED,2025-07-01
60840,COLLECTIONS,CANCEL4,2025-07-01
75723,INSOLVENCY,INS2,2025-07-01
40540,TRACE,GONEAWAY,2025-07-01
52087,PAYING,PAY CURR,2025-07-01
73732,PAYING,PAY CURR,2025-07-01
47543,OTHER,ARCHIVED,2025-07-01
13989,PAYING,PAY CURR,2025-07-01
86013,SETTLED,SETTLED,2025-07-01
21698,INSOLVENCY,INS2,2025-07-01
57417,COLLECTIONS,TELSOLUTIONS4,2025-07-01
23382,SETTLED,SETTLED,2025-07-01
46494,OTHER,ARCHIVED,2025-07-01
70629,OTHER,ARCHIVED,2025-07-01
93496,LEGAL,LEG VERIF 2,2025-07-01
86086,INSOLVENCY,INSP,2025-07-01
17821,PAYING,PAY PROP,2025-07-01
27543,OTHER,ARCHIVED,2025-07-01
89176,OTHER,ARCHIVED,2025-07-01
13124,SETTLED,SETTLED,2025-07-01
22367,OTHER,ARCHIVED,2025-07-01
74428,LEGAL,LEG VERIF 1,2025-07-01
47450,LEGAL,LEG VERIF 2,2025-07-01
68126,OTHER,ARCHIVED,2025-07-01
37988,COLLECTIONS,TELSOLUTIONS1,2025-07-01
97661,LEGAL,LEG VERIF 2,2025-07-01
87813,LEGAL,LEG VERIF 2,2025-07-01
78078,COLLECTIONS,PRIME,2025-07-01
47103,INSOLVENCY,INS4,2025-07-01
37628,LEGAL,LEG VERIF 1,2025-07-01
31658,INSOLVENCY,INS1,2025-07-01
88060,INSOLVENCY,INS4,2025-07-01
25000,COLLECTIONS,TELSOLUTIONS1,2025-07-01
31172,TRACE,GONEAWAY,2025-07-01
64246,SETTLED,SETTLED,2025-07-01
91435,SETTLED,SETTLED,2025-07-01
21415,PAYING,PAY CURR,2025-07-01
52697,PAYING,PAY PROP,2025-07-01
75042,COLLECTIONS,PAY OVER,2025-07-01
84256,TRACE,GONEAWAY,2025-07-01
20507,LEGAL,LEG_TIT,2025-07-01
34108,OTHER,ARCHIVED,2025-07-01
45495,COLLECTIONS,PAY OVER,2025-07-01
22047,COLLECTIONS,CANCEL2,2025-07-01
91712,OTHER,ARCHIVED,2025-07-01
77145,PAYING,PAY CURR,2025-07-01
57663,SETTLED,SETTLED,2025-07-01
30496,TRACE,GONEAWAY,2025-07-01
99755,LEGAL,LEG VERIF 1,2025-07-01
67443,PAYING,PAY CURR,2025-07-01
39175,TRACE,GONEAWAY,2025-07-01
52219,COLLECTIONS,CANCEL4,2025-07-01
77395,PAYING,PAY PROP,2025-07-01
91001,PAYING,PAY PROP,2025-07-01
47857,TRACE,GONEAWAY,2025-07-01
82789,TRACE,GONEAWAY,2025-07-01
67303,PAYING,PAY CURR,2025-07-01
31527,OTHER,ARCHIVED,2025-07-01
67701,TRACE,GONEAWAY,2025-07-01
27800,PAYING,PAY PROP,2025-07-01
71914,SETTLED,SETTLED,2025-07-01
93809,PAYING,PAY PROP,2025-07-01
55200,INSOLVENCY,INS4,2025-07-01
27620,INSOLVENCY,INS2,2025-07-01
43108,OTHER,ARCHIVED,2025-07-01
79521,LEGAL,HOLD FO,2025-07-01
59505,LEGAL,LEG_TIT,2025-07-01
32832,TRACE,GONEAWAY,2025-07-01
45539,OTHER,ARCHIVED,2025-07-01
64713,OTHER,ARCHIVED,2025-07-01
35504,PAYING,PAY CURR,2025-07-01
24815,PAYING,PAY CURR,2025-07-01
19986,LEGAL,HOLD FO,2025-07-01
85173,SETTLED,SETTLED,2025-07-01
66463,SETTLED,SETTLED,2025-07-01
92889,OTHER,ARCHIVED,2025-07-01
97280,OTHER,ARCHIVED,2025-07-01
40198,OTHER,ARCHIVED,2025-07-01
71048,PAYING,PAY PROP,2025-07-01
96772,SETTLED,SETTLED,2025-07-01
62106,INSOLVENCY,INS3,2025-07-01
38899,SETTLED,SETTLED,2025-07-01
56961,PAYING,PAY PROP,2025-07-01
89612,COLLECTIONS,CANCEL2,2025-07-01
52609,SETTLED,SETTLED,2025-07-01
78528,PAYING,PAY CURR,2025-07-01
88706,LEGAL,HOLD FO,2025-07-01
28504,COLLECTIONS,TELSOLUTIONS4,2025-07-01
11356,COLLECTIONS,CANCEL2,2025-07-01
47808,OTHER,ARCHIVED,2025-07-01
14961,COLLECTIONS,PRIME_D,2025-07-01
76500,COLLECTIONS,CANCEL4,2025-07-01
66106,LEGAL,HOLD FO,2025-07-01
64070,LEGAL,LEG VERIF 1,2025-07-01
24213,PAYING,PAY PROP,2025-07-01
36291,PAYING,PAY PROP,2025-07-01
34629,INSOLVENCY,INS2,2025-07-01
41740,PAYING,PAY CURR,2025-07-01
84211,COLLECTIONS,CANCEL2,2025-07-01
61279,TRACE,GONEAWAY,2025-07-01
82526,SETTLED,SETTLED,2025-07-01
81029,TRACE,GONEAWAY,2025-07-01
16402,TRACE,GONEAWAY,2025-07-01
17880,TRACE,GONEAWAY,2025-07-01
87432,SETTLED,SETTLED,2025-07-01
55886,COLLECTIONS,CASSIST2,2025-07-01
61550,INSOLVENCY,INS2,2025-07-01
62692,PAYING,PAY CURR,2025-07-01
51596,LEGAL,HOLD FO,2025-07-01
94706,LEGAL,LEG VERIF 1,2025-07-01
58892,PAYING,PAY PROP,2025-07-01
45393,OTHER,ARCHIVED,2025-07-01
74699,COLLECTIONS,CANCEL2,2025-07-01
65864,PAYING,PAY CURR,2025-07-01
74894,COLLECTIONS,CANCEL4,2025-07-01
90467,COLLECTIONS,CASSIST2,2025-07-01
86693,OTHER,ARCHIVED,2025-07-01
67504,PAYING,PAY PROP,2025-07-01
32252,LEGAL,LEG VERIF 2,2025-07-01
16628,LEGAL,LEG_TIT,2025-07-01
31903,LEGAL,LEG VERIF 2,2025-07-01
20233,INSOLVENCY,INS3,2025-07-01
27223,COLLECTIONS,CANCEL4,2025-07-01
49999,LEGAL,LEG VERIF 1,2025-07-01
52137,COLLECTIONS,PRIME,2025-07-01
83620,SETTLED,SETTLED,2025-07-01
49171,INSOLVENCY,INS4,2025-07-01
60663,OTHER,ARCHIVED,2025-07-01
46545,COLLECTIONS,PAY OVER,2025-07-01
48786,COLLECTIONS,CANCEL4,2025-07-01
94638,OTHER,ARCHIVED,2025-07-01
98298,TRACE,GONEAWAY,2025-07-01
86556,COLLECTIONS,PRIME_D,2025-07-01
90725,TRACE,GONEAWAY,2025-07-01
14117,SETTLED,SETTLED,2025-07-01
63099,SETTLED,SETTLED,2025-07-01
82095,PAYING,PAY CURR,2025-07-01
84455,LEGAL,LEG VERIF 1,2025-07-01
73556,TRACE,GONEAWAY,2025-07-01
53131,LEGAL,HOLD FO,2025-07-01
23982,PAYING,PAY CURR,2025-07-01
48880,TRACE,GONEAWAY,2025-07-01
82007,PAYING,PAY CURR,2025-07-01
14006,INSOLVENCY,INS1,2025-07-01
26168,COLLECTIONS,PRIME,2025-07-01
33783,LEGAL,LEG_TIT,2025-07-01
35401,OTHER,ARCHIVED,2025-07-01
26696,TRACE,GONEAWAY,2025-07-01
20307,OTHER,ARCHIVED,2025-07-01
80451,LEGAL,LEG_NOT,2025-07-01
85241,TRACE,GONEAWAY,2025-07-01
95997,TRACE,GONEAWAY,2025-07-01
94928,COLLECTIONS,PRIME_D,2025-07-01
29210,PAYING,PAY CURR,2025-07-01
58244,TRACE,GONEAWAY,2025-07-01
70180,SETTLED,SETTLED,2025-07-01
78633,OTHER,ARCHIVED,2025-07-01
86015,LEGAL,LEG VERIF 1,2025-07-01
91402,TRACE,GONEAWAY,2025-07-01
59399,COLLECTIONS,TELSOLUTIONS1,2025-07-01
31933,LEGAL,LEG_NOT,2025-07-01
45548,SETTLED,SETTLED,2025-07-01
27497,COLLECTIONS,CANCEL2,2025-07-01
86646,LEGAL,HOLD FO,2025-07-01
21399,LEGAL,LEG VERIF 1,2025-07-01
95599,OTHER,ARCHIVED,2025-07-01
37781,OTHER,ARCHIVED,2025-07-01
26514,SETTLED,SETTLED,2025-07-01
11352,INSOLVENCY,INS1,2025-07-01
44060,INSOLVENCY,INS1,2025-07-01
29623,PAYING,PAY PROP,2025-07-01
19413,COLLECTIONS,PAY OVER,2025-07-01
95232,COLLECTIONS,CANCEL2,2025-07-01
38621,TRACE,GONEAWAY,2025-07-01
92669,OTHER,ARCHIVED,2025-07-01
13416,COLLECTIONS,CASSIST2,2025-07-01
32283,INSOLVENCY,INSP,2025-07-01
88716,SETTLED,SETTLED,2025-07-01
84845,LEGAL,LEG_TIT,2025-07-01
47984,COLLECTIONS,TELSOLUTIONS4,2025-07-01
82269,LEGAL,HOLD FO,2025-07-01
60048,TRACE,GONEAWAY,2025-07-01
65773,COLLECTIONS,PRIME,2025-07-01
29600,OTHER,ARCHIVED,2025-07-01
80893,OTHER,ARCHIVED,2025-07-01
34083,INSOLVENCY,INS1,2025-07-01
51089,LEGAL,HOLD FO,2025-07-01
74104,COLLECTIONS,TELSOLUTIONS1,2025-07-01
35861,SETTLED,SETTLED,2025-07-01
69313,LEGAL,LEG_TIT,2025-07-01
72758,INSOLVENCY,INSP,2025-07-01
78987,PAYING,PAY PROP,2025-07-01
95948,COLLECTIONS,PRIME_D,2025-07-01
97132,SETTLED,SETTLED,2025-07-01
82735,TRACE,GONEAWAY,2025-07-01
87394,INSOLVENCY,INS4,2025-07-01
62377,INSOLVENCY,INS1,2025-07-01
66755,TRACE,GONEAWAY,2025-07-01
68436,INSOLVENCY,INS4,2025-07-01
45571,PAYING,PAY CURR,2025-07-01
91331,SETTLED,SETTLED,2025-07-01
85557,LEGAL,LEG_NOT,2025-07-01
12247,PAYING,PAY CURR,2025-07-01
29593,OTHER,ARCHIVED,2025-07-01
48354,INSOLVENCY,INS3,2025-07-01
30531,PAYING,PAY PROP,2025-07-01
58120,TRACE,GONEAWAY,2025-07-01
67687,PAYING,PAY PROP,2025-07-01
98909,PAYING,PAY CURR,2025-07-01
20457,INSOLVENCY,INS4,2025-07-01
91537,INSOLVENCY,INS3,2025-07-01
37924,LEGAL,HOLD FO,2025-07-01
39116,PAYING,PAY PROP,2025-07-01
90213,SETTLED,SETTLED,2025-07-01
40079,INSOLVENCY,INS3,2025-07-01
63223,PAYING,PAY PROP,2025-07-01
89178,OTHER,ARCHIVED,2025-07-01
60199,INSOLVENCY,INS1,2025-07-01
65156,SETTLED,SETTLED,2025-07-01
58473,PAYING,PAY CURR,2025-07-01
35919,LEGAL,HOLD FO,2025-07-01
19086,SETTLED,SETTLED,2025-07-01
51216,OTHER,ARCHIVED,2025-07-01
17320,PAYING,PAY PROP,2025-07-01
94606,COLLECTIONS,CANCEL2,2025-07-01
87459,LEGAL,LEG VERIF 1,2025-07-01
52017,PAYING,PAY PROP,2025-07-01
16913,LEGAL,HOLD FO,2025-07-01
96425,COLLECTIONS,TELSOLUTIONS4,2025-07-01
39453,TRACE,GONEAWAY,2025-07-01
62495,SETTLED,SETTLED,2025-07-01
78416,TRACE,GONEAWAY,2025-07-01
21418,PAYING,PAY CURR,2025-07-01
50515,SETTLED,SETTLED,2025-07-01
60947,SETTLED,SETTLED,2025-07-01
36810,OTHER,ARCHIVED,2025-07-01
61708,TRACE,GONEAWAY,2025-07-01
65428,SETTLED,SETTLED,2025-07-01
25073,INSOLVENCY,INS3,2025-07-01
63285,TRACE,GONEAWAY,2025-07-01
40856,LEGAL,LEG VERIF 2,2025-07-01
13356,LEGAL,LEG VERIF 1,2025-07-01
86543,PAYING,PAY PROP,2025-07-01
96035,TRACE,GONEAWAY,2025-07-01
32687,COLLECTIONS,TELSOLUTIONS1,2025-07-01
62836,TRACE,GONEAWAY,2025-07-01
43403,TRACE,GONEAWAY,2025-07-01
82324,LEGAL,LEG VERIF 1,2025-07-01
23780,TRACE,GONEAWAY,2025-07-01
83051,SETTLED,SETTLED,2025-07-01
92829,OTHER,ARCHIVED,2025-07-01
85466,LEGAL,LEG_NOT,2025-07-01
66158,COLLECTIONS,CASSIST2,2025-07-01
30943,SETTLED,SETTLED,2025-07-01
52055,INSOLVENCY,INS3,2025-07-01
11336,SETTLED,SETTLED,2025-07-01
66787,PAYING,PAY PROP,2025-07-01
92255,INSOLVENCY,INS4,2025-07-01
77513,LEGAL,LEG_NOT,2025-07-01
42371,TRACE,GONEAWAY,2025-07-01
10180,OTHER,ARCHIVED,2025-07-01
94193,INSOLVENCY,INS1,2025-07-01
33376,TRACE,GONEAWAY,2025-07-01
47532,LEGAL,HOLD FO,2025-07-01
44289,OTHER,ARCHIVED,2025-07-01
17346,SETTLED,SETTLED,2025-07-01
36459,PAYING,PAY CURR,2025-07-01
57819,COLLECTIONS,CANCEL4,2025-07-01
40987,SETTLED,SETTLED,2025-07-01
26066,INSOLVENCY,INS4,2025-07-01
63368,OTHER,ARCHIVED,2025-07-01
31463,OTHER,ARCHIVED,2025-07-01
69833,PAYING,PAY PROP,2025-07-01
62595,INSOLVENCY,INS4,2025-07-01
73634,PAYING,PAY PROP,2025-07-01
82487,COLLECTIONS,CASSIST2,2025-07-01
34002,TRACE,GONEAWAY,2025-07-01
86494,PAYING,PAY CURR,2025-07-01
46369,PAYING,PAY PROP,2025-07-01
30817,LEGAL,LEG_NOT,2025-07-01
54765,TRACE,GONEAWAY,2025-07-01
42747,INSOLVENCY,INSP,2025-07-01
54885,COLLECTIONS,CANCEL4,2025-07-01
17948,TRACE,GONEAWAY,2025-07-01
79212,LEGAL,LEG_TIT,2025-07-01
54549,OTHER,ARCHIVED,2025-07-01
47801,SETTLED,SETTLED,2025-07-01
73332,OTHER,ARCHIVED,2025-07-01
89946,OTHER,ARCHIVED,2025-07-01
33687,COLLECTIONS,TELSOLUTIONS1,2025-07-01
41979,PAYING,PAY PROP,2025-07-01
15680,LEGAL,LEG_NOT,2025-07-01
55558,COLLECTIONS,PAY OVER,2025-07-01
30746,COLLECTIONS,CANCEL2,2025-07-01
89082,LEGAL,LEG_TIT,2025-07-01
37744,PAYING,PAY PROP,2025-07-01
46588,COLLECTIONS,CANCEL2,2025-07-01
14184,TRACE,GONEAWAY,2025-07-01
91173,PAYING,PAY CURR,2025-07-01
74228,LEGAL,LEG VERIF 1,2025-07-01
86347,COLLECTIONS,PRIME_D,2025-07-01
16198,SETTLED,SETTLED,2025-07-01
97989,PAYING,PAY PROP,2025-07-01
13484,COLLECTIONS,PRIME,2025-07-01
81469,INSOLVENCY,INS4,2025-07-01
48606,SETTLED,SETTLED,2025-07-01
57791,INSOLVENCY,INS1,2025-07-01
89637,OTHER,ARCHIVED,2025-07-01
58064,OTHER,ARCHIVED,2025-07-01
55030,TRACE,GONEAWAY,2025-07-01
87921,COLLECTIONS,TELSOLUTIONS1,2025-07-01
83785,TRACE,GONEAWAY,2025-07-01
57726,COLLECTIONS,CANCEL4,2025-07-01
90540,PAYING,PAY PROP,2025-07-01
54123,SETTLED,SETTLED,2025-07-01
10585,TRACE,GONEAWAY,2025-07-01
84118,COLLECTIONS,PRIME_D,2025-07-01
73980,COLLECTIONS,PAY OVER,2025-07-01
77356,LEGAL,LEG_NOT,2025-07-01
59502,OTHER,ARCHIVED,2025-07-01
27482,COLLECTIONS,PRIME_D,2025-07-01
71242,INSOLVENCY,INS2,2025-07-01
25633,COLLECTIONS,CANCEL4,2025-07-01
77426,TRACE,GONEAWAY,2025-07-01
51246,TRACE,GONEAWAY,2025-07-01
17670,OTHER,ARCHIVED,2025-07-01
17232,INSOLVENCY,INS1,2025-07-01
52436,PAYING,PAY PROP,2025-07-01
10869,SETTLED,SETTLED,2025-07-01
37798,COLLECTIONS,TELSOLUTIONS4,2025-07-01
93890,SETTLED,SETTLED,2025-07-01
17993,LEGAL,LEG VERIF 2,2025-07-01
77013,INSOLVENCY,INS4,2025-07-01
26742,SETTLED,SETTLED,2025-07-01
42252,TRACE,GONEAWAY,2025-07-01
79279,TRACE,GONEAWAY,2025-07-01
32552,OTHER,ARCHIVED,2025-07-01
72838,COLLECTIONS,PRIME,2025-07-01
67396,PAYING,PAY PROP,2025-07-01
59639,SETTLED,SETTLED,2025-07-01
97730,LEGAL,LEG VERIF 1,2025-07-01
36313,COLLECTIONS,PRIME_D,2025-07-01
88333,OTHER,ARCHIVED,2025-07-01
81675,LEGAL,LEG_TIT,2025-07-01
34650,INSOLVENCY,INS4,2025-07-01
26232,OTHER,ARCHIVED,2025-07-01
98849,LEGAL,HOLD FO,2025-07-01
88213,LEGAL,LEG_NOT,2025-07-01
40733,INSOLVENCY,INS3,2025-07-01
59791,SETTLED,SETTLED,2025-07-01
34177,COLLECTIONS,TELSOLUTIONS4,2025-07-01
85043,LEGAL,LEG VERIF 1,2025-07-01
10388,OTHER,ARCHIVED,2025-07-01
26096,OTHER,ARCHIVED,2025-07-01
77535,PAYING,PAY CURR,2025-07-01
86650,COLLECTIONS,TELSOLUTIONS1,2025-07-01
47862,INSOLVENCY,INS4,2025-07-01
85869,SETTLED,SETTLED,2025-07-01
77524,INSOLVENCY,INS3,2025-07-01
99999,LEGAL,LEG_NOT,2025-07-01
26686,LEGAL,HOLD FO,2025-08-01
48388,OTHER,ARCHIVED,2025-08-01
81634,PAYING,PAY PROP,2025-08-01
39776,PAYING,PAY CURR,2025-08-01
70437,OTHER,ARCHIVED,2025-08-01
25635,LEGAL,LEG_NOT,2025-08-01
72278,LEGAL,LEG_NOT,2025-08-01
43314,LEGAL,LEG_NOT,2025-08-01
77262,COLLECTIONS,CANCEL2,2025-08-01
68484,SETTLED,SETTLED,2025-08-01
54341,PAYING,PAY CURR,2025-08-01
25733,LEGAL,LEG VERIF 1,2025-08-01
83776,LEGAL,LEG VERIF 1,2025-08-01
10506,LEGAL,LEG VERIF 2,2025-08-01
54275,COLLECTIONS,PRIME_D,2025-08-01
78353,TRACE,GONEAWAY,2025-08-01
91558,INSOLVENCY,INS4,2025-08-01
85922,PAYING,PAY CURR,2025-08-01
44476,PAYING,PAY CURR,2025-08-01
15757,TRACE,GONEAWAY,2025-08-01
55044,TRACE,GONEAWAY,2025-08-01
26918,COLLECTIONS,TELSOLUTIONS1,2025-08-01
11916,TRACE,GONEAWAY,2025-08-01
91710,SETTLED,SETTLED,2025-08-01
15004,PAYING,PAY CURR,2025-08-01
40659,LEGAL,LEG_TIT,2025-08-01
98254,COLLECTIONS,CANCEL4,2025-08-01
43882,SETTLED,SETTLED,2025-08-01
54718,PAYING,PAY PROP,2025-08-01
61582,TRACE,GONEAWAY,2025-08-01
60011,PAYING,PAY PROP,2025-08-01
94400,SETTLED,SETTLED,2025-08-01
92221,LEGAL,HOLD FO,2025-08-01
46992,LEGAL,LEG VERIF 1,2025-08-01
91142,PAYING,PAY PROP,2025-08-01
46155,INSOLVENCY,INS3,2025-08-01
88654,OTHER,ARCHIVED,2025-08-01
19372,LEGAL,LEG VERIF 1,2025-08-01
58984,PAYING,PAY CURR,2025-08-01
49823,COLLECTIONS,PAY OVER,2025-08-01
54296,PAYING,PAY PROP,2025-08-01
44286,SETTLED,SETTLED,2025-08-01
11449,COLLECTIONS,CASSIST2,2025-08-01
33347,PAYING,PAY CURR,2025-08-01
19523,OTHER,ARCHIVED,2025-08-01
44502,SETTLED,SETTLED,2025-08-01
89313,LEGAL,LEG VERIF 2,2025-08-01
19675,TRACE,GONEAWAY,2025-08-01
83943,COLLECTIONS,PAY OVER,2025-08-01
68861,PAYING,PAY CURR,2025-08-01
53017,LEGAL,LEG VERIF 2,2025-08-01
55992,OTHER,ARCHIVED,2025-08-01
53016,COLLECTIONS,TELSOLUTIONS4,2025-08-01
10474,PAYING,PAY PROP,2025-08-01
95274,TRACE,GONEAWAY,2025-08-01
47933,LEGAL,LEG_NOT,2025-08-01
19099,SETTLED,SETTLED,2025-08-01
39629,SETTLED,SETTLED,2025-08-01
28442,OTHER,ARCHIVED,2025-08-01
95324,TRACE,GONEAWAY,2025-08-01
98172,INSOLVENCY,INS2,2025-08-01
27789,COLLECTIONS,PRIME_D,2025-08-01
59344,SETTLED,SETTLED,2025-08-01
31233,INSOLVENCY,INS1,2025-08-01
42494,OTHER,ARCHIVED,2025-08-01
93257,LEGAL,LEG VERIF 1,2025-08-01
28382,SETTLED,SETTLED,2025-08-01
91658,LEGAL,HOLD FO,2025-08-01
69791,COLLECTIONS,PRIME,2025-08-01
41546,INSOLVENCY,INS4,2025-08-01
65559,PAYING,PAY PROP,2025-08-01
13787,TRACE,GONEAWAY,2025-08-01
83652,INSOLVENCY,INS4,2025-08-01
71125,TRACE,GONEAWAY,2025-08-01
35227,COLLECTIONS,PAY OVER,2025-08-01
17413,SETTLED,SETTLED,2025-08-01
38921,COLLECTIONS,TELSOLUTIONS4,2025-08-01
95230,COLLECTIONS,TELSOLUTIONS4,2025-08-01
13861,PAYING,PAY CURR,2025-08-01
21707,OTHER,ARCHIVED,2025-08-01
13206,OTHER,ARCHIVED,2025-08-01
15248,INSOLVENCY,INSP,2025-08-01
95291,INSOLVENCY,INS4,2025-08-01
84640,INSOLVENCY,INS4,2025-08-01
95157,TRACE,GONEAWAY,2025-08-01
79792,SETTLED,SETTLED,2025-08-01
98794,INSOLVENCY,INS1,2025-08-01
90869,LEGAL,LEG_TIT,2025-08-01
39313,LEGAL,LEG VERIF 2,2025-08-01
21453,INSOLVENCY,INS1,2025-08-01
60001,PAYING,PAY PROP,2025-08-01
77917,PAYING,PAY PROP,2025-08-01
63848,LEGAL,LEG VERIF 1,2025-08-01
55047,INSOLVENCY,INS3,2025-08-01
58434,PAYING,PAY CURR,2025-08-01
99694,SETTLED,SETTLED,2025-08-01
77521,SETTLED,SETTLED,2025-08-01
42247,TRACE,GONEAWAY,2025-08-01
50973,OTHER,ARCHIVED,2025-08-01
91099,INSOLVENCY,INSP,2025-08-01
61934,SETTLED,SETTLED,2025-08-01
16077,COLLECTIONS,PAY OVER,2025-08-01
46986,LEGAL,LEG_NOT,2025-08-01
57074,COLLECTIONS,CANCEL2,2025-08-01
66138,TRACE,GONEAWAY,2025-08-01
13883,SETTLED,SETTLED,2025-08-01
62345,COLLECTIONS,PRIME_D,2025-08-01
94956,SETTLED,SETTLED,2025-08-01
29836,SETTLED,SETTLED,2025-08-01
13057,INSOLVENCY,INS2,2025-08-01
18486,LEGAL,LEG VERIF 1,2025-08-01
13664,COLLECTIONS,CANCEL4,2025-08-01
63538,COLLECTIONS,PRIME,2025-08-01
34223,INSOLVENCY,INS3,2025-08-01
39966,SETTLED,SETTLED,2025-08-01
46662,OTHER,ARCHIVED,2025-08-01
14671,SETTLED,SETTLED,2025-08-01
32998,LEGAL,HOLD FO,2025-08-01
91678,SETTLED,SETTLED,2025-08-01
94751,LEGAL,LEG VERIF 2,2025-08-01
39643,LEGAL,HOLD FO,2025-08-01
97918,INSOLVENCY,INS1,2025-08-01
33057,OTHER,ARCHIVED,2025-08-01
14567,COLLECTIONS,CASSIST2,2025-08-01
25726,SETTLED,SETTLED,2025-08-01
74670,COLLECTIONS,PAY OVER,2025-08-01
11254,INSOLVENCY,INS4,2025-08-01
18838,INSOLVENCY,INS4,2025-08-01
93774,COLLECTIONS,CASSIST2,2025-08-01
64136,TRACE,GONEAWAY,2025-08-01
70219,PAYING,PAY CURR,2025-08-01
45153,SETTLED,SETTLED,2025-08-01
85441,COLLECTIONS,CASSIST2,2025-08-01
21489,LEGAL,LEG VERIF 2,2025-08-01
94714,INSOLVENCY,INS3,2025-08-01
72340,PAYING,PAY CURR,2025-08-01
59940,LEGAL,LEG_TIT,2025-08-01
66216,OTHER,ARCHIVED,2025-08-01
60840,OTHER,ARCHIVED,2025-08-01
75723,INSOLVENCY,INS2,2025-08-01
40540,TRACE,GONEAWAY,2025-08-01
52087,PAYING,PAY CURR,2025-08-01
73732,SETTLED,SETTLED,2025-08-01
47543,TRACE,GONEAWAY,2025-08-01
13989,OTHER,ARCHIVED,2025-08-01
86013,COLLECTIONS,PRIME,2025-08-01
21698,INSOLVENCY,INS2,2025-08-01
57417,INSOLVENCY,INS1,2025-08-01
23382,LEGAL,LEG VERIF 1,2025-08-01
46494,SETTLED,SETTLED,2025-08-01
70629,OTHER,ARCHIVED,2025-08-01
93496,LEGAL,LEG VERIF 2,2025-08-01
86086,OTHER,ARCHIVED,2025-08-01
17821,PAYING,PAY CURR,2025-08-01
27543,OTHER,ARCHIVED,2025-08-01
89176,TRACE,GONEAWAY,2025-08-01
13124,SETTLED,SETTLED,2025-08-01
22367,COLLECTIONS,PRIME_D,2025-08-01
74428,LEGAL,LEG VERIF 1,2025-08-01
47450,OTHER,ARCHIVED,2025-08-01
68126,OTHER,ARCHIVED,2025-08-01
37988,LEGAL,LEG VERIF 2,2025-08-01
97661,SETTLED,SETTLED,2025-08-01
87813,LEGAL,LEG VERIF 2,2025-08-01
78078,INSOLVENCY,INS2,2025-08-01
47103,COLLECTIONS,TELSOLUTIONS1,2025-08-01
37628,SETTLED,SETTLED,2025-08-01
31658,INSOLVENCY,INS1,2025-08-01
88060,OTHER,ARCHIVED,2025-08-01
25000,COLLECTIONS,TELSOLUTIONS1,2025-08-01
31172,TRACE,GONEAWAY,2025-08-01
64246,OTHER,ARCHIVED,2025-08-01
91435,SETTLED,SETTLED,2025-08-01
21415,PAYING,PAY CURR,2025-08-01
52697,SETTLED,SETTLED,2025-08-01
75042,SETTLED,SETTLED,2025-08-01
84256,TRACE,GONEAWAY,2025-08-01
20507,LEGAL,LEG_TIT,2025-08-01
34108,OTHER,ARCHIVED,2025-08-01
45495,COLLECTIONS,TELSOLUTIONS4,2025-08-01
22047,COLLECTIONS,CANCEL2,2025-08-01
91712,OTHER,ARCHIVED,2025-08-01
77145,PAYING,PAY CURR,2025-08-01
57663,SETTLED,SETTLED,2025-08-01
30496,TRACE,GONEAWAY,2025-08-01
99755,LEGAL,LEG VERIF 1,2025-08-01
67443,PAYING,PAY CURR,2025-08-01
39175,PAYING,PAY CURR,2025-08-01
52219,SETTLED,SETTLED,2025-08-01
77395,LEGAL,LEG VERIF 1,2025-08-01
91001,PAYING,PAY PROP,2025-08-01
47857,SETTLED,SETTLED,2025-08-01
82789,TRACE,GONEAWAY,2025-08-01
67303,PAYING,PAY CURR,2025-08-01
31527,OTHER,ARCHIVED,2025-08-01
67701,COLLECTIONS,CASSIST2,2025-08-01
27800,PAYING,PAY PROP,2025-08-01
71914,SETTLED,SETTLED,2025-08-01
93809,PAYING,PAY PROP,2025-08-01
55200,TRACE,GONEAWAY,2025-08-01
27620,TRACE,GONEAWAY,2025-08-01
43108,TRACE,GONEAWAY,2025-08-01
79521,LEGAL,HOLD FO,2025-08-01
59505,SETTLED,SETTLED,2025-08-01
32832,INSOLVENCY,INSP,2025-08-01
45539,COLLECTIONS,PRIME_D,2025-08-01
64713,OTHER,ARCHIVED,2025-08-01
35504,PAYING,PAY CURR,2025-08-01
24815,INSOLVENCY,INSP,2025-08-01
19986,LEGAL,LEG_TIT,2025-08-01
85173,SETTLED,SETTLED,2025-08-01
66463,PAYING,PAY PROP,2025-08-01
92889,OTHER,ARCHIVED,2025-08-01
97280,OTHER,ARCHIVED,2025-08-01
40198,OTHER,ARCHIVED,2025-08-01
71048,INSOLVENCY,INSP,2025-08-01
96772,SETTLED,SETTLED,2025-08-01
62106,INSOLVENCY,INS3,2025-08-01
38899,SETTLED,SETTLED,2025-08-01
56961,LEGAL,HOLD FO,2025-08-01
89612,COLLECTIONS,CANCEL2,2025-08-01
52609,COLLECTIONS,TELSOLUTIONS4,2025-08-01
78528,COLLECTIONS,PRIME,2025-08-01
88706,LEGAL,HOLD FO,2025-08-01
28504,COLLECTIONS,TELSOLUTIONS1,2025-08-01
11356,COLLECTIONS,CANCEL2,2025-08-01
47808,OTHER,ARCHIVED,2025-08-01
14961,COLLECTIONS,PRIME_D,2025-08-01
76500,LEGAL,LEG_TIT,2025-08-01
66106,LEGAL,HOLD FO,2025-08-01
64070,LEGAL,LEG VERIF 1,2025-08-01
24213,PAYING,PAY PROP,2025-08-01
36291,INSOLVENCY,INS2,2025-08-01
34629,INSOLVENCY,INS2,2025-08-01
41740,PAYING,PAY CURR,2025-08-01
84211,COLLECTIONS,CANCEL2,2025-08-01
61279,OTHER,ARCHIVED,2025-08-01
82526,SETTLED,SETTLED,2025-08-01
81029,TRACE,GONEAWAY,2025-08-01
16402,TRACE,GONEAWAY,2025-08-01
17880,TRACE,GONEAWAY,2025-08-01
87432,INSOLVENCY,INS3,2025-08-01
55886,COLLECTIONS,CASSIST2,2025-08-01
61550,INSOLVENCY,INS2,2025-08-01
62692,PAYING,PAY CURR,2025-08-01
51596,LEGAL,HOLD FO,2025-08-01
94706,COLLECTIONS,PRIME_D,2025-08-01
58892,INSOLVENCY,INS4,2025-08-01
45393,COLLECTIONS,CANCEL4,2025-08-01
74699,TRACE,GONEAWAY,2025-08-01
65864,PAYING,PAY CURR,2025-08-01
74894,LEGAL,HOLD FO,2025-08-01
90467,TRACE,GONEAWAY,2025-08-01
86693,LEGAL,LEG VERIF 2,2025-08-01
67504,TRACE,GONEAWAY,2025-08-01
32252,LEGAL,LEG VERIF 2,2025-08-01
16628,SETTLED,SETTLED,2025-08-01
31903,COLLECTIONS,PAY OVER,2025-08-01
20233,INSOLVENCY,INS3,2025-08-01
27223,LEGAL,LEG_NOT,2025-08-01
49999,PAYING,PAY CURR,2025-08-01
52137,COLLECTIONS,PRIME,2025-08-01
83620,SETTLED,SETTLED,2025-08-01
49171,PAYING,PAY PROP,2025-08-01
60663,LEGAL,HOLD FO,2025-08-01
46545,COLLECTIONS,PAY OVER,2025-08-01
48786,SETTLED,SETTLED,2025-08-01
94638,COLLECTIONS,PRIME,2025-08-01
98298,SETTLED,SETTLED,2025-08-01
86556,COLLECTIONS,PRIME_D,2025-08-01
90725,INSOLVENCY,INS2,2025-08-01
14117,COLLECTIONS,PRIME_D,2025-08-01
63099,COLLECTIONS,CANCEL4,2025-08-01
82095,PAYING,PAY CURR,2025-08-01
84455,COLLECTIONS,TELSOLUTIONS4,2025-08-01
73556,INSOLVENCY,INS3,2025-08-01
53131,LEGAL,HOLD FO,2025-08-01
23982,PAYING,PAY PROP,2025-08-01
48880,TRACE,GONEAWAY,2025-08-01
82007,INSOLVENCY,INSP,2025-08-01
14006,INSOLVENCY,INS1,2025-08-01
26168,COLLECTIONS,PRIME,2025-08-01
33783,SETTLED,SETTLED,2025-08-01
35401,OTHER,ARCHIVED,2025-08-01
26696,LEGAL,LEG_TIT,2025-08-01
20307,OTHER,ARCHIVED,2025-08-01
80451,COLLECTIONS,CANCEL4,2025-08-01
85241,TRACE,GONEAWAY,2025-08-01
95997,TRACE,GONEAWAY,2025-08-01
94928,COLLECTIONS,PRIME_D,2025-08-01
29210,PAYING,PAY CURR,2025-08-01
58244,TRACE,GONEAWAY,2025-08-01
70180,OTHER,ARCHIVED,2025-08-01
78633,COLLECTIONS,CASSIST2,2025-08-01
86015,LEGAL,LEG VERIF 1,2025-08-01
91402,TRACE,GONEAWAY,2025-08-01
59399,COLLECTIONS,TELSOLUTIONS1,2025-08-01
31933,LEGAL,LEG_NOT,2025-08-01
45548,SETTLED,SETTLED,2025-08-01
27497,COLLECTIONS,CANCEL2,2025-08-01
86646,INSOLVENCY,INS3,2025-08-01
21399,LEGAL,LEG VERIF 1,2025-08-01
95599,OTHER,ARCHIVED,2025-08-01
37781,OTHER,ARCHIVED,2025-08-01
26514,SETTLED,SETTLED,2025-08-01
11352,INSOLVENCY,INS1,2025-08-01
44060,LEGAL,LEG_TIT,2025-08-01
29623,SETTLED,SETTLED,2025-08-01
19413,COLLECTIONS,PRIME_D,2025-08-01
95232,COLLECTIONS,CANCEL2,2025-08-01
38621,TRACE,GONEAWAY,2025-08-01
92669,PAYING,PAY PROP,2025-08-01
13416,SETTLED,SETTLED,2025-08-01
32283,INSOLVENCY,INSP,2025-08-01
88716,OTHER,ARCHIVED,2025-08-01
84845,PAYING,PAY CURR,2025-08-01
47984,COLLECTIONS,TELSOLUTIONS4,2025-08-01
82269,COLLECTIONS,TELSOLUTIONS1,2025-08-01
60048,TRACE,GONEAWAY,2025-08-01
65773,COLLECTIONS,PRIME,2025-08-01
29600,OTHER,ARCHIVED,2025-08-01
80893,INSOLVENCY,INS3,2025-08-01
34083,INSOLVENCY,INS1,2025-08-01
51089,LEGAL,HOLD FO,2025-08-01
74104,COLLECTIONS,TELSOLUTIONS1,2025-08-01
35861,SETTLED,SETTLED,2025-08-01
69313,LEGAL,LEG_TIT,2025-08-01
72758,SETTLED,SETTLED,2025-08-01
78987,PAYING,PAY PROP,2025-08-01
95948,COLLECTIONS,PRIME_D,2025-08-01
97132,PAYING,PAY CURR,2025-08-01
82735,TRACE,GONEAWAY,2025-08-01
87394,SETTLED,SETTLED,2025-08-01
62377,INSOLVENCY,INS1,2025-08-01
66755,TRACE,GONEAWAY,2025-08-01
68436,TRACE,GONEAWAY,2025-08-01
45571,PAYING,PAY CURR,2025-08-01
91331,SETTLED,SETTLED,2025-08-01
85557,LEGAL,LEG_NOT,2025-08-01
12247,COLLECTIONS,PAY OVER,2025-08-01
29593,OTHER,ARCHIVED,2025-08-01
48354,LEGAL,LEG VERIF 2,2025-08-01
30531,TRACE,GONEAWAY,2025-08-01
58120,OTHER,ARCHIVED,2025-08-01
67687,PAYING,PAY PROP,2025-08-01
98909,PAYING,PAY CURR,2025-08-01
20457,INSOLVENCY,INS4,2025-08-01
91537,INSOLVENCY,INS3,2025-08-01
37924,LEGAL,HOLD FO,2025-08-01
39116,OTHER,ARCHIVED,2025-08-01
90213,SETTLED,SETTLED,2025-08-01
40079,INSOLVENCY,INS3,2025-08-01
63223,PAYING,PAY PROP,2025-08-01
89178,OTHER,ARCHIVED,2025-08-01
60199,INSOLVENCY,INS1,2025-08-01
65156,SETTLED,SETTLED,2025-08-01
58473,PAYING,PAY CURR,2025-08-01
35919,LEGAL,HOLD FO,2025-08-01
19086,SETTLED,SETTLED,2025-08-01
51216,OTHER,ARCHIVED,2025-08-01
17320,PAYING,PAY PROP,2025-08-01
94606,COLLECTIONS,CANCEL2,2025-08-01
87459,LEGAL,LEG VERIF 1,2025-08-01
52017,LEGAL,LEG_NOT,2025-08-01
16913,LEGAL,HOLD FO,2025-08-01
96425,COLLECTIONS,TELSOLUTIONS4,2025-08-01
39453,SETTLED,SETTLED,2025-08-01
62495,SETTLED,SETTLED,2025-08-01
78416,TRACE,GONEAWAY,2025-08-01
21418,SETTLED,SETTLED,2025-08-01
50515,SETTLED,SETTLED,2025-08-01
60947,INSOLVENCY,INS3,2025-08-01
36810,OTHER,ARCHIVED,2025-08-01
61708,OTHER,ARCHIVED,2025-08-01
65428,LEGAL,LEG_TIT,2025-08-01
25073,INSOLVENCY,INS3,2025-08-01
63285,PAYING,PAY PROP,2025-08-01
40856,TRACE,GONEAWAY,2025-08-01
13356,LEGAL,LEG VERIF 1,2025-08-01
86543,LEGAL,LEG VERIF 2,2025-08-01
96035,OTHER,ARCHIVED,2025-08-01
32687,OTHER,ARCHIVED,2025-08-01
62836,TRACE,GONEAWAY,2025-08-01
43403,INSOLVENCY,INS3,2025-08-01
82324,LEGAL,LEG VERIF 1,2025-08-01
23780,INSOLVENCY,INS1,2025-08-01
83051,COLLECTIONS,PRIME,2025-08-01
92829,TRACE,GONEAWAY,2025-08-01
85466,LEGAL,LEG_NOT,2025-08-01
66158,PAYING,PAY CURR,2025-08-01
30943,LEGAL,LEG_NOT,2025-08-01
52055,INSOLVENCY,INS3,2025-08-01
11336,SETTLED,SETTLED,2025-08-01
66787,PAYING,PAY PROP,2025-08-01
92255,LEGAL,LEG VERIF 1,2025-08-01
77513,LEGAL,LEG_NOT,2025-08-01
42371,PAYING,PAY PROP,2025-08-01
10180,OTHER,ARCHIVED,2025-08-01
94193,TRACE,GONEAWAY,2025-08-01
33376,INSOLVENCY,INS3,2025-08-01
47532,LEGAL,HOLD FO,2025-08-01
44289,OTHER,ARCHIVED,2025-08-01
17346,SETTLED,SETTLED,2025-08-01
36459,INSOLVENCY,INS2,2025-08-01
57819,COLLECTIONS,CANCEL4,2025-08-01
40987,SETTLED,SETTLED,2025-08-01
26066,INSOLVENCY,INS4,2025-08-01
63368,OTHER,ARCHIVED,2025-08-01
31463,OTHER,ARCHIVED,2025-08-01
69833,SETTLED,SETTLED,2025-08-01
62595,COLLECTIONS,PRIME_D,2025-08-01
73634,LEGAL,LEG VERIF 2,2025-08-01
82487,LEGAL,LEG VERIF 2,2025-08-01
34002,LEGAL,HOLD FO,2025-08-01
86494,PAYING,PAY CURR,2025-08-01
46369,OTHER,ARCHIVED,2025-08-01
30817,OTHER,ARCHIVED,2025-08-01
54765,PAYING,PAY CURR,2025-08-01
42747,INSOLVENCY,INSP,2025-08-01
54885,INSOLVENCY,INSP,2025-08-01
17948,TRACE,GONEAWAY,2025-08-01
79212,INSOLVENCY,INSP,2025-08-01
54549,OTHER,ARCHIVED,2025-08-01
47801,SETTLED,SETTLED,2025-08-01
73332,OTHER,ARCHIVED,2025-08-01
89946,TRACE,GONEAWAY,2025-08-01
33687,SETTLED,SETTLED,2025-08-01
41979,INSOLVENCY,INS3,2025-08-01
15680,LEGAL,LEG_NOT,2025-08-01
55558,INSOLVENCY,INS4,2025-08-01
30746,OTHER,ARCHIVED,2025-08-01
89082,LEGAL,LEG_TIT,2025-08-01
37744,PAYING,PAY PROP,2025-08-01
46588,COLLECTIONS,CANCEL2,2025-08-01
14184,SETTLED,SETTLED,2025-08-01
91173,PAYING,PAY CURR,2025-08-01
74228,LEGAL,LEG VERIF 1,2025-08-01
86347,TRACE,GONEAWAY,2025-08-01
16198,PAYING,PAY CURR,2025-08-01
97989,INSOLVENCY,INS2,2025-08-01
13484,COLLECTIONS,PRIME,2025-08-01
81469,TRACE,GONEAWAY,2025-08-01
48606,LEGAL,HOLD FO,2025-08-01
57791,INSOLVENCY,INS1,2025-08-01
89637,OTHER,ARCHIVED,2025-08-01
58064,OTHER,ARCHIVED,2025-08-01
55030,TRACE,GONEAWAY,2025-08-01
87921,INSOLVENCY,INS1,2025-08-01
83785,TRACE,GONEAWAY,2025-08-01
57726,COLLECTIONS,CANCEL4,2025-08-01
90540,PAYING,PAY PROP,2025-08-01
54123,SETTLED,SETTLED,2025-08-01
10585,TRACE,GONEAWAY,2025-08-01
84118,COLLECTIONS,PRIME_D,2025-08-01
73980,TRACE,GONEAWAY,2025-08-01
77356,COLLECTIONS,TELSOLUTIONS1,2025-08-01
59502,OTHER,ARCHIVED,2025-08-01
27482,COLLECTIONS,PRIME,2025-08-01
71242,INSOLVENCY,INS2,2025-08-01
25633,COLLECTIONS,CANCEL4,2025-08-01
77426,COLLECTIONS,PAY OVER,2025-08-01
51246,COLLECTIONS,PRIME,2025-08-01
17670,OTHER,ARCHIVED,2025-08-01
17232,INSOLVENCY,INS1,2025-08-01
52436,TRACE,GONEAWAY,2025-08-01
10869,LEGAL,LEG VERIF 2,2025-08-01
37798,COLLECTIONS,TELSOLUTIONS4,2025-08-01
93890,SETTLED,SETTLED,2025-08-01
17993,SETTLED,SETTLED,2025-08-01
77013,INSOLVENCY,INS4,2025-08-01
26742,COLLECTIONS,PRIME_D,2025-08-01
42252,LEGAL,LEG_NOT,2025-08-01
79279,TRACE,GONEAWAY,2025-08-01
32552,OTHER,ARCHIVED,2025-08-01
72838,LEGAL,LEG VERIF 1,2025-08-01
67396,TRACE,GONEAWAY,2025-08-01
59639,LEGAL,LEG_TIT,2025-08-01
97730,OTHER,ARCHIVED,2025-08-01
36313,INSOLVENCY,INS3,2025-08-01
88333,OTHER,ARCHIVED,2025-08-01
81675,LEGAL,LEG_TIT,2025-08-01
34650,INSOLVENCY,INS4,2025-08-01
26232,OTHER,ARCHIVED,2025-08-01
98849,LEGAL,LEG_NOT,2025-08-01
88213,LEGAL,LEG_NOT,2025-08-01
40733,SETTLED,SETTLED,2025-08-01
59791,SETTLED,SETTLED,2025-08-01
34177,INSOLVENCY,INS2,2025-08-01
85043,LEGAL,LEG VERIF 1,2025-08-01
10388,OTHER,ARCHIVED,2025-08-01
26096,OTHER,ARCHIVED,2025-08-01
77535,INSOLVENCY,INS4,2025-08-01
86650,TRACE,GONEAWAY,2025-08-01
47862,INSOLVENCY,INS4,2025-08-01
85869,SETTLED,SETTLED,2025-08-01
77524,INSOLVENCY,INS3,2025-08-01
19949,INSOLVENCY,INS3,2025-08-01
22385,PAYING,PAY CURR,2025-08-01
99999,LEGAL,LEG_NOT,2025-08-01
26686,LEGAL,HOLD FO,2025-09-01
48388,PAYING,PAY PROP,2025-09-01
81634,PAYING,PAY PROP,2025-09-01
39776,PAYING,PAY CURR,2025-09-01
70437,OTHER,ARCHIVED,2025-09-01
25635,SETTLED,SETTLED,2025-09-01
72278,LEGAL,LEG_NOT,2025-09-01
43314,LEGAL,LEG_NOT,2025-09-01
77262,COLLECTIONS,CANCEL2,2025-09-01
68484,SETTLED,SETTLED,2025-09-01
54341,TRACE,GONEAWAY,2025-09-01
25733,SETTLED,SETTLED,2025-09-01
83776,LEGAL,LEG VERIF 1,2025-09-01
10506,OTHER,ARCHIVED,2025-09-01
54275,COLLECTIONS,PRIME_D,2025-09-01
78353,TRACE,GONEAWAY,2025-09-01
91558,INSOLVENCY,INS4,2025-09-01
85922,PAYING,PAY CURR,2025-09-01
44476,PAYING,PAY CURR,2025-09-01
15757,TRACE,GONEAWAY,2025-09-01
55044,TRACE,GONEAWAY,2025-09-01
26918,COLLECTIONS,TELSOLUTIONS1,2025-09-01
11916,TRACE,GONEAWAY,2025-09-01
91710,INSOLVENCY,INSP,2025-09-01
15004,PAYING,PAY CURR,2025-09-01
40659,LEGAL,LEG_TIT,2025-09-01
98254,LEGAL,LEG VERIF 1,2025-09-01
43882,SETTLED,SETTLED,2025-09-01
54718,PAYING,PAY CURR,2025-09-01
61582,LEGAL,HOLD FO,2025-09-01
60011,PAYING,PAY PROP,2025-09-01
94400,SETTLED,SETTLED,2025-09-01
92221,SETTLED,SETTLED,2025-09-01
46992,LEGAL,LEG VERIF 1,2025-09-01
91142,PAYING,PAY PROP,2025-09-01
46155,INSOLVENCY,INS3,2025-09-01
88654,OTHER,ARCHIVED,2025-09-01
19372,SETTLED,SETTLED,2025-09-01
58984,PAYING,PAY CURR,2025-09-01
49823,TRACE,GONEAWAY,2025-09-01
54296,COLLECTIONS,CANCEL2,2025-09-01
44286,INSOLVENCY,INS1,2025-09-01
11449,COLLECTIONS,CASSIST2,2025-09-01
33347,LEGAL,LEG VERIF 1,2025-09-01
19523,TRACE,GONEAWAY,2025-09-01
44502,LEGAL,LEG VERIF 2,2025-09-01
89313,COLLECTIONS,TELSOLUTIONS1,2025-09-01
19675,TRACE,GONEAWAY,2025-09-01
83943,TRACE,GONEAWAY,2025-09-01
68861,PAYING,PAY CURR,2025-09-01
53017,LEGAL,LEG VERIF 2,2025-09-01
55992,TRACE,GONEAWAY,2025-09-01
53016,PAYING,PAY CURR,2025-09-01
10474,PAYING,PAY PROP,2025-09-01
95274,LEGAL,HOLD FO,2025-09-01
47933,LEGAL,LEG_NOT,2025-09-01
19099,SETTLED,SETTLED,2025-09-01
39629,TRACE,GONEAWAY,2025-09-01
28442,LEGAL,LEG_TIT,2025-09-01
95324,TRACE,GONEAWAY,2025-09-01
98172,INSOLVENCY,INS2,2025-09-01
27789,COLLECTIONS,PRIME_D,2025-09-01
59344,SETTLED,SETTLED,2025-09-01
31233,LEGAL,LEG VERIF 1,2025-09-01
42494,COLLECTIONS,CASSIST2,2025-09-01
93257,LEGAL,LEG VERIF 1,2025-09-01
28382,SETTLED,SETTLED,2025-09-01
91658,INSOLVENCY,INSP,2025-09-01
69791,COLLECTIONS,PRIME,2025-09-01
41546,INSOLVENCY,INS2,2025-09-01
65559,COLLECTIONS,CANCEL4,2025-09-01
13787,TRACE,GONEAWAY,2025-09-01
83652,INSOLVENCY,INS4,2025-09-01
71125,PAYING,PAY PROP,2025-09-01
35227,TRACE,GONEAWAY,2025-09-01
17413,SETTLED,SETTLED,2025-09-01
38921,COLLECTIONS,TELSOLUTIONS4,2025-09-01
95230,OTHER,ARCHIVED,2025-09-01
13861,PAYING,PAY CURR,2025-09-01
21707,OTHER,ARCHIVED,2025-09-01
13206,INSOLVENCY,INS3,2025-09-01
15248,TRACE,GONEAWAY,2025-09-01
95291,INSOLVENCY,INS4,2025-09-01
84640,INSOLVENCY,INS4,2025-09-01
95157,COLLECTIONS,PRIME_D,2025-09-01
79792,SETTLED,SETTLED,2025-09-01
98794,INSOLVENCY,INS1,2025-09-01
90869,LEGAL,LEG_TIT,2025-09-01
39313,LEGAL,LEG VERIF 2,2025-09-01
21453,OTHER,ARCHIVED,2025-09-01
60001,PAYING,PAY PROP,2025-09-01
77917,PAYING,PAY PROP,2025-09-01
63848,TRACE,GONEAWAY,2025-09-01
55047,SETTLED,SETTLED,2025-09-01
58434,PAYING,PAY CURR,2025-09-01
99694,SETTLED,SETTLED,2025-09-01
77521,SETTLED,SETTLED,2025-09-01
42247,TRACE,GONEAWAY,2025-09-01
50973,OTHER,ARCHIVED,2025-09-01
91099,INSOLVENCY,INSP,2025-09-01
61934,COLLECTIONS,CANCEL2,2025-09-01
16077,COLLECTIONS,PAY OVER,2025-09-01
46986,TRACE,GONEAWAY,2025-09-01
57074,SETTLED,SETTLED,2025-09-01
66138,TRACE,GONEAWAY,2025-09-01
13883,COLLECTIONS,PAY OVER,2025-09-01
62345,COLLECTIONS,PRIME_D,2025-09-01
94956,TRACE,GONEAWAY,2025-09-01
29836,SETTLED,SETTLED,2025-09-01
13057,INSOLVENCY,INS2,2025-09-01
18486,LEGAL,LEG VERIF 1,2025-09-01
13664,PAYING,PAY CURR,2025-09-01
63538,COLLECTIONS,PRIME,2025-09-01
34223,INSOLVENCY,INS3,2025-09-01
39966,SETTLED,SETTLED,2025-09-01
46662,OTHER,ARCHIVED,2025-09-01
14671,SETTLED,SETTLED,2025-09-01
32998,LEGAL,HOLD FO,2025-09-01
91678,SETTLED,SETTLED,2025-09-01
94751,PAYING,PAY PROP,2025-09-01
39643,LEGAL,HOLD FO,2025-09-01
97918,INSOLVENCY,INS1,2025-09-01
33057,OTHER,ARCHIVED,2025-09-01
14567,COLLECTIONS,CASSIST2,2025-09-01
25726,OTHER,ARCHIVED,2025-09-01
74670,SETTLED,SETTLED,2025-09-01
11254,INSOLVENCY,INS4,2025-09-01
18838,INSOLVENCY,INS4,2025-09-01
93774,COLLECTIONS,CASSIST2,2025-09-01
64136,PAYING,PAY CURR,2025-09-01
70219,PAYING,PAY CURR,2025-09-01
45153,SETTLED,SETTLED,2025-09-01
85441,COLLECTIONS,CASSIST2,2025-09-01
21489,LEGAL,LEG VERIF 2,2025-09-01
94714,INSOLVENCY,INS3,2025-09-01
72340,PAYING,PAY CURR,2025-09-01
59940,COLLECTIONS,TELSOLUTIONS1,2025-09-01
66216,PAYING,PAY PROP,2025-09-01
60840,COLLECTIONS,TELSOLUTIONS4,2025-09-01
75723,INSOLVENCY,INS2,2025-09-01
40540,TRACE,GONEAWAY,2025-09-01
52087,PAYING,PAY CURR,2025-09-01
73732,SETTLED,SETTLED,2025-09-01
47543,PAYING,PAY PROP,2025-09-01
13989,OTHER,ARCHIVED,2025-09-01
86013,COLLECTIONS,PRIME,2025-09-01
21698,INSOLVENCY,INS2,2025-09-01
57417,SETTLED,SETTLED,2025-09-01
23382,OTHER,ARCHIVED,2025-09-01
46494,SETTLED,SETTLED,2025-09-01
70629,OTHER,ARCHIVED,2025-09-01
93496,INSOLVENCY,INS2,2025-09-01
86086,TRACE,GONEAWAY,2025-09-01
17821,PAYING,PAY CURR,2025-09-01
27543,COLLECTIONS,TELSOLUTIONS1,2025-09-01
89176,TRACE,GONEAWAY,2025-09-01
13124,PAYING,PAY PROP,2025-09-01
22367,COLLECTIONS,PRIME_D,2025-09-01
74428,SETTLED,SETTLED,2025-09-01
47450,OTHER,ARCHIVED,2025-09-01
68126,COLLECTIONS,PAY OVER,2025-09-01
37988,SETTLED,SETTLED,2025-09-01
97661,SETTLED,SETTLED,2025-09-01
87813,LEGAL,LEG VERIF 2,2025-09-01
78078,INSOLVENCY,INS2,2025-09-01
47103,COLLECTIONS,TELSOLUTIONS1,2025-09-01
37628,OTHER,ARCHIVED,2025-09-01
31658,SETTLED,SETTLED,2025-09-01
88060,OTHER,ARCHIVED,2025-09-01
25000,COLLECTIONS,TELSOLUTIONS1,2025-09-01
31172,TRACE,GONEAWAY,2025-09-01
64246,OTHER,ARCHIVED,2025-09-01
91435,SETTLED,SETTLED,2025-09-01
21415,PAYING,PAY CURR,2025-09-01
52697,SETTLED,SETTLED,2025-09-01
75042,SETTLED,SETTLED,2025-09-01
84256,COLLECTIONS,TELSOLUTIONS4,2025-09-01
20507,INSOLVENCY,INSP,2025-09-01
34108,SETTLED,SETTLED,2025-09-01
45495,COLLECTIONS,TELSOLUTIONS4,2025-09-01
22047,SETTLED,SETTLED,2025-09-01
91712,COLLECTIONS,TELSOLUTIONS4,2025-09-01
77145,OTHER,ARCHIVED,2025-09-01
57663,LEGAL,HOLD FO,2025-09-01
30496,TRACE,GONEAWAY,2025-09-01
99755,LEGAL,LEG_NOT,2025-09-01
67443,COLLECTIONS,PAY OVER,2025-09-01
39175,INSOLVENCY,INS3,2025-09-01
52219,INSOLVENCY,INS3,2025-09-01
77395,LEGAL,LEG VERIF 1,2025-09-01
91001,PAYING,PAY PROP,2025-09-01
47857,PAYING,PAY PROP,2025-09-01
82789,COLLECTIONS,CANCEL2,2025-09-01
67303,PAYING,PAY CURR,2025-09-01
31527,COLLECTIONS,TELSOLUTIONS1,2025-09-01
67701,COLLECTIONS,CASSIST2,2025-09-01
27800,PAYING,PAY PROP,2025-09-01
71914,SETTLED,SETTLED,2025-09-01
93809,OTHER,ARCHIVED,2025-09-01
55200,TRACE,GONEAWAY,2025-09-01
27620,TRACE,GONEAWAY,2025-09-01
43108,PAYING,PAY CURR,2025-09-01
79521,LEGAL,HOLD FO,2025-09-01
59505,COLLECTIONS,TELSOLUTIONS4,2025-09-01
32832,INSOLVENCY,INSP,2025-09-01
45539,INSOLVENCY,INSP,2025-09-01
64713,INSOLVENCY,INS1,2025-09-01
35504,COLLECTIONS,PAY OVER,2025-09-01
24815,INSOLVENCY,INSP,2025-09-01
19986,SETTLED,SETTLED,2025-09-01
85173,INSOLVENCY,INS3,2025-09-01
66463,LEGAL,LEG_TIT,2025-09-01
92889,OTHER,ARCHIVED,2025-09-01
97280,OTHER,ARCHIVED,2025-09-01
40198,OTHER,ARCHIVED,2025-09-01
71048,INSOLVENCY,INSP,2025-09-01
96772,PAYING,PAY CURR,2025-09-01
62106,OTHER,ARCHIVED,2025-09-01
38899,SETTLED,SETTLED,2025-09-01
56961,LEGAL,HOLD FO,2025-09-01
89612,OTHER,ARCHIVED,2025-09-01
52609,COLLECTIONS,TELSOLUTIONS4,2025-09-01
78528,COLLECTIONS,PRIME,2025-09-01
88706,LEGAL,HOLD FO,2025-09-01
28504,LEGAL,LEG VERIF 2,2025-09-01
11356,COLLECTIONS,CANCEL2,2025-09-01
47808,OTHER,ARCHIVED,2025-09-01
14961,COLLECTIONS,PRIME_D,2025-09-01
76500,COLLECTIONS,PAY OVER,2025-09-01
66106,PAYING,PAY PROP,2025-09-01
64070,LEGAL,LEG VERIF 1,2025-09-01
24213,PAYING,PAY PROP,2025-09-01
36291,INSOLVENCY,INS2,2025-09-01
34629,INSOLVENCY,INS2,2025-09-01
41740,SETTLED,SETTLED,2025-09-01
84211,PAYING,PAY PROP,2025-09-01
61279,INSOLVENCY,INS2,2025-09-01
82526,SETTLED,SETTLED,2025-09-01
81029,TRACE,GONEAWAY,2025-09-01
16402,TRACE,GONEAWAY,2025-09-01
17880,TRACE,GONEAWAY,2025-09-01
87432,OTHER,ARCHIVED,2025-09-01
55886,SETTLED,SETTLED,2025-09-01
61550,INSOLVENCY,INS2,2025-09-01
62692,PAYING,PAY PROP,2025-09-01
51596,OTHER,ARCHIVED,2025-09-01
94706,COLLECTIONS,PRIME_D,2025-09-01
58892,INSOLVENCY,INS4,2025-09-01
45393,COLLECTIONS,CANCEL4,2025-09-01
74699,TRACE,GONEAWAY,2025-09-01
65864,PAYING,PAY CURR,2025-09-01
74894,LEGAL,HOLD FO,2025-09-01
90467,TRACE,GONEAWAY,2025-09-01
86693,INSOLVENCY,INSP,2025-09-01
67504,TRACE,GONEAWAY,2025-09-01
32252,PAYING,PAY CURR,2025-09-01
16628,INSOLVENCY,INS4,2025-09-01
31903,COLLECTIONS,TELSOLUTIONS1,2025-09-01
20233,SETTLED,SETTLED,2025-09-01
27223,LEGAL,LEG_NOT,2025-09-01
49999,PAYING,PAY CURR,2025-09-01
52137,INSOLVENCY,INS2,2025-09-01
83620,SETTLED,SETTLED,2025-09-01
49171,PAYING,PAY PROP,2025-09-01
60663,OTHER,ARCHIVED,2025-09-01
46545,TRACE,GONEAWAY,2025-09-01
48786,SETTLED,SETTLED,2025-09-01
94638,COLLECTIONS,PRIME,2025-09-01
98298,SETTLED,SETTLED,2025-09-01
86556,TRACE,GONEAWAY,2025-09-01
90725,OTHER,ARCHIVED,2025-09-01
14117,COLLECTIONS,PRIME_D,2025-09-01
63099,COLLECTIONS,CANCEL4,2025-09-01
82095,PAYING,PAY CURR,2025-09-01
84455,COLLECTIONS,TELSOLUTIONS4,2025-09-01
73556,INSOLVENCY,INS3,2025-09-01
53131,LEGAL,HOLD FO,2025-09-01
23982,PAYING,PAY PROP,2025-09-01
48880,TRACE,GONEAWAY,2025-09-01
82007,OTHER,ARCHIVED,2025-09-01
14006,INSOLVENCY,INS1,2025-09-01
26168,COLLECTIONS,PRIME,2025-09-01
33783,SETTLED,SETTLED,2025-09-01
35401,OTHER,ARCHIVED,2025-09-01
26696,PAYING,PAY CURR,2025-09-01
20307,LEGAL,LEG_TIT,2025-09-01
80451,LEGAL,LEG_NOT,2025-09-01
85241,TRACE,GONEAWAY,2025-09-01
95997,COLLECTIONS,CANCEL2,2025-09-01
94928,OTHER,ARCHIVED,2025-09-01
29210,PAYING,PAY CURR,2025-09-01
58244,TRACE,GONEAWAY,2025-09-01
70180,OTHER,ARCHIVED,2025-09-01
78633,LEGAL,LEG_TIT,2025-09-01
86015,LEGAL,LEG VERIF 1,2025-09-01
91402,LEGAL,LEG_NOT,2025-09-01
59399,COLLECTIONS,TELSOLUTIONS1,2025-09-01
31933,COLLECTIONS,TELSOLUTIONS4,2025-09-01
45548,SETTLED,SETTLED,2025-09-01
27497,PAYING,PAY CURR,2025-09-01
86646,INSOLVENCY,INS3,2025-09-01
21399,LEGAL,LEG VERIF 1,2025-09-01
95599,PAYING,PAY PROP,2025-09-01
37781,OTHER,ARCHIVED,2025-09-01
26514,PAYING,PAY CURR,2025-09-01
11352,INSOLVENCY,INS1,2025-09-01
44060,COLLECTIONS,TELSOLUTIONS4,2025-09-01
29623,SETTLED,SETTLED,2025-09-01
19413,COLLECTIONS,PAY OVER,2025-09-01
95232,COLLECTIONS,CANCEL2,2025-09-01
38621,PAYING,PAY CURR,2025-09-01
92669,PAYING,PAY PROP,2025-09-01
13416,INSOLVENCY,INSP,2025-09-01
32283,PAYING,PAY CURR,2025-09-01
88716,COLLECTIONS,CASSIST2,2025-09-01
84845,PAYING,PAY CURR,2025-09-01
47984,COLLECTIONS,TELSOLUTIONS4,2025-09-01
82269,PAYING,PAY PROP,2025-09-01
60048,OTHER,ARCHIVED,2025-09-01
65773,COLLECTIONS,PRIME,2025-09-01
29600,OTHER,ARCHIVED,2025-09-01
80893,INSOLVENCY,INS3,2025-09-01
34083,PAYING,PAY CURR,2025-09-01
51089,LEGAL,HOLD FO,2025-09-01
74104,INSOLVENCY,INS3,2025-09-01
35861,PAYING,PAY PROP,2025-09-01
69313,LEGAL,LEG_TIT,2025-09-01
72758,OTHER,ARCHIVED,2025-09-01
78987,PAYING,PAY PROP,2025-09-01
95948,COLLECTIONS,PRIME_D,2025-09-01
97132,INSOLVENCY,INS1,2025-09-01
82735,TRACE,GONEAWAY,2025-09-01
87394,SETTLED,SETTLED,2025-09-01
62377,INSOLVENCY,INS1,2025-09-01
66755,SETTLED,SETTLED,2025-09-01
68436,TRACE,GONEAWAY,2025-09-01
45571,PAYING,PAY CURR,2025-09-01
91331,INSOLVENCY,INS3,2025-09-01
85557,LEGAL,LEG_NOT,2025-09-01
12247,INSOLVENCY,INS4,2025-09-01
29593,OTHER,ARCHIVED,2025-09-01
48354,LEGAL,LEG VERIF 2,2025-09-01
30531,TRACE,GONEAWAY,2025-09-01
58120,SETTLED,SETTLED,2025-09-01
67687,PAYING,PAY PROP,2025-09-01
98909,LEGAL,LEG_NOT,2025-09-01
20457,INSOLVENCY,INS4,2025-09-01
91537,INSOLVENCY,INS3,2025-09-01
37924,LEGAL,HOLD FO,2025-09-01
39116,OTHER,ARCHIVED,2025-09-01
90213,SETTLED,SETTLED,2025-09-01
40079,INSOLVENCY,INS3,2025-09-01
63223,PAYING,PAY PROP,2025-09-01
89178,LEGAL,LEG VERIF 1,2025-09-01
60199,INSOLVENCY,INS1,2025-09-01
65156,SETTLED,SETTLED,2025-09-01
58473,PAYING,PAY CURR,2025-09-01
35919,LEGAL,HOLD FO,2025-09-01
19086,SETTLED,SETTLED,2025-09-01
51216,LEGAL,LEG_TIT,2025-09-01
17320,PAYING,PAY PROP,2025-09-01
94606,COLLECTIONS,CANCEL2,2025-09-01
87459,INSOLVENCY,INS4,2025-09-01
52017,OTHER,ARCHIVED,2025-09-01
16913,TRACE,GONEAWAY,2025-09-01
96425,COLLECTIONS,TELSOLUTIONS4,2025-09-01
39453,SETTLED,SETTLED,2025-09-01
62495,TRACE,GONEAWAY,2025-09-01
78416,SETTLED,SETTLED,2025-09-01
21418,SETTLED,SETTLED,2025-09-01
50515,TRACE,GONEAWAY,2025-09-01
60947,INSOLVENCY,INS3,2025-09-01
36810,INSOLVENCY,INS3,2025-09-01
61708,LEGAL,LEG_NOT,2025-09-01
65428,SETTLED,SETTLED,2025-09-01
25073,INSOLVENCY,INS3,2025-09-01
63285,PAYING,PAY PROP,2025-09-01
40856,TRACE,GONEAWAY,2025-09-01
13356,SETTLED,SETTLED,2025-09-01
86543,LEGAL,LEG VERIF 2,2025-09-01
96035,SETTLED,SETTLED,2025-09-01
32687,OTHER,ARCHIVED,2025-09-01
62836,TRACE,GONEAWAY,2025-09-01
43403,INSOLVENCY,INS3,2025-09-01
82324,LEGAL,LEG VERIF 1,2025-09-01
23780,SETTLED,SETTLED,2025-09-01
83051,TRACE,GONEAWAY,2025-09-01
92829,TRACE,GONEAWAY,2025-09-01
85466,PAYING,PAY PROP,2025-09-01
66158,PAYING,PAY CURR,2025-09-01
30943,LEGAL,LEG_NOT,2025-09-01
52055,INSOLVENCY,INS3,2025-09-01
11336,SETTLED,SETTLED,2025-09-01
66787,COLLECTIONS,PAY OVER,2025-09-01
92255,LEGAL,LEG VERIF 1,2025-09-01
77513,LEGAL,LEG_NOT,2025-09-01
42371,PAYING,PAY PROP,2025-09-01
10180,TRACE,GONEAWAY,2025-09-01
94193,TRACE,GONEAWAY,2025-09-01
33376,COLLECTIONS,TELSOLUTIONS1,2025-09-01
47532,LEGAL,LEG_NOT,2025-09-01
44289,OTHER,ARCHIVED,2025-09-01
17346,OTHER,ARCHIVED,2025-09-01
36459,INSOLVENCY,INS2,2025-09-01
57819,COLLECTIONS,CANCEL4,2025-09-01
40987,SETTLED,SETTLED,2025-09-01
26066,INSOLVENCY,INS4,2025-09-01
63368,COLLECTIONS,PRIME_D,2025-09-01
31463,OTHER,ARCHIVED,2025-09-01
69833,SETTLED,SETTLED,2025-09-01
62595,LEGAL,LEG_NOT,2025-09-01
73634,LEGAL,LEG VERIF 2,2025-09-01
82487,LEGAL,LEG VERIF 2,2025-09-01
34002,PAYING,PAY PROP,2025-09-01
86494,PAYING,PAY CURR,2025-09-01
46369,TRACE,GONEAWAY,2025-09-01
30817,TRACE,GONEAWAY,2025-09-01
54765,INSOLVENCY,INS1,2025-09-01
42747,INSOLVENCY,INS1,2025-09-01
54885,OTHER,ARCHIVED,2025-09-01
17948,TRACE,GONEAWAY,2025-09-01
79212,INSOLVENCY,INSP,2025-09-01
54549,OTHER,ARCHIVED,2025-09-01
47801,SETTLED,SETTLED,2025-09-01
73332,OTHER,ARCHIVED,2025-09-01
89946,TRACE,GONEAWAY,2025-09-01
33687,SETTLED,SETTLED,2025-09-01
41979,SETTLED,SETTLED,2025-09-01
15680,LEGAL,LEG_NOT,2025-09-01
55558,SETTLED,SETTLED,2025-09-01
30746,INSOLVENCY,INS2,2025-09-01
89082,INSOLVENCY,INS3,2025-09-01
37744,COLLECTIONS,CANCEL2,2025-09-01
46588,OTHER,ARCHIVED,2025-09-01
14184,SETTLED,SETTLED,2025-09-01
91173,PAYING,PAY CURR,2025-09-01
74228,LEGAL,LEG VERIF 1,2025-09-01
86347,TRACE,GONEAWAY,2025-09-01
16198,PAYING,PAY CURR,2025-09-01
97989,INSOLVENCY,INSP,2025-09-01
13484,LEGAL,LEG VERIF 2,2025-09-01
81469,TRACE,GONEAWAY,2025-09-01
48606,LEGAL,HOLD FO,2025-09-01
57791,INSOLVENCY,INS1,2025-09-01
89637,TRACE,GONEAWAY,2025-09-01
58064,OTHER,ARCHIVED,2025-09-01
55030,TRACE,GONEAWAY,2025-09-01
87921,INSOLVENCY,INS1,2025-09-01
83785,TRACE,GONEAWAY,2025-09-01
57726,PAYING,PAY CURR,2025-09-01
90540,PAYING,PAY PROP,2025-09-01
54123,PAYING,PAY CURR,2025-09-01
10585,COLLECTIONS,PAY OVER,2025-09-01
84118,COLLECTIONS,PRIME_D,2025-09-01
73980,OTHER,ARCHIVED,2025-09-01
77356,COLLECTIONS,TELSOLUTIONS1,2025-09-01
59502,OTHER,ARCHIVED,2025-09-01
27482,COLLECTIONS,PRIME,2025-09-01
71242,LEGAL,LEG VERIF 1,2025-09-01
25633,SETTLED,SETTLED,2025-09-01
77426,COLLECTIONS,PAY OVER,2025-09-01
51246,COLLECTIONS,PRIME,2025-09-01
17670,INSOLVENCY,INS4,2025-09-01
17232,INSOLVENCY,INS2,2025-09-01
52436,INSOLVENCY,INS2,2025-09-01
10869,LEGAL,LEG VERIF 2,2025-09-01
37798,COLLECTIONS,TELSOLUTIONS4,2025-09-01
93890,SETTLED,SETTLED,2025-09-01
17993,COLLECTIONS,CANCEL4,2025-09-01
77013,INSOLVENCY,INS4,2025-09-01
26742,COLLECTIONS,PRIME_D,2025-09-01
42252,PAYING,PAY CURR,2025-09-01
79279,TRACE,GONEAWAY,2025-09-01
32552,LEGAL,HOLD FO,2025-09-01
72838,INSOLVENCY,INS1,2025-09-01
67396,COLLECTIONS,CASSIST2,2025-09-01
59639,LEGAL,LEG_TIT,2025-09-01
97730,OTHER,ARCHIVED,2025-09-01
36313,INSOLVENCY,INS3,2025-09-01
88333,OTHER,ARCHIVED,2025-09-01
81675,OTHER,ARCHIVED,2025-09-01
34650,INSOLVENCY,INS4,2025-09-01
26232,OTHER,ARCHIVED,2025-09-01
98849,COLLECTIONS,TELSOLUTIONS1,2025-09-01
88213,LEGAL,LEG_NOT,2025-09-01
40733,SETTLED,SETTLED,2025-09-01
59791,SETTLED,SETTLED,2025-09-01
34177,INSOLVENCY,INS2,2025-09-01
85043,LEGAL,LEG VERIF 1,2025-09-01
10388,OTHER,ARCHIVED,2025-09-01
26096,OTHER,ARCHIVED,2025-09-01
77535,INSOLVENCY,INS4,2025-09-01
86650,TRACE,GONEAWAY,2025-09-01
47862,INSOLVENCY,INS4,2025-09-01
85869,SETTLED,SETTLED,2025-09-01
77524,LEGAL,HOLD FO,2025-09-01
19949,INSOLVENCY,INS3,2025-09-01
22385,PAYING,PAY CURR,2025-09-01
56539,SETTLED,SETTLED,2025-09-01
24762,INSOLVENCY,INS3,2025-09-01
99999,LEGAL,LEG_NOT,2025-09-01
26686,TRACE,GONEAWAY,2025-10-01
48388,PAYING,PAY PROP,2025-10-01
81634,PAYING,PAY PROP,2025-10-01
39776,PAYING,PAY CURR,2025-10-01
70437,SETTLED,SETTLED,2025-10-01
25635,SETTLED,SETTLED,2025-10-01
72278,COLLECTIONS,CASSIST2,2025-10-01
43314,COLLECTIONS,PRIME,2025-10-01
77262,PAYING,PAY PROP,2025-10-01
68484,SETTLED,SETTLED,2025-10-01
54341,OTHER,ARCHIVED,2025-10-01
25733,SETTLED,SETTLED,2025-10-01
83776,LEGAL,LEG VERIF 1,2025-10-01
10506,OTHER,ARCHIVED,2025-10-01
54275,PAYING,PAY PROP,2025-10-01
78353,TRACE,GONEAWAY,2025-10-01
91558,INSOLVENCY,INS4,2025-10-01
85922,PAYING,PAY CURR,2025-10-01
44476,INSOLVENCY,INS1,2025-10-01
15757,SETTLED,SETTLED,2025-10-01
55044,LEGAL,HOLD FO,2025-10-01
26918,COLLECTIONS,TELSOLUTIONS1,2025-10-01
11916,COLLECTIONS,PAY OVER,2025-10-01
91710,LEGAL,LEG_TIT,2025-10-01
15004,PAYING,PAY CURR,2025-10-01
40659,LEGAL,LEG_TIT,2025-10-01
98254,OTHER,ARCHIVED,2025-10-01
43882,OTHER,ARCHIVED,2025-10-01
54718,PAYING,PAY CURR,2025-10-01
61582,INSOLVENCY,INSP,2025-10-01
60011,PAYING,PAY PROP,2025-10-01
94400,LEGAL,LEG VERIF 1,2025-10-01
92221,SETTLED,SETTLED,2025-10-01
46992,LEGAL,LEG VERIF 1,2025-10-01
91142,SETTLED,SETTLED,2025-10-01
46155,INSOLVENCY,INS2,2025-10-01
88654,OTHER,ARCHIVED,2025-10-01
19372,COLLECTIONS,PAY OVER,2025-10-01
58984,PAYING,PAY CURR,2025-10-01
49823,OTHER,ARCHIVED,2025-10-01
54296,INSOLVENCY,INS1,2025-10-01
44286,INSOLVENCY,INS1,2025-10-01
11449,COLLECTIONS,CASSIST2,2025-10-01
33347,OTHER,ARCHIVED,2025-10-01
19523,TRACE,GONEAWAY,2025-10-01
44502,LEGAL,LEG VERIF 2,2025-10-01
89313,COLLECTIONS,TELSOLUTIONS1,2025-10-01
19675,SETTLED,SETTLED,2025-10-01
83943,TRACE,GONEAWAY,2025-10-01
68861,INSOLVENCY,INS1,2025-10-01
53017,PAYING,PAY PROP,2025-10-01
55992,INSOLVENCY,INSP,2025-10-01
53016,PAYING,PAY CURR,2025-10-01
10474,PAYING,PAY PROP,2025-10-01
95274,LEGAL,HOLD FO,2025-10-01
47933,LEGAL,LEG_NOT,2025-10-01
19099,COLLECTIONS,PRIME,2025-10-01
39629,TRACE,GONEAWAY,2025-10-01
28442,PAYING,PAY CURR,2025-10-01
95324,PAYING,PAY PROP,2025-10-01
98172,SETTLED,SETTLED,2025-10-01
27789,COLLECTIONS,PRIME_D,2025-10-01
59344,SETTLED,SETTLED,2025-10-01
31233,COLLECTIONS,PAY OVER,2025-10-01
42494,COLLECTIONS,CASSIST2,2025-10-01
93257,LEGAL,LEG VERIF 1,2025-10-01
28382,TRACE,GONEAWAY,2025-10-01
91658,COLLECTIONS,TELSOLUTIONS1,2025-10-01
69791,COLLECTIONS,PRIME,2025-10-01
41546,INSOLVENCY,INS2,2025-10-01
65559,COLLECTIONS,CANCEL4,2025-10-01
13787,TRACE,GONEAWAY,2025-10-01
83652,SETTLED,SETTLED,2025-10-01
71125,PAYING,PAY PROP,2025-10-01
35227,TRACE,GONEAWAY,2025-10-01
17413,SETTLED,SETTLED,2025-10-01
38921,COLLECTIONS,TELSOLUTIONS4,2025-10-01
95230,INSOLVENCY,INSP,2025-10-01
13861,SETTLED,SETTLED,2025-10-01
21707,OTHER,ARCHIVED,2025-10-01
13206,TRACE,GONEAWAY,2025-10-01
15248,LEGAL,LEG VERIF 2,2025-10-01
95291,INSOLVENCY,INS4,2025-10-01
84640,INSOLVENCY,INS4,2025-10-01
95157,OTHER,ARCHIVED,2025-10-01
79792,SETTLED,SETTLED,2025-10-01
98794,PAYING,PAY CURR,2025-10-01
90869,LEGAL,LEG_TIT,2025-10-01
39313,LEGAL,LEG VERIF 2,2025-10-01
21453,TRACE,GONEAWAY,2025-10-01
60001,INSOLVENCY,INS4,2025-10-01
77917,PAYING,PAY PROP,2025-10-01
63848,LEGAL,LEG_TIT,2025-10-01
55047,INSOLVENCY,INS2,2025-10-01
58434,TRACE,GONEAWAY,2025-10-01
99694,OTHER,ARCHIVED,2025-10-01
77521,SETTLED,SETTLED,2025-10-01
42247,PAYING,PAY PROP,2025-10-01
50973,OTHER,ARCHIVED,2025-10-01
91099,INSOLVENCY,INSP,2025-10-01
61934,COLLECTIONS,CANCEL2,2025-10-01
16077,TRACE,GONEAWAY,2025-10-01
46986,INSOLVENCY,INSP,2025-10-01
57074,SETTLED,SETTLED,2025-10-01
66138,TRACE,GONEAWAY,2025-10-01
13883,PAYING,PAY PROP,2025-10-01
62345,SETTLED,SETTLED,2025-10-01
94956,SETTLED,SETTLED,2025-10-01
29836,COLLECTIONS,TELSOLUTIONS4,2025-10-01
13057,SETTLED,SETTLED,2025-10-01
18486,LEGAL,LEG VERIF 1,2025-10-01
13664,PAYING,PAY CURR,2025-10-01
63538,COLLECTIONS,PRIME,2025-10-01
34223,LEGAL,LEG VERIF 2,2025-10-01
39966,SETTLED,SETTLED,2025-10-01
46662,LEGAL,HOLD FO,2025-10-01
14671,INSOLVENCY,INS4,2025-10-01
32998,LEGAL,HOLD FO,2025-10-01
91678,SETTLED,SETTLED,2025-10-01
94751,PAYING,PAY PROP,2025-10-01
39643,LEGAL,HOLD FO,2025-10-01
97918,INSOLVENCY,INS1,2025-10-01
33057,OTHER,ARCHIVED,2025-10-01
14567,OTHER,ARCHIVED,2025-10-01
25726,OTHER,ARCHIVED,2025-10-01
74670,SETTLED,SETTLED,2025-10-01
11254,PAYING,PAY PROP,2025-10-01
18838,INSOLVENCY,INS4,2025-10-01
93774,COLLECTIONS,CASSIST2,2025-10-01
64136,COLLECTIONS,PRIME_D,2025-10-01
70219,LEGAL,LEG_NOT,2025-10-01
45153,SETTLED,SETTLED,2025-10-01
85441,COLLECTIONS,CASSIST2,2025-10-01
21489,LEGAL,LEG VERIF 2,2025-10-01
94714,INSOLVENCY,INS3,2025-10-01
72340,PAYING,PAY PROP,2025-10-01
59940,COLLECTIONS,TELSOLUTIONS1,2025-10-01
66216,PAYING,PAY PROP,2025-10-01
60840,COLLECTIONS,TELSOLUTIONS4,2025-10-01
75723,SETTLED,SETTLED,2025-10-01
40540,TRACE,GONEAWAY,2025-10-01
52087,PAYING,PAY CURR,2025-10-01
73732,SETTLED,SETTLED,2025-10-01
47543,PAYING,PAY CURR,2025-10-01
13989,OTHER,ARCHIVED,2025-10-01
86013,COLLECTIONS,PRIME,2025-10-01
21698,INSOLVENCY,INS2,2025-10-01
57417,SETTLED,SETTLED,2025-10-01
23382,OTHER,ARCHIVED,2025-10-01
46494,SETTLED,SETTLED,2025-10-01
70629,OTHER,ARCHIVED,2025-10-01
93496,OTHER,ARCHIVED,2025-10-01
86086,TRACE,GONEAWAY,2025-10-01
17821,PAYING,PAY CURR,2025-10-01
27543,COLLECTIONS,TELSOLUTIONS1,2025-10-01
89176,SETTLED,SETTLED,2025-10-01
13124,SETTLED,SETTLED,2025-10-01
22367,COLLECTIONS,PRIME_D,2025-10-01
74428,SETTLED,SETTLED,2025-10-01
47450,OTHER,ARCHIVED,2025-10-01
68126,OTHER,ARCHIVED,2025-10-01
37988,SETTLED,SETTLED,2025-10-01
97661,LEGAL,LEG VERIF 1,2025-10-01
87813,LEGAL,LEG VERIF 2,2025-10-01
78078,TRACE,GONEAWAY,2025-10-01
47103,COLLECTIONS,PAY OVER,2025-10-01
37628,OTHER,ARCHIVED,2025-10-01
31658,OTHER,ARCHIVED,2025-10-01
88060,LEGAL,LEG_TIT,2025-10-01
25000,OTHER,ARCHIVED,2025-10-01
31172,TRACE,GONEAWAY,2025-10-01
64246,COLLECTIONS,CANCEL4,2025-10-01
91435,SETTLED,SETTLED,2025-10-01
21415,SETTLED,SETTLED,2025-10-01
52697,SETTLED,SETTLED,2025-10-01
75042,SETTLED,SETTLED,2025-10-01
84256,COLLECTIONS,TELSOLUTIONS4,2025-10-01
20507,LEGAL,HOLD FO,2025-10-01
34108,SETTLED,SETTLED,2025-10-01
45495,TRACE,GONEAWAY,2025-10-01
22047,SETTLED,SETTLED,2025-10-01
91712,COLLECTIONS,TELSOLUTIONS4,2025-10-01
77145,OTHER,ARCHIVED,2025-10-01
57663,LEGAL,HOLD FO,2025-10-01
30496,INSOLVENCY,INS1,2025-10-01
99755,INSOLVENCY,INS3,2025-10-01
67443,COLLECTIONS,PAY OVER,2025-10-01
39175,COLLECTIONS,CASSIST2,2025-10-01
52219,OTHER,ARCHIVED,2025-10-01
77395,TRACE,GONEAWAY,2025-10-01
91001,PAYING,PAY PROP,2025-10-01
47857,PAYING,PAY PROP,2025-10-01
82789,OTHER,ARCHIVED,2025-10-01
67303,PAYING,PAY CURR,2025-10-01
31527,TRACE,GONEAWAY,2025-10-01
67701,COLLECTIONS,TELSOLUTIONS4,2025-10-01
27800,LEGAL,LEG_NOT,2025-10-01
71914,SETTLED,SETTLED,2025-10-01
93809,INSOLVENCY,INS3,2025-10-01
55200,TRACE,GONEAWAY,2025-10-01
27620,TRACE,GONEAWAY,2025-10-01
43108,INSOLVENCY,INSP,2025-10-01
79521,INSOLVENCY,INS4,2025-10-01
59505,PAYING,PAY PROP,2025-10-01
32832,INSOLVENCY,INSP,2025-10-01
45539,INSOLVENCY,INSP,2025-10-01
64713,SETTLED,SETTLED,2025-10-01
35504,LEGAL,LEG VERIF 2,2025-10-01
24815,INSOLVENCY,INSP,2025-10-01
19986,TRACE,GONEAWAY,2025-10-01
85173,LEGAL,LEG_TIT,2025-10-01
66463,LEGAL,LEG_TIT,2025-10-01
92889,SETTLED,SETTLED,2025-10-01
97280,OTHER,ARCHIVED,2025-10-01
40198,OTHER,ARCHIVED,2025-10-01
71048,TRACE,GONEAWAY,2025-10-01
96772,TRACE,GONEAWAY,2025-10-01
62106,SETTLED,SETTLED,2025-10-01
38899,SETTLED,SETTLED,2025-10-01
56961,COLLECTIONS,TELSOLUTIONS1,2025-10-01
89612,OTHER,ARCHIVED,2025-10-01
52609,TRACE,GONEAWAY,2025-10-01
78528,COLLECTIONS,PRIME,2025-10-01
88706,LEGAL,HOLD FO,2025-10-01
28504,OTHER,ARCHIVED,2025-10-01
11356,COLLECTIONS,TELSOLUTIONS4,2025-10-01
47808,SETTLED,SETTLED,2025-10-01
14961,COLLECTIONS,PRIME_D,2025-10-01
76500,LEGAL,HOLD FO,2025-10-01
66106,PAYING,PAY PROP,2025-10-01
64070,LEGAL,LEG VERIF 1,2025-10-01
24213,PAYING,PAY PROP,2025-10-01
36291,INSOLVENCY,INS2,2025-10-01
34629,INSOLVENCY,INS2,2025-10-01
41740,SETTLED,SETTLED,2025-10-01
84211,INSOLVENCY,INS3,2025-10-01
61279,OTHER,ARCHIVED,2025-10-01
82526,SETTLED,SETTLED,2025-10-01
81029,TRACE,GONEAWAY,2025-10-01
16402,TRACE,GONEAWAY,2025-10-01
17880,COLLECTIONS,CANCEL2,2025-10-01
87432,OTHER,ARCHIVED,2025-10-01
55886,SETTLED,SETTLED,2025-10-01
61550,TRACE,GONEAWAY,2025-10-01
62692,PAYING,PAY PROP,2025-10-01
51596,OTHER,ARCHIVED,2025-10-01
94706,COLLECTIONS,PRIME_D,2025-10-01
58892,LEGAL,LEG VERIF 2,2025-10-01
45393,INSOLVENCY,INS3,2025-10-01
74699,TRACE,GONEAWAY,2025-10-01
65864,PAYING,PAY CURR,2025-10-01
74894,LEGAL,HOLD FO,2025-10-01
90467,TRACE,GONEAWAY,2025-10-01
86693,INSOLVENCY,INSP,2025-10-01
67504,TRACE,GONEAWAY,2025-10-01
32252,TRACE,GONEAWAY,2025-10-01
16628,INSOLVENCY,INS4,2025-10-01
31903,COLLECTIONS,TELSOLUTIONS1,2025-10-01
20233,SETTLED,SETTLED,2025-10-01
27223,COLLECTIONS,TELSOLUTIONS1,2025-10-01
49999,OTHER,ARCHIVED,2025-10-01
52137,COLLECTIONS,CANCEL2,2025-10-01
83620,SETTLED,SETTLED,2025-10-01
49171,PAYING,PAY PROP,2025-10-01
60663,INSOLVENCY,INS2,2025-10-01
46545,TRACE,GONEAWAY,2025-10-01
48786,SETTLED,SETTLED,2025-10-01
94638,COLLECTIONS,PRIME,2025-10-01
98298,SETTLED,SETTLED,2025-10-01
86556,TRACE,GONEAWAY,2025-10-01
90725,OTHER,ARCHIVED,2025-10-01
14117,COLLECTIONS,PRIME_D,2025-10-01
63099,SETTLED,SETTLED,2025-10-01
82095,OTHER,ARCHIVED,2025-10-01
84455,OTHER,ARCHIVED,2025-10-01
73556,SETTLED,SETTLED,2025-10-01
53131,LEGAL,HOLD FO,2025-10-01
23982,PAYING,PAY CURR,2025-10-01
48880,TRACE,GONEAWAY,2025-10-01
82007,COLLECTIONS,PRIME_D,2025-10-01
14006,INSOLVENCY,INS3,2025-10-01
26168,COLLECTIONS,PRIME,2025-10-01
33783,PAYING,PAY PROP,2025-10-01
35401,OTHER,ARCHIVED,2025-10-01
26696,PAYING,PAY CURR,2025-10-01
20307,COLLECTIONS,CASSIST2,2025-10-01
80451,LEGAL,LEG_NOT,2025-10-01
85241,TRACE,GONEAWAY,2025-10-01
95997,COLLECTIONS,CANCEL2,2025-10-01
94928,OTHER,ARCHIVED,2025-10-01
29210,PAYING,PAY CURR,2025-10-01
58244,TRACE,GONEAWAY,2025-10-01
70180,OTHER,ARCHIVED,2025-10-01
78633,LEGAL,LEG_TIT,2025-10-01
86015,LEGAL,LEG_TIT,2025-10-01
91402,LEGAL,LEG_NOT,2025-10-01
59399,COLLECTIONS,PRIME,2025-10-01
31933,SETTLED,SETTLED,2025-10-01
45548,SETTLED,SETTLED,2025-10-01
27497,TRACE,GONEAWAY,2025-10-01
86646,INSOLVENCY,INS3,2025-10-01
21399,TRACE,GONEAWAY,2025-10-01
95599,LEGAL,LEG VERIF 1,2025-10-01
37781,INSOLVENCY,INS1,2025-10-01
26514,PAYING,PAY CURR,2025-10-01
11352,COLLECTIONS,PRIME_D,2025-10-01
44060,LEGAL,LEG_NOT,2025-10-01
29623,SETTLED,SETTLED,2025-10-01
19413,COLLECTIONS,PAY OVER,2025-10-01
95232,COLLECTIONS,CANCEL2,2025-10-01
38621,SETTLED,SETTLED,2025-10-01
92669,PAYING,PAY PROP,2025-10-01
13416,INSOLVENCY,INSP,2025-10-01
32283,PAYING,PAY CURR,2025-10-01
88716,COLLECTIONS,CASSIST2,2025-10-01
84845,PAYING,PAY CURR,2025-10-01
47984,COLLECTIONS,TELSOLUTIONS4,2025-10-01
82269,PAYING,PAY PROP,2025-10-01
60048,PAYING,PAY CURR,2025-10-01
65773,COLLECTIONS,PRIME,2025-10-01
29600,OTHER,ARCHIVED,2025-10-01
80893,INSOLVENCY,INS3,2025-10-01
34083,PAYING,PAY CURR,2025-10-01
51089,LEGAL,HOLD FO,2025-10-01
74104,INSOLVENCY,INS3,2025-10-01
35861,PAYING,PAY PROP,2025-10-01
69313,PAYING,PAY CURR,2025-10-01
72758,COLLECTIONS,PRIME,2025-10-01
78987,PAYING,PAY PROP,2025-10-01
95948,COLLECTIONS,PRIME_D,2025-10-01
97132,LEGAL,LEG_TIT,2025-10-01
82735,OTHER,ARCHIVED,2025-10-01
87394,SETTLED,SETTLED,2025-10-01
62377,INSOLVENCY,INS1,2025-10-01
66755,SETTLED,SETTLED,2025-10-01
68436,SETTLED,SETTLED,2025-10-01
45571,PAYING,PAY CURR,2025-10-01
91331,INSOLVENCY,INS3,2025-10-01
85557,LEGAL,LEG_TIT,2025-10-01
12247,PAYING,PAY PROP,2025-10-01
29593,TRACE,GONEAWAY,2025-10-01
48354,OTHER,ARCHIVED,2025-10-01
30531,TRACE,GONEAWAY,2025-10-01
58120,SETTLED,SETTLED,2025-10-01
67687,TRACE,GONEAWAY,2025-10-01
98909,INSOLVENCY,INS1,2025-10-01
20457,COLLECTIONS,PRIME_D,2025-10-01
91537,INSOLVENCY,INS3,2025-10-01
37924,LEGAL,HOLD FO,2025-10-01
39116,OTHER,ARCHIVED,2025-10-01
90213,COLLECTIONS,PRIME_D,2025-10-01
40079,INSOLVENCY,INS3,2025-10-01
63223,TRACE,GONEAWAY,2025-10-01
89178,COLLECTIONS,PAY OVER,2025-10-01
60199,INSOLVENCY,INS1,2025-10-01
65156,INSOLVENCY,INS3,2025-10-01
58473,PAYING,PAY CURR,2025-10-01
35919,TRACE,GONEAWAY,2025-10-01
19086,INSOLVENCY,INSP,2025-10-01
51216,LEGAL,LEG_TIT,2025-10-01
17320,PAYING,PAY PROP,2025-10-01
94606,COLLECTIONS,CANCEL2,2025-10-01
87459,INSOLVENCY,INS4,2025-10-01
52017,SETTLED,SETTLED,2025-10-01
16913,TRACE,GONEAWAY,2025-10-01
96425,COLLECTIONS,TELSOLUTIONS4,2025-10-01
39453,SETTLED,SETTLED,2025-10-01
62495,COLLECTIONS,CANCEL4,2025-10-01
78416,PAYING,PAY PROP,2025-10-01
21418,SETTLED,SETTLED,2025-10-01
50515,LEGAL,LEG VERIF 1,2025-10-01
60947,INSOLVENCY,INS3,2025-10-01
36810,PAYING,PAY PROP,2025-10-01
61708,LEGAL,LEG_NOT,2025-10-01
65428,SETTLED,SETTLED,2025-10-01
25073,INSOLVENCY,INS3,2025-10-01
63285,PAYING,PAY PROP,2025-10-01
40856,PAYING,PAY CURR,2025-10-01
13356,SETTLED,SETTLED,2025-10-01
86543,LEGAL,LEG VERIF 2,2025-10-01
96035,SETTLED,SETTLED,2025-10-01
32687,PAYING,PAY CURR,2025-10-01
62836,OTHER,ARCHIVED,2025-10-01
43403,LEGAL,LEG_TIT,2025-10-01
82324,LEGAL,LEG VERIF 2,2025-10-01
23780,PAYING,PAY CURR,2025-10-01
83051,TRACE,GONEAWAY,2025-10-01
92829,TRACE,GONEAWAY,2025-10-01
85466,SETTLED,SETTLED,2025-10-01
66158,OTHER,ARCHIVED,2025-10-01
30943,LEGAL,LEG_TIT,2025-10-01
52055,INSOLVENCY,INS3,2025-10-01
11336,SETTLED,SETTLED,2025-10-01
66787,COLLECTIONS,PAY OVER,2025-10-01
92255,LEGAL,LEG VERIF 1,2025-10-01
77513,TRACE,GONEAWAY,2025-10-01
42371,INSOLVENCY,INS2,2025-10-01
10180,TRACE,GONEAWAY,2025-10-01
94193,TRACE,GONEAWAY,2025-10-01
33376,COLLECTIONS,TELSOLUTIONS1,2025-10-01
47532,PAYING,PAY PROP,2025-10-01
44289,LEGAL,LEG VERIF 1,2025-10-01
17346,COLLECTIONS,PRIME_D,2025-10-01
36459,INSOLVENCY,INS2,2025-10-01
57819,SETTLED,SETTLED,2025-10-01
40987,INSOLVENCY,INS3,2025-10-01
26066,PAYING,PAY PROP,2025-10-01
63368,SETTLED,SETTLED,2025-10-01
31463,OTHER,ARCHIVED,2025-10-01
69833,SETTLED,SETTLED,2025-10-01
62595,INSOLVENCY,INS4,2025-10-01
73634,INSOLVENCY,INS2,2025-10-01
82487,LEGAL,LEG VERIF 2,2025-10-01
34002,PAYING,PAY PROP,2025-10-01
86494,PAYING,PAY CURR,2025-10-01
46369,TRACE,GONEAWAY,2025-10-01
30817,LEGAL,LEG_TIT,2025-10-01
54765,SETTLED,SETTLED,2025-10-01
42747,TRACE,GONEAWAY,2025-10-01
54885,SETTLED,SETTLED,2025-10-01
17948,TRACE,GONEAWAY,2025-10-01
79212,INSOLVENCY,INSP,2025-10-01
54549,TRACE,GONEAWAY,2025-10-01
47801,SETTLED,SETTLED,2025-10-01
73332,OTHER,ARCHIVED,2025-10-01
89946,INSOLVENCY,INSP,2025-10-01
33687,INSOLVENCY,INS4,2025-10-01
41979,COLLECTIONS,CASSIST2,2025-10-01
15680,LEGAL,LEG_NOT,2025-10-01
55558,TRACE,GONEAWAY,2025-10-01
30746,INSOLVENCY,INS2,2025-10-01
89082,INSOLVENCY,INS3,2025-10-01
37744,COLLECTIONS,CANCEL2,2025-10-01
46588,OTHER,ARCHIVED,2025-10-01
14184,SETTLED,SETTLED,2025-10-01
91173,PAYING,PAY CURR,2025-10-01
74228,LEGAL,LEG VERIF 1,2025-10-01
86347,COLLECTIONS,PRIME_D,2025-10-01
16198,INSOLVENCY,INSP,2025-10-01
97989,LEGAL,HOLD FO,2025-10-01
13484,LEGAL,LEG VERIF 2,2025-10-01
81469,LEGAL,LEG_NOT,2025-10-01
48606,TRACE,GONEAWAY,2025-10-01
57791,INSOLVENCY,INS1,2025-10-01
89637,TRACE,GONEAWAY,2025-10-01
58064,TRACE,GONEAWAY,2025-10-01
55030,TRACE,GONEAWAY,2025-10-01
87921,LEGAL,LEG_TIT,2025-10-01
83785,TRACE,GONEAWAY,2025-10-01
57726,PAYING,PAY CURR,2025-10-01
90540,PAYING,PAY PROP,2025-10-01
54123,PAYING,PAY CURR,2025-10-01
10585,PAYING,PAY PROP,2025-10-01
84118,COLLECTIONS,PRIME_D,2025-10-01
73980,OTHER,ARCHIVED,2025-10-01
77356,INSOLVENCY,INS2,2025-10-01
59502,OTHER,ARCHIVED,2025-10-01
27482,LEGAL,LEG_NOT,2025-10-01
71242,PAYING,PAY PROP,2025-10-01
25633,SETTLED,SETTLED,2025-10-01
77426,LEGAL,LEG_NOT,2025-10-01
51246,COLLECTIONS,PRIME,2025-10-01
17670,INSOLVENCY,INS4,2025-10-01
17232,INSOLVENCY,INS2,2025-10-01
52436,INSOLVENCY,INS2,2025-10-01
10869,COLLECTIONS,TELSOLUTIONS4,2025-10-01
37798,COLLECTIONS,TELSOLUTIONS4,2025-10-01
93890,COLLECTIONS,PRIME,2025-10-01
17993,COLLECTIONS,TELSOLUTIONS1,2025-10-01
77013,INSOLVENCY,INS4,2025-10-01
26742,COLLECTIONS,PRIME_D,2025-10-01
42252,COLLECTIONS,TELSOLUTIONS4,2025-10-01
79279,TRACE,GONEAWAY,2025-10-01
32552,LEGAL,HOLD FO,2025-10-01
72838,OTHER,ARCHIVED,2025-10-01
67396,SETTLED,SETTLED,2025-10-01
59639,PAYING,PAY PROP,2025-10-01
97730,OTHER,ARCHIVED,2025-10-01
36313,INSOLVENCY,INS3,2025-10-01
88333,OTHER,ARCHIVED,2025-10-01
81675,OTHER,ARCHIVED,2025-10-01
34650,INSOLVENCY,INS4,2025-10-01
26232,COLLECTIONS,PRIME_D,2025-10-01
98849,COLLECTIONS,TELSOLUTIONS1,2025-10-01
88213,LEGAL,LEG_NOT,2025-10-01
40733,INSOLVENCY,INS4,2025-10-01
59791,INSOLVENCY,INS4,2025-10-01
34177,INSOLVENCY,INS1,2025-10-01
85043,LEGAL,LEG VERIF 1,2025-10-01
10388,OTHER,ARCHIVED,2025-10-01
26096,OTHER,ARCHIVED,2025-10-01
77535,TRACE,GONEAWAY,2025-10-01
86650,TRACE,GONEAWAY,2025-10-01
47862,LEGAL,LEG_NOT,2025-10-01
85869,PAYING,PAY PROP,2025-10-01
77524,LEGAL,HOLD FO,2025-10-01
19949,INSOLVENCY,INS3,2025-10-01
22385,PAYING,PAY PROP,2025-10-01
56539,SETTLED,SETTLED,2025-10-01
24762,INSOLVENCY,INS3,2025-10-01
99999,LEGAL,LEG_NOT,2025-10-01
26686,TRACE,GONEAWAY,2025-11-01
48388,PAYING,PAY PROP,2025-11-01
81634,PAYING,PAY PROP,2025-11-01
39776,PAYING,PAY CURR,2025-11-01
70437,SETTLED,SETTLED,2025-11-01
25635,SETTLED,SETTLED,2025-11-01
72278,TRACE,GONEAWAY,2025-11-01
43314,COLLECTIONS,PRIME,2025-11-01
77262,PAYING,PAY PROP,2025-11-01
68484,SETTLED,SETTLED,2025-11-01
54341,SETTLED,SETTLED,2025-11-01
25733,SETTLED,SETTLED,2025-11-01
83776,OTHER,ARCHIVED,2025-11-01
10506,TRACE,GONEAWAY,2025-11-01
54275,PAYING,PAY PROP,2025-11-01
78353,TRACE,GONEAWAY,2025-11-01
91558,INSOLVENCY,INS4,2025-11-01
85922,PAYING,PAY CURR,2025-11-01
44476,INSOLVENCY,INS1,2025-11-01
15757,SETTLED,SETTLED,2025-11-01
55044,OTHER,ARCHIVED,2025-11-01
26918,LEGAL,HOLD FO,2025-11-01
11916,SETTLED,SETTLED,2025-11-01
91710,LEGAL,LEG_TIT,2025-11-01
15004,SETTLED,SETTLED,2025-11-01
40659,INSOLVENCY,INS4,2025-11-01
98254,OTHER,ARCHIVED,2025-11-01
43882,COLLECTIONS,CASSIST2,2025-11-01
54718,PAYING,PAY CURR,2025-11-01
61582,INSOLVENCY,INSP,2025-11-01
60011,PAYING,PAY PROP,2025-11-01
94400,LEGAL,LEG VERIF 1,2025-11-01
92221,OTHER,ARCHIVED,2025-11-01
46992,LEGAL,LEG VERIF 1,2025-11-01
91142,SETTLED,SETTLED,2025-11-01
46155,INSOLVENCY,INS2,2025-11-01
88654,OTHER,ARCHIVED,2025-11-01
19372,OTHER,ARCHIVED,2025-11-01
58984,PAYING,PAY CURR,2025-11-01
49823,OTHER,ARCHIVED,2025-11-01
54296,TRACE,GONEAWAY,2025-11-01
44286,INSOLVENCY,INS1,2025-11-01
11449,OTHER,ARCHIVED,2025-11-01
33347,OTHER,ARCHIVED,2025-11-01
19523,COLLECTIONS,CANCEL4,2025-11-01
44502,COLLECTIONS,CANCEL4,2025-11-01
89313,COLLECTIONS,TELSOLUTIONS1,2025-11-01
19675,SETTLED,SETTLED,2025-11-01
83943,PAYING,PAY CURR,2025-11-01
68861,INSOLVENCY,INS1,2025-11-01
53017,PAYING,PAY PROP,2025-11-01
55992,PAYING,PAY PROP,2025-11-01
53016,PAYING,PAY CURR,2025-11-01
10474,PAYING,PAY PROP,2025-11-01
95274,LEGAL,HOLD FO,2025-11-01
47933,COLLECTIONS,CANCEL4,2025-11-01
19099,LEGAL,LEG_TIT,2025-11-01
39629,TRACE,GONEAWAY,2025-11-01
28442,PAYING,PAY CURR,2025-11-01
95324,LEGAL,LEG_NOT,2025-11-01
98172,PAYING,PAY PROP,2025-11-01
27789,COLLECTIONS,PRIME_D,2025-11-01
59344,SETTLED,SETTLED,2025-11-01
31233,PAYING,PAY CURR,2025-11-01
42494,COLLECTIONS,PRIME,2025-11-01
93257,LEGAL,LEG VERIF 1,2025-11-01
28382,TRACE,GONEAWAY,2025-11-01
91658,COLLECTIONS,TELSOLUTIONS1,2025-11-01
69791,COLLECTIONS,PRIME,2025-11-01
41546,INSOLVENCY,INS2,2025-11-01
65559,COLLECTIONS,CANCEL4,2025-11-01
13787,TRACE,GONEAWAY,2025-11-01
83652,SETTLED,SETTLED,2025-11-01
71125,PAYING,PAY PROP,2025-11-01
35227,COLLECTIONS,CANCEL4,2025-11-01
17413,SETTLED,SETTLED,2025-11-01
38921,COLLECTIONS,TELSOLUTIONS4,2025-11-01
95230,INSOLVENCY,INSP,2025-11-01
13861,SETTLED,SETTLED,2025-11-01
21707,SETTLED,SETTLED,2025-11-01
13206,TRACE,GONEAWAY,2025-11-01
15248,PAYING,PAY PROP,2025-11-01
95291,LEGAL,LEG VERIF 1,2025-11-01
84640,PAYING,PAY PROP,2025-11-01
95157,OTHER,ARCHIVED,2025-11-01
79792,SETTLED,SETTLED,2025-11-01
98794,TRACE,GONEAWAY,2025-11-01
90869,TRACE,GONEAWAY,2025-11-01
39313,LEGAL,LEG VERIF 2,2025-11-01
21453,LEGAL,LEG VERIF 2,2025-11-01
60001,INSOLVENCY,INS4,2025-11-01
77917,PAYING,PAY PROP,2025-11-01
63848,PAYING,PAY CURR,2025-11-01
55047,LEGAL,LEG VERIF 1,2025-11-01
58434,TRACE,GONEAWAY,2025-11-01
99694,OTHER,ARCHIVED,2025-11-01
77521,SETTLED,SETTLED,2025-11-01
42247,PAYING,PAY PROP,2025-11-01
50973,TRACE,GONEAWAY,2025-11-01
91099,INSOLVENCY,INSP,2025-11-01
61934,COLLECTIONS,CANCEL2,2025-11-01
16077,LEGAL,LEG VERIF 2,2025-11-01
46986,INSOLVENCY,INSP,2025-11-01
57074,SETTLED,SETTLED,2025-11-01
66138,TRACE,GONEAWAY,2025-11-01
13883,PAYING,PAY PROP,2025-11-01
62345,SETTLED,SETTLED,2025-11-01
94956,SETTLED,SETTLED,2025-11-01
29836,COLLECTIONS,TELSOLUTIONS4,2025-11-01
13057,INSOLVENCY,INS2,2025-11-01
18486,LEGAL,LEG VERIF 1,2025-11-01
13664,LEGAL,LEG VERIF 1,2025-11-01
63538,SETTLED,SETTLED,2025-11-01
34223,LEGAL,LEG VERIF 2,2025-11-01
39966,SETTLED,SETTLED,2025-11-01
46662,LEGAL,HOLD FO,2025-11-01
14671,INSOLVENCY,INS4,2025-11-01
32998,TRACE,GONEAWAY,2025-11-01
91678,OTHER,ARCHIVED,2025-11-01
94751,PAYING,PAY PROP,2025-11-01
39643,LEGAL,HOLD FO,2025-11-01
97918,OTHER,ARCHIVED,2025-11-01
33057,PAYING,PAY PROP,2025-11-01
14567,OTHER,ARCHIVED,2025-11-01
25726,OTHER,ARCHIVED,2025-11-01
74670,SETTLED,SETTLED,2025-11-01
11254,PAYING,PAY PROP,2025-11-01
18838,INSOLVENCY,INS4,2025-11-01
93774,COLLECTIONS,CASSIST2,2025-11-01
64136,COLLECTIONS,PRIME_D,2025-11-01
70219,INSOLVENCY,INS3,2025-11-01
45153,SETTLED,SETTLED,2025-11-01
85441,COLLECTIONS,CASSIST2,2025-11-01
21489,LEGAL,LEG VERIF 2,2025-11-01
94714,COLLECTIONS,PRIME_D,2025-11-01
72340,PAYING,PAY PROP,2025-11-01
59940,COLLECTIONS,TELSOLUTIONS1,2025-11-01
66216,PAYING,PAY CURR,2025-11-01
60840,COLLECTIONS,TELSOLUTIONS4,2025-11-01
75723,SETTLED,SETTLED,2025-11-01
40540,TRACE,GONEAWAY,2025-11-01
52087,PAYING,PAY PROP,2025-11-01
73732,LEGAL,LEG VERIF 1,2025-11-01
47543,PAYING,PAY CURR,2025-11-01
13989,OTHER,ARCHIVED,2025-11-01
86013,COLLECTIONS,PRIME,2025-11-01
21698,INSOLVENCY,INS2,2025-11-01
57417,SETTLED,SETTLED,2025-11-01
23382,OTHER,ARCHIVED,2025-11-01
46494,SETTLED,SETTLED,2025-11-01
70629,INSOLVENCY,INS3,2025-11-01
93496,COLLECTIONS,CASSIST2,2025-11-01
86086,SETTLED,SETTLED,2025-11-01
17821,PAYING,PAY CURR,2025-11-01
27543,COLLECTIONS,TELSOLUTIONS1,2025-11-01
89176,COLLECTIONS,CANCEL4,2025-11-01
13124,SETTLED,SETTLED,2025-11-01
22367,COLLECTIONS,PRIME_D,2025-11-01
74428,PAYING,PAY CURR,2025-11-01
47450,OTHER,ARCHIVED,2025-11-01
68126,INSOLVENCY,INS1,2025-11-01
37988,SETTLED,SETTLED,2025-11-01
97661,LEGAL,LEG_TIT,2025-11-01
87813,LEGAL,LEG VERIF 2,2025-11-01
78078,TRACE,GONEAWAY,2025-11-01
47103,COLLECTIONS,PAY OVER,2025-11-01
37628,OTHER,ARCHIVED,2025-11-01
31658,OTHER,ARCHIVED,2025-11-01
88060,COLLECTIONS,PAY OVER,2025-11-01
25000,OTHER,ARCHIVED,2025-11-01
31172,TRACE,GONEAWAY,2025-11-01
64246,LEGAL,LEG_NOT,2025-11-01
91435,LEGAL,HOLD FO,2025-11-01
21415,COLLECTIONS,CASSIST2,2025-11-01
52697,OTHER,ARCHIVED,2025-11-01
75042,SETTLED,SETTLED,2025-11-01
84256,OTHER,ARCHIVED,2025-11-01
20507,LEGAL,HOLD FO,2025-11-01
34108,SETTLED,SETTLED,2025-11-01
45495,TRACE,GONEAWAY,2025-11-01
22047,LEGAL,HOLD FO,2025-11-01
91712,OTHER,ARCHIVED,2025-11-01
77145,OTHER,ARCHIVED,2025-11-01
57663,LEGAL,LEG_TIT,2025-11-01
30496,OTHER,ARCHIVED,2025-11-01
99755,INSOLVENCY,INS3,2025-11-01
67443,LEGAL,LEG_TIT,2025-11-01
39175,COLLECTIONS,CASSIST2,2025-11-01
52219,OTHER,ARCHIVED,2025-11-01
77395,TRACE,GONEAWAY,2025-11-01
91001,INSOLVENCY,INS1,2025-11-01
47857,PAYING,PAY PROP,2025-11-01
82789,OTHER,ARCHIVED,2025-11-01
67303,PAYING,PAY CURR,2025-11-01
31527,SETTLED,SETTLED,2025-11-01
67701,OTHER,ARCHIVED,2025-11-01
27800,PAYING,PAY CURR,2025-11-01
71914,TRACE,GONEAWAY,2025-11-01
93809,INSOLVENCY,INS3,2025-11-01
55200,TRACE,GONEAWAY,2025-11-01
27620,OTHER,ARCHIVED,2025-11-01
43108,INSOLVENCY,INSP,2025-11-01
79521,INSOLVENCY,INS4,2025-11-01
59505,PAYING,PAY PROP,2025-11-01
32832,INSOLVENCY,INSP,2025-11-01
45539,LEGAL,HOLD FO,2025-11-01
64713,COLLECTIONS,CANCEL4,2025-11-01
35504,LEGAL,LEG VERIF 2,2025-11-01
24815,INSOLVENCY,INSP,2025-11-01
19986,LEGAL,LEG_NOT,2025-11-01
85173,SETTLED,SETTLED,2025-11-01
66463,LEGAL,HOLD FO,2025-11-01
92889,LEGAL,LEG_NOT,2025-11-01
97280,INSOLVENCY,INS4,2025-11-01
40198,COLLECTIONS,CANCEL4,2025-11-01
71048,TRACE,GONEAWAY,2025-11-01
96772,OTHER,ARCHIVED,2025-11-01
62106,PAYING,PAY PROP,2025-11-01
38899,SETTLED,SETTLED,2025-11-01
56961,COLLECTIONS,TELSOLUTIONS1,2025-11-01
89612,OTHER,ARCHIVED,2025-11-01
52609,PAYING,PAY PROP,2025-11-01
78528,COLLECTIONS,PRIME,2025-11-01
88706,LEGAL,HOLD FO,2025-11-01
28504,TRACE,GONEAWAY,2025-11-01
11356,TRACE,GONEAWAY,2025-11-01
47808,SETTLED,SETTLED,2025-11-01
14961,SETTLED,SETTLED,2025-11-01
76500,PAYING,PAY CURR,2025-11-01
66106,PAYING,PAY CURR,2025-11-01
64070,LEGAL,LEG VERIF 1,2025-11-01
24213,OTHER,ARCHIVED,2025-11-01
36291,INSOLVENCY,INS3,2025-11-01
34629,INSOLVENCY,INS2,2025-11-01
41740,SETTLED,SETTLED,2025-11-01
84211,PAYING,PAY CURR,2025-11-01
61279,SETTLED,SETTLED,2025-11-01
82526,SETTLED,SETTLED,2025-11-01
81029,TRACE,GONEAWAY,2025-11-01
16402,TRACE,GONEAWAY,2025-11-01
17880,COLLECTIONS,CANCEL2,2025-11-01
87432,OTHER,ARCHIVED,2025-11-01
55886,PAYING,PAY CURR,2025-11-01
61550,INSOLVENCY,INS3,2025-11-01
62692,PAYING,PAY PROP,2025-11-01
51596,LEGAL,LEG_NOT,2025-11-01
94706,INSOLVENCY,INS2,2025-11-01
58892,TRACE,GONEAWAY,2025-11-01
45393,INSOLVENCY,INS2,2025-11-01
74699,TRACE,GONEAWAY,2025-11-01
65864,SETTLED,SETTLED,2025-11-01
74894,LEGAL,LEG VERIF 1,2025-11-01
90467,COLLECTIONS,TELSOLUTIONS1,2025-11-01
86693,OTHER,ARCHIVED,2025-11-01
67504,PAYING,PAY CURR,2025-11-01
32252,TRACE,GONEAWAY,2025-11-01
16628,INSOLVENCY,INS4,2025-11-01
31903,OTHER,ARCHIVED,2025-11-01
20233,PAYING,PAY CURR,2025-11-01
27223,PAYING,PAY PROP,2025-11-01
49999,OTHER,ARCHIVED,2025-11-01
52137,COLLECTIONS,CANCEL2,2025-11-01
83620,PAYING,PAY PROP,2025-11-01
49171,COLLECTIONS,PAY OVER,2025-11-01
60663,INSOLVENCY,INS2,2025-11-01
46545,TRACE,GONEAWAY,2025-11-01
48786,PAYING,PAY CURR,2025-11-01
94638,COLLECTIONS,PRIME,2025-11-01
98298,SETTLED,SETTLED,2025-11-01
86556,SETTLED,SETTLED,2025-11-01
90725,OTHER,ARCHIVED,2025-11-01
14117,COLLECTIONS,PRIME_D,2025-11-01
63099,SETTLED,SETTLED,2025-11-01
82095,OTHER,ARCHIVED,2025-11-01
84455,TRACE,GONEAWAY,2025-11-01
73556,SETTLED,SETTLED,2025-11-01
53131,INSOLVENCY,INS1,2025-11-01
23982,SETTLED,SETTLED,2025-11-01
48880,PAYING,PAY PROP,2025-11-01
82007,COLLECTIONS,PRIME_D,2025-11-01
14006,TRACE,GONEAWAY,2025-11-01
26168,PAYING,PAY CURR,2025-11-01
33783,PAYING,PAY PROP,2025-11-01
35401,OTHER,ARCHIVED,2025-11-01
26696,PAYING,PAY CURR,2025-11-01
20307,COLLECTIONS,CASSIST2,2025-11-01
80451,INSOLVENCY,INS4,2025-11-01
85241,OTHER,ARCHIVED,2025-11-01
95997,COLLECTIONS,CANCEL2,2025-11-01
94928,PAYING,PAY CURR,2025-11-01
29210,TRACE,GONEAWAY,2025-11-01
58244,INSOLVENCY,INS3,2025-11-01
70180,PAYING,PAY CURR,2025-11-01
78633,INSOLVENCY,INS3,2025-11-01
86015,LEGAL,LEG_TIT,2025-11-01
91402,SETTLED,SETTLED,2025-11-01
59399,TRACE,GONEAWAY,2025-11-01
31933,SETTLED,SETTLED,2025-11-01
45548,SETTLED,SETTLED,2025-11-01
27497,OTHER,ARCHIVED,2025-11-01
86646,SETTLED,SETTLED,2025-11-01
21399,TRACE,GONEAWAY,2025-11-01
95599,LEGAL,LEG VERIF 1,2025-11-01
37781,LEGAL,LEG VERIF 1,2025-11-01
26514,PAYING,PAY CURR,2025-11-01
11352,LEGAL,LEG_TIT,2025-11-01
44060,OTHER,ARCHIVED,2025-11-01
29623,SETTLED,SETTLED,2025-11-01
19413,PAYING,PAY CURR,2025-11-01
95232,LEGAL,LEG VERIF 2,2025-11-01
38621,SETTLED,SETTLED,2025-11-01
92669,PAYING,PAY PROP,2025-11-01
13416,PAYING,PAY CURR,2025-11-01
32283,SETTLED,SETTLED,2025-11-01
88716,COLLECTIONS,CASSIST2,2025-11-01
84845,PAYING,PAY CURR,2025-11-01
47984,COLLECTIONS,TELSOLUTIONS4,2025-11-01
82269,LEGAL,LEG VERIF 2,2025-11-01
60048,TRACE,GONEAWAY,2025-11-01
65773,OTHER,ARCHIVED,2025-11-01
29600,OTHER,ARCHIVED,2025-11-01
80893,INSOLVENCY,INS2,2025-11-01
34083,PAYING,PAY CURR,2025-11-01
51089,COLLECTIONS,CANCEL4,2025-11-01
74104,INSOLVENCY,INS3,2025-11-01
35861,SETTLED,SETTLED,2025-11-01
69313,INSOLVENCY,INS4,2025-11-01
72758,PAYING,PAY CURR,2025-11-01
78987,TRACE,GONEAWAY,2025-11-01
95948,SETTLED,SETTLED,2025-11-01
97132,LEGAL,LEG_TIT,2025-11-01
82735,OTHER,ARCHIVED,2025-11-01
87394,COLLECTIONS,PAY OVER,2025-11-01
62377,PAYING,PAY CURR,2025-11-01
66755,SETTLED,SETTLED,2025-11-01
68436,SETTLED,SETTLED,2025-11-01
45571,PAYING,PAY CURR,2025-11-01
91331,INSOLVENCY,INS3,2025-11-01
85557,LEGAL,LEG_TIT,2025-11-01
12247,PAYING,PAY PROP,2025-11-01
29593,INSOLVENCY,INSP,2025-11-01
48354,INSOLVENCY,INSP,2025-11-01
30531,TRACE,GONEAWAY,2025-11-01
58120,SETTLED,SETTLED,2025-11-01
67687,TRACE,GONEAWAY,2025-11-01
98909,INSOLVENCY,INS1,2025-11-01
20457,PAYING,PAY PROP,2025-11-01
91537,INSOLVENCY,INS3,2025-11-01
37924,LEGAL,HOLD FO,2025-11-01
39116,OTHER,ARCHIVED,2025-11-01
90213,COLLECTIONS,PRIME_D,2025-11-01
40079,INSOLVENCY,INS3,2025-11-01
63223,TRACE,GONEAWAY,2025-11-01
89178,COLLECTIONS,PAY OVER,2025-11-01
60199,INSOLVENCY,INS1,2025-11-01
65156,INSOLVENCY,INS3,2025-11-01
58473,TRACE,GONEAWAY,2025-11-01
35919,COLLECTIONS,PRIME,2025-11-01
19086,SETTLED,SETTLED,2025-11-01
51216,LEGAL,LEG_TIT,2025-11-01
17320,COLLECTIONS,CASSIST2,2025-11-01
94606,COLLECTIONS,CANCEL2,2025-11-01
87459,INSOLVENCY,INS4,2025-11-01
52017,SETTLED,SETTLED,2025-11-01
16913,TRACE,GONEAWAY,2025-11-01
96425,COLLECTIONS,TELSOLUTIONS4,2025-11-01
39453,SETTLED,SETTLED,2025-11-01
62495,COLLECTIONS,CANCEL4,2025-11-01
78416,PAYING,PAY PROP,2025-11-01
21418,INSOLVENCY,INS1,2025-11-01
50515,LEGAL,LEG VERIF 1,2025-11-01
60947,INSOLVENCY,INS3,2025-11-01
36810,SETTLED,SETTLED,2025-11-01
61708,SETTLED,SETTLED,2025-11-01
65428,SETTLED,SETTLED,2025-11-01
25073,LEGAL,LEG VERIF 2,2025-11-01
63285,OTHER,ARCHIVED,2025-11-01
40856,PAYING,PAY CURR,2025-11-01
13356,TRACE,GONEAWAY,2025-11-01
86543,LEGAL,LEG VERIF 2,2025-11-01
96035,SETTLED,SETTLED,2025-11-01
32687,PAYING,PAY CURR,2025-11-01
62836,OTHER,ARCHIVED,2025-11-01
43403,LEGAL,LEG_TIT,2025-11-01
82324,LEGAL,LEG VERIF 2,2025-11-01
23780,PAYING,PAY CURR,2025-11-01
83051,TRACE,GONEAWAY,2025-11-01
92829,OTHER,ARCHIVED,2025-11-01
85466,OTHER,ARCHIVED,2025-11-01
66158,OTHER,ARCHIVED,2025-11-01
30943,INSOLVENCY,INS3,2025-11-01
52055,INSOLVENCY,INS3,2025-11-01
11336,LEGAL,HOLD FO,2025-11-01
66787,COLLECTIONS,PAY OVER,2025-11-01
92255,LEGAL,LEG VERIF 1,2025-11-01
77513,COLLECTIONS,CASSIST2,2025-11-01
42371,INSOLVENCY,INS2,2025-11-01
10180,PAYING,PAY CURR,2025-11-01
94193,OTHER,ARCHIVED,2025-11-01
33376,COLLECTIONS,PAY OVER,2025-11-01
47532,PAYING,PAY PROP,2025-11-01
44289,LEGAL,LEG VERIF 1,2025-11-01
17346,COLLECTIONS,CANCEL4,2025-11-01
36459,INSOLVENCY,INS2,2025-11-01
57819,INSOLVENCY,INS1,2025-11-01
40987,INSOLVENCY,INS3,2025-11-01
26066,INSOLVENCY,INSP,2025-11-01
63368,SETTLED,SETTLED,2025-11-01
31463,OTHER,ARCHIVED,2025-11-01
69833,COLLECTIONS,CANCEL2,2025-11-01
62595,INSOLVENCY,INS4,2025-11-01
73634,INSOLVENCY,INS2,2025-11-01
82487,LEGAL,LEG VERIF 2,2025-11-01
34002,COLLECTIONS,CANCEL4,2025-11-01
86494,PAYING,PAY CURR,2025-11-01
46369,TRACE,GONEAWAY,2025-11-01
30817,LEGAL,LEG_TIT,2025-11-01
54765,INSOLVENCY,INSP,2025-11-01
42747,TRACE,GONEAWAY,2025-11-01
54885,SETTLED,SETTLED,2025-11-01
17948,TRACE,GONEAWAY,2025-11-01
79212,SETTLED,SETTLED,2025-11-01
54549,INSOLVENCY,INSP,2025-11-01
47801,INSOLVENCY,INSP,2025-11-01
73332,OTHER,ARCHIVED,2025-11-01
89946,INSOLVENCY,INSP,2025-11-01
33687,INSOLVENCY,INS4,2025-11-01
41979,COLLECTIONS,CASSIST2,2025-11-01
15680,LEGAL,LEG_NOT,2025-11-01
55558,TRACE,GONEAWAY,2025-11-01
30746,INSOLVENCY,INS3,2025-11-01
89082,INSOLVENCY,INS3,2025-11-01
37744,COLLECTIONS,CANCEL2,2025-11-01
46588,OTHER,ARCHIVED,2025-11-01
14184,SETTLED,SETTLED,2025-11-01
91173,PAYING,PAY CURR,2025-11-01
74228,LEGAL,LEG VERIF 1,2025-11-01
86347,LEGAL,HOLD FO,2025-11-01
16198,INSOLVENCY,INSP,2025-11-01
97989,LEGAL,HOLD FO,2025-11-01
13484,PAYING,PAY CURR,2025-11-01
81469,LEGAL,LEG_NOT,2025-11-01
48606,TRACE,GONEAWAY,2025-11-01
57791,PAYING,PAY PROP,2025-11-01
89637,TRACE,GONEAWAY,2025-11-01
58064,TRACE,GONEAWAY,2025-11-01
55030,TRACE,GONEAWAY,2025-11-01
87921,SETTLED,SETTLED,2025-11-01
83785,TRACE,GONEAWAY,2025-11-01
57726,OTHER,ARCHIVED,2025-11-01
90540,LEGAL,LEG_TIT,2025-11-01
54123,PAYING,PAY CURR,2025-11-01
10585,PAYING,PAY PROP,2025-11-01
84118,PAYING,PAY PROP,2025-11-01
73980,COLLECTIONS,CANCEL4,2025-11-01
77356,COLLECTIONS,PRIME_D,2025-11-01
59502,OTHER,ARCHIVED,2025-11-01
27482,LEGAL,LEG_NOT,2025-11-01
71242,PAYING,PAY PROP,2025-11-01
25633,SETTLED,SETTLED,2025-11-01
77426,LEGAL,LEG_NOT,2025-11-01
51246,COLLECTIONS,PRIME,2025-11-01
17670,INSOLVENCY,INS4,2025-11-01
17232,INSOLVENCY,INS2,2025-11-01
52436,TRACE,GONEAWAY,2025-11-01
10869,SETTLED,SETTLED,2025-11-01
37798,PAYING,PAY PROP,2025-11-01
93890,COLLECTIONS,PAY OVER,2025-11-01
17993,COLLECTIONS,CASSIST2,2025-11-01
77013,INSOLVENCY,INS4,2025-11-01
26742,SETTLED,SETTLED,2025-11-01
42252,COLLECTIONS,TELSOLUTIONS4,2025-11-01
79279,TRACE,GONEAWAY,2025-11-01
32552,LEGAL,HOLD FO,2025-11-01
72838,OTHER,ARCHIVED,2025-11-01
67396,COLLECTIONS,CASSIST2,2025-11-01
59639,PAYING,PAY PROP,2025-11-01
97730,LEGAL,HOLD FO,2025-11-01
36313,OTHER,ARCHIVED,2025-11-01
88333,LEGAL,LEG VERIF 2,2025-11-01
81675,OTHER,ARCHIVED,2025-11-01
34650,INSOLVENCY,INS4,2025-11-01
26232,COLLECTIONS,PRIME_D,2025-11-01
98849,COLLECTIONS,TELSOLUTIONS1,2025-11-01
88213,LEGAL,LEG_NOT,2025-11-01
40733,INSOLVENCY,INS4,2025-11-01
59791,INSOLVENCY,INS4,2025-11-01
34177,INSOLVENCY,INS4,2025-11-01
85043,LEGAL,LEG VERIF 1,2025-11-01
10388,TRACE,GONEAWAY,2025-11-01
26096,OTHER,ARCHIVED,2025-11-01
77535,TRACE,GONEAWAY,2025-11-01
86650,COLLECTIONS,CASSIST2,2025-11-01
47862,LEGAL,LEG_NOT,2025-11-01
85869,PAYING,PAY PROP,2025-11-01
77524,LEGAL,HOLD FO,2025-11-01
19949,PAYING,PAY CURR,2025-11-01
22385,INSOLVENCY,INS1,2025-11-01
56539,TRACE,GONEAWAY,2025-11-01
24762,INSOLVENCY,INS3,2025-11-01
99999,LEGAL,LEG_NOT,2025-11-01
